sut,cell,arm,rep,gen,cum_own_hv
qwen,2,raw,1,0,0.4059140469666358
qwen,2,raw,1,1,0.41891487497646174
qwen,2,raw,1,2,0.4226954925257164
qwen,2,raw,1,3,0.44638212821684087
qwen,2,raw,1,4,0.4904695263764522
qwen,2,raw,1,5,0.4904210669947816
qwen,2,raw,1,6,0.5040578053251759
qwen,2,raw,1,7,0.5300726772876116
qwen,2,raw,1,8,0.5346400003443967
qwen,2,raw,1,9,0.5366912881085824
qwen,2,raw,1,10,0.537357485195896
qwen,2,raw,1,11,0.5924635617224662
qwen,2,raw,1,12,0.5956974801000532
qwen,2,raw,1,13,0.5978261466856833
qwen,2,raw,1,14,0.5975141824186744
qwen,2,raw,1,15,0.5975037746064298
qwen,2,raw,1,16,0.597752013811478
qwen,2,raw,1,17,0.5982781971718099
qwen,2,raw,1,18,0.6178128050791251
qwen,2,raw,1,19,0.6179553222011875
qwen,2,raw,1,20,0.6256522785972904
qwen,2,raw,1,21,0.6245870483709169
qwen,2,raw,1,22,0.6245870483709169
qwen,2,raw,1,23,0.6245870483709169
qwen,2,raw,1,24,0.6266379845929932
qwen,2,raw,1,25,0.6266379845929932
qwen,2,raw,1,26,0.6266379845929932
qwen,2,raw,1,27,0.626818818552
qwen,2,raw,1,28,0.6259593665599822
qwen,2,raw,1,29,0.6269933164298712
qwen,2,raw,1,30,0.6266622620301918
qwen,2,raw,1,31,0.6266559879701057
qwen,2,raw,1,32,0.6279806132699632
qwen,2,raw,1,33,0.6279806132699632
qwen,2,raw,1,34,0.6283116676696426
qwen,2,raw,1,35,0.6283116676696426
qwen,2,raw,1,36,0.6283116676696426
qwen,2,raw,1,37,0.6320551221703623
qwen,2,raw,1,38,0.6324053904763212
qwen,2,raw,1,39,0.6357757659914256
qwen,2,raw,1,40,0.6353023139474627
qwen,2,raw,1,41,0.6353023139474627
qwen,2,raw,1,42,0.6353023139474627
qwen,2,raw,1,43,0.6353023139474627
qwen,2,raw,1,44,0.6427357544949104
qwen,2,raw,1,45,0.6427357544949104
qwen,2,raw,1,46,0.6427357544949104
qwen,2,raw,1,47,0.6427357544949104
qwen,2,raw,1,48,0.6424603957134681
qwen,2,raw,1,49,0.6431956794168855
qwen,26,raw,1,0,0.21969133212759684
qwen,26,raw,1,1,0.21784149982907747
qwen,26,raw,1,2,0.21784078243661212
qwen,26,raw,1,3,0.2311455227837369
qwen,26,raw,1,4,0.23664594385717008
qwen,26,raw,1,5,0.23664594385717008
qwen,26,raw,1,6,0.2366101015526969
qwen,26,raw,1,7,0.2739831824023444
qwen,26,raw,1,8,0.28914110836861007
qwen,26,raw,1,9,0.28914110836861007
qwen,26,raw,1,10,0.29110864930235225
qwen,26,raw,1,11,0.29400219842120334
qwen,26,raw,1,12,0.2940182995957297
qwen,26,raw,1,13,0.2940182995957297
qwen,26,raw,1,14,0.33682183617049155
qwen,26,raw,1,15,0.3381409810201542
qwen,26,raw,1,16,0.38605791442208104
qwen,26,raw,1,17,0.3990574869307669
qwen,26,raw,1,18,0.3990574869307669
qwen,26,raw,1,19,0.3990574869307669
qwen,26,raw,1,20,0.3990574869307669
qwen,26,raw,1,21,0.3990574869307669
qwen,26,raw,1,22,0.3989403949485526
qwen,26,raw,1,23,0.3989403949485526
qwen,26,raw,1,24,0.3989403949485526
qwen,26,raw,1,25,0.3989403949485526
qwen,26,raw,1,26,0.42329372201595944
qwen,26,raw,1,27,0.42329372201595944
qwen,26,raw,1,28,0.42569728880315216
qwen,26,raw,1,29,0.42569728880315216
qwen,26,raw,1,30,0.42569647823368106
qwen,26,raw,1,31,0.44769720576546934
qwen,26,raw,1,32,0.4485428287639275
qwen,26,raw,1,33,0.447573570249317
qwen,26,raw,1,34,0.4482251169445279
qwen,26,raw,1,35,0.4482251169445279
qwen,26,raw,1,36,0.455090036263337
qwen,26,raw,1,37,0.455090036263337
qwen,26,raw,1,38,0.5036223490495939
qwen,26,raw,1,39,0.5034316074293297
qwen,26,raw,1,40,0.5034316074293297
qwen,26,raw,1,41,0.5134134104212482
qwen,26,raw,1,42,0.5134134104212482
qwen,26,raw,1,43,0.5134134104212482
qwen,26,raw,1,44,0.5134134104212482
qwen,26,raw,1,45,0.5134134104212482
qwen,26,raw,1,46,0.5176681223305853
qwen,26,raw,1,47,0.5176681223305853
qwen,26,raw,1,48,0.5176681223305853
qwen,26,raw,1,49,0.5176681223305853
qwen,28,raw,1,0,0.9977335285496067
qwen,28,raw,1,1,0.9977335285496067
qwen,28,raw,1,2,0.9995694189100295
qwen,28,raw,1,3,0.9995889564355215
qwen,28,raw,1,4,0.9995889564355215
qwen,28,raw,1,5,0.9995889564355215
qwen,28,raw,1,6,0.9995889564355215
qwen,28,raw,1,7,0.9997079968452455
qwen,28,raw,1,8,0.9997079968452455
qwen,28,raw,1,9,0.9997079968452455
qwen,28,raw,1,10,0.9997079968452455
qwen,28,raw,1,11,0.9997079968452455
qwen,28,raw,1,12,0.9997079968452455
qwen,28,raw,1,13,0.9997079968452455
qwen,28,raw,1,14,0.9997079968452455
qwen,28,raw,1,15,0.9997104296276161
qwen,28,raw,1,16,0.9997104296276161
qwen,28,raw,1,17,0.9997104296276161
qwen,28,raw,1,18,0.9997104296276161
qwen,28,raw,1,19,0.9997104296276161
qwen,28,raw,1,20,0.9997104296276161
qwen,28,raw,1,21,0.9997104296276161
qwen,28,raw,1,22,0.9997104296276161
qwen,28,raw,1,23,0.9997104296276161
qwen,28,raw,1,24,0.9998647759000101
qwen,28,raw,1,25,0.9998647759000101
qwen,28,raw,1,26,0.9998647759000101
qwen,28,raw,1,27,0.9998647759000101
qwen,28,raw,1,28,0.9998647759000101
qwen,28,raw,1,29,0.9998647759000101
qwen,28,raw,1,30,0.9998647759000101
qwen,28,raw,1,31,0.9998647759000101
qwen,28,raw,1,32,0.9998647759000101
qwen,28,raw,1,33,0.9998647759000101
qwen,28,raw,1,34,0.9998647759000101
qwen,28,raw,1,35,0.9998647759000101
qwen,28,raw,1,36,0.9998647759000101
qwen,28,raw,1,37,0.9998647759000101
qwen,28,raw,1,38,0.9998647759000101
qwen,28,raw,1,39,0.9999799893962011
qwen,28,raw,1,40,0.9999799893962011
qwen,28,raw,1,41,0.9999799251377403
qwen,28,raw,1,42,0.9999799251377403
qwen,28,raw,1,43,0.999984343667646
qwen,28,raw,1,44,0.999984343667646
qwen,28,raw,1,45,0.999984343667646
qwen,28,raw,1,46,0.999984343667646
qwen,28,raw,1,47,0.999984343667646
qwen,28,raw,1,48,0.999984343667646
qwen,28,raw,1,49,0.999984343667646
qwen,96,raw,1,0,0.9137189785639445
qwen,96,raw,1,1,0.9490765271921874
qwen,96,raw,1,2,0.9525979785579937
qwen,96,raw,1,3,0.9523849661642383
qwen,96,raw,1,4,0.9909404349735447
qwen,96,raw,1,5,0.9909071484102091
qwen,96,raw,1,6,0.9912143432104541
qwen,96,raw,1,7,0.9912143432104541
qwen,96,raw,1,8,0.99761209830308
qwen,96,raw,1,9,0.99761209830308
qwen,96,raw,1,10,0.9978177244327128
qwen,96,raw,1,11,0.9978177244327128
qwen,96,raw,1,12,0.9978102582245476
qwen,96,raw,1,13,0.9978102582245476
qwen,96,raw,1,14,0.9977969030146543
qwen,96,raw,1,15,0.9978197497341472
qwen,96,raw,1,16,0.998433574072143
qwen,96,raw,1,17,0.998433574072143
qwen,96,raw,1,18,0.998431997022767
qwen,96,raw,1,19,0.998433460045866
qwen,96,raw,1,20,0.998433460045866
qwen,96,raw,1,21,0.998433460045866
qwen,96,raw,1,22,0.998433574072143
qwen,96,raw,1,23,0.998433574072143
qwen,96,raw,1,24,0.9989200799047397
qwen,96,raw,1,25,0.9989200799047397
qwen,96,raw,1,26,0.9989200799047397
qwen,96,raw,1,27,0.9989200799047397
qwen,96,raw,1,28,0.9989200799047397
qwen,96,raw,1,29,0.9989200799047397
qwen,96,raw,1,30,0.9989200799047397
qwen,96,raw,1,31,0.9989200799047397
qwen,96,raw,1,32,0.9989200799047397
qwen,96,raw,1,33,0.9989200799047397
qwen,96,raw,1,34,0.9989200799047397
qwen,96,raw,1,35,0.9989200799047397
qwen,96,raw,1,36,0.9989792048852592
qwen,96,raw,1,37,0.9989792048852592
qwen,96,raw,1,38,0.9989792048852592
qwen,96,raw,1,39,0.9989792048852592
qwen,96,raw,1,40,0.9989792048852592
qwen,96,raw,1,41,0.9989792048852592
qwen,96,raw,1,42,0.9989792048852592
qwen,96,raw,1,43,0.999119759705384
qwen,96,raw,1,44,0.999119759705384
qwen,96,raw,1,45,0.9991407999093982
qwen,96,raw,1,46,0.9991407999093982
qwen,96,raw,1,47,0.9991407999093982
qwen,96,raw,1,48,0.9991407999093982
qwen,96,raw,1,49,0.9991407999093982
qwen,196,raw,1,0,0.14329306781291962
qwen,196,raw,1,1,0.21889672428369528
qwen,196,raw,1,2,0.2504582096327532
qwen,196,raw,1,3,0.249528062504691
qwen,196,raw,1,4,0.24923773846021283
qwen,196,raw,1,5,0.24803839693287827
qwen,196,raw,1,6,0.2476877011246867
qwen,196,raw,1,7,0.24803839693287827
qwen,196,raw,1,8,0.24709410135362952
qwen,196,raw,1,9,0.24550408413549796
qwen,196,raw,1,10,0.2475265109905967
qwen,196,raw,1,11,0.2475265109905967
qwen,196,raw,1,12,0.2475128272721717
qwen,196,raw,1,13,0.25433618045068007
qwen,196,raw,1,14,0.25492035389483514
qwen,196,raw,1,15,0.25470883580478465
qwen,196,raw,1,16,0.25470883580478465
qwen,196,raw,1,17,0.25492035389483514
qwen,196,raw,1,18,0.26739013691743213
qwen,196,raw,1,19,0.26739013691743213
qwen,196,raw,1,20,0.27072904433484546
qwen,196,raw,1,21,0.28300929244037143
qwen,196,raw,1,22,0.28258472419268377
qwen,196,raw,1,23,0.28285449396472073
qwen,196,raw,1,24,0.2850716905752281
qwen,196,raw,1,25,0.28504448669316534
qwen,196,raw,1,26,0.28503952993152737
qwen,196,raw,1,27,0.28503952993152737
qwen,196,raw,1,28,0.28503952993152737
qwen,196,raw,1,29,0.28503952993152737
qwen,196,raw,1,30,0.32935228893483004
qwen,196,raw,1,31,0.330400808739501
qwen,196,raw,1,32,0.3470036464969854
qwen,196,raw,1,33,0.35762736506693
qwen,196,raw,1,34,0.3624794925632956
qwen,196,raw,1,35,0.36222494439454045
qwen,196,raw,1,36,0.36395216707487005
qwen,196,raw,1,37,0.36395216707487005
qwen,196,raw,1,38,0.36379420550333125
qwen,196,raw,1,39,0.36379420550333125
qwen,196,raw,1,40,0.37051924167049893
qwen,196,raw,1,41,0.37051924167049893
qwen,196,raw,1,42,0.3705142232905458
qwen,196,raw,1,43,0.3705142232905458
qwen,196,raw,1,44,0.3705142232905458
qwen,196,raw,1,45,0.3705142232905458
qwen,196,raw,1,46,0.3705142232905458
qwen,196,raw,1,47,0.3740644079182778
qwen,196,raw,1,48,0.37816202691993916
qwen,196,raw,1,49,0.37816202691993916
qwen,278,raw,1,0,0.864412502430412
qwen,278,raw,1,1,0.878815491994222
qwen,278,raw,1,2,0.8793236778986679
qwen,278,raw,1,3,0.8949846981914803
qwen,278,raw,1,4,0.89511084036015
qwen,278,raw,1,5,0.8960902958110605
qwen,278,raw,1,6,0.8960902958110605
qwen,278,raw,1,7,0.9301173766801104
qwen,278,raw,1,8,0.9325812511916072
qwen,278,raw,1,9,0.9326378042867959
qwen,278,raw,1,10,0.9353428195831209
qwen,278,raw,1,11,0.9360890565480727
qwen,278,raw,1,12,0.936814590659551
qwen,278,raw,1,13,0.9381053128443779
qwen,278,raw,1,14,0.9714762751539028
qwen,278,raw,1,15,0.9751438417809498
qwen,278,raw,1,16,0.9754052405100548
qwen,278,raw,1,17,0.9754052405100548
qwen,278,raw,1,18,0.9771336592961607
qwen,278,raw,1,19,0.9772851265847596
qwen,278,raw,1,20,0.9773190687837559
qwen,278,raw,1,21,0.9773190687837559
qwen,278,raw,1,22,0.978379431076272
qwen,278,raw,1,23,0.978379431076272
qwen,278,raw,1,24,0.980290175178339
qwen,278,raw,1,25,0.980290175178339
qwen,278,raw,1,26,0.980290175178339
qwen,278,raw,1,27,0.980290175178339
qwen,278,raw,1,28,0.980290175178339
qwen,278,raw,1,29,0.980290175178339
qwen,278,raw,1,30,0.980290175178339
qwen,278,raw,1,31,0.9808236761384657
qwen,278,raw,1,32,0.9808451442218764
qwen,278,raw,1,33,0.9808451442218764
qwen,278,raw,1,34,0.9815921585632724
qwen,278,raw,1,35,0.9818893926112413
qwen,278,raw,1,36,0.9818893926112413
qwen,278,raw,1,37,0.9818893926112413
qwen,278,raw,1,38,0.9819022075231073
qwen,278,raw,1,39,0.9819022075231073
qwen,278,raw,1,40,0.9819089373820388
qwen,278,raw,1,41,0.9819089373820388
qwen,278,raw,1,42,0.9819116151662547
qwen,278,raw,1,43,0.9819556223079454
qwen,278,raw,1,44,0.9819556223079454
qwen,278,raw,1,45,0.9819556223079454
qwen,278,raw,1,46,0.9819556223079454
qwen,278,raw,1,47,0.9819556223079454
qwen,278,raw,1,48,0.9819556223079454
qwen,278,raw,1,49,0.9819556223079454
qwen,454,raw,1,0,0.23759525517622626
qwen,454,raw,1,1,0.23759525517622626
qwen,454,raw,1,2,0.23759525517622626
qwen,454,raw,1,3,0.2464802463849386
qwen,454,raw,1,4,0.3028610249360403
qwen,454,raw,1,5,0.30391307132778456
qwen,454,raw,1,6,0.3210006766826491
qwen,454,raw,1,7,0.32112386183594954
qwen,454,raw,1,8,0.403571419494144
qwen,454,raw,1,9,0.4257720875828204
qwen,454,raw,1,10,0.45102349050826174
qwen,454,raw,1,11,0.45102349050826174
qwen,454,raw,1,12,0.4506068673658696
qwen,454,raw,1,13,0.4552253355040079
qwen,454,raw,1,14,0.45681230957801033
qwen,454,raw,1,15,0.45681230957801033
qwen,454,raw,1,16,0.46354758886957326
qwen,454,raw,1,17,0.46340399497401585
qwen,454,raw,1,18,0.46338374085461587
qwen,454,raw,1,19,0.46338374085461587
qwen,454,raw,1,20,0.46354008105766786
qwen,454,raw,1,21,0.47542695745198527
qwen,454,raw,1,22,0.5454070932730879
qwen,454,raw,1,23,0.5454070932730879
qwen,454,raw,1,24,0.5603600220841624
qwen,454,raw,1,25,0.5705642885824114
qwen,454,raw,1,26,0.5705642885824114
qwen,454,raw,1,27,0.5701952385922748
qwen,454,raw,1,28,0.5704421569700264
qwen,454,raw,1,29,0.5704421569700264
qwen,454,raw,1,30,0.5702739989086224
qwen,454,raw,1,31,0.5707886231060865
qwen,454,raw,1,32,0.5783215414677598
qwen,454,raw,1,33,0.5939820765499639
qwen,454,raw,1,34,0.5939820765499639
qwen,454,raw,1,35,0.593514288719468
qwen,454,raw,1,36,0.593514288719468
qwen,454,raw,1,37,0.593514288719468
qwen,454,raw,1,38,0.5932766359142612
qwen,454,raw,1,39,0.5932766359142612
qwen,454,raw,1,40,0.5932766359142612
qwen,454,raw,1,41,0.5958369368172344
qwen,454,raw,1,42,0.6219240497539205
qwen,454,raw,1,43,0.6219240497539205
qwen,454,raw,1,44,0.6220630612118389
qwen,454,raw,1,45,0.6220630612118389
qwen,454,raw,1,46,0.6220630612118389
qwen,454,raw,1,47,0.622063061211839
qwen,454,raw,1,48,0.622063061211839
qwen,454,raw,1,49,0.622063061211839
qwen,474,raw,1,0,0.980036954085032
qwen,474,raw,1,1,0.9971180806557336
qwen,474,raw,1,2,0.9977636679210218
qwen,474,raw,1,3,0.9977636679210218
qwen,474,raw,1,4,0.9977636679210218
qwen,474,raw,1,5,0.9979313823041656
qwen,474,raw,1,6,0.9990669701998551
qwen,474,raw,1,7,0.9990669701998551
qwen,474,raw,1,8,0.9990669701998551
qwen,474,raw,1,9,0.9990669701998551
qwen,474,raw,1,10,0.9990669701998551
qwen,474,raw,1,11,0.9990669701998551
qwen,474,raw,1,12,0.9990669701998551
qwen,474,raw,1,13,0.9990341514348984
qwen,474,raw,1,14,0.9990341514348984
qwen,474,raw,1,15,0.9990341514348984
qwen,474,raw,1,16,0.9990341514348984
qwen,474,raw,1,17,0.9997101041813623
qwen,474,raw,1,18,0.9997101041813623
qwen,474,raw,1,19,0.9997101041813623
qwen,474,raw,1,20,0.9997096029496979
qwen,474,raw,1,21,0.9997096029496979
qwen,474,raw,1,22,0.9997570551126618
qwen,474,raw,1,23,0.9997570551126618
qwen,474,raw,1,24,0.9997570551126618
qwen,474,raw,1,25,0.9997570551126618
qwen,474,raw,1,26,0.9997529586495257
qwen,474,raw,1,27,0.9997529586495257
qwen,474,raw,1,28,0.9997529586495257
qwen,474,raw,1,29,0.9997529586495257
qwen,474,raw,1,30,0.9997529586495257
qwen,474,raw,1,31,0.9997529586495257
qwen,474,raw,1,32,0.9997529586495257
qwen,474,raw,1,33,0.9997529586495257
qwen,474,raw,1,34,0.9997529586495257
qwen,474,raw,1,35,0.9997529586495257
qwen,474,raw,1,36,0.9997529586495257
qwen,474,raw,1,37,0.9997529586495257
qwen,474,raw,1,38,0.9997529586495257
qwen,474,raw,1,39,0.9997529586495257
qwen,474,raw,1,40,0.9997529586495257
qwen,474,raw,1,41,0.9997529586495257
qwen,474,raw,1,42,0.9999510662818796
qwen,474,raw,1,43,0.9999510662818796
qwen,474,raw,1,44,0.9999510662818796
qwen,474,raw,1,45,0.9999510662818796
qwen,474,raw,1,46,0.9999510662818796
qwen,474,raw,1,47,0.9999510662818796
qwen,474,raw,1,48,0.9999510662818796
qwen,474,raw,1,49,0.9999510662818796
qwen,2,raw,2,0,0.4463238939419165
qwen,2,raw,2,1,0.5099038559798006
qwen,2,raw,2,2,0.5033178248473473
qwen,2,raw,2,3,0.5288177258349038
qwen,2,raw,2,4,0.5582525355590358
qwen,2,raw,2,5,0.5957929309871461
qwen,2,raw,2,6,0.5984742507204279
qwen,2,raw,2,7,0.6051574132374458
qwen,2,raw,2,8,0.6029931261195793
qwen,2,raw,2,9,0.6136869235529199
qwen,2,raw,2,10,0.6141671195134029
qwen,2,raw,2,11,0.6227036090315999
qwen,2,raw,2,12,0.6227036090315999
qwen,2,raw,2,13,0.6350614545313087
qwen,2,raw,2,14,0.6446195771475811
qwen,2,raw,2,15,0.6420258262583443
qwen,2,raw,2,16,0.6421420505723437
qwen,2,raw,2,17,0.6701427112381022
qwen,2,raw,2,18,0.6718795738510184
qwen,2,raw,2,19,0.6760161752188886
qwen,2,raw,2,20,0.6772355018882781
qwen,2,raw,2,21,0.6772355018882781
qwen,2,raw,2,22,0.6762358109961759
qwen,2,raw,2,23,0.6762320416736174
qwen,2,raw,2,24,0.7314888852405118
qwen,2,raw,2,25,0.7319346365627942
qwen,2,raw,2,26,0.8395908380055929
qwen,2,raw,2,27,0.8440732367045886
qwen,2,raw,2,28,0.8479498340202881
qwen,2,raw,2,29,0.8499071411900334
qwen,2,raw,2,30,0.8499071411900334
qwen,2,raw,2,31,0.8494749438834261
qwen,2,raw,2,32,0.8494085582705947
qwen,2,raw,2,33,0.8494085582705947
qwen,2,raw,2,34,0.8519026181540331
qwen,2,raw,2,35,0.8596315289939845
qwen,2,raw,2,36,0.8597073435962379
qwen,2,raw,2,37,0.8590137642604094
qwen,2,raw,2,38,0.8597584686300775
qwen,2,raw,2,39,0.8611542593251477
qwen,2,raw,2,40,0.8611542593251477
qwen,2,raw,2,41,0.8607534297235735
qwen,2,raw,2,42,0.8608422266828405
qwen,2,raw,2,43,0.8610286012784139
qwen,2,raw,2,44,0.8610286012784139
qwen,2,raw,2,45,0.8608263473252992
qwen,2,raw,2,46,0.8608263473252992
qwen,2,raw,2,47,0.8608545158897434
qwen,2,raw,2,48,0.8608545158897434
qwen,2,raw,2,49,0.8608545158897434
qwen,26,raw,2,0,0.27475100554324483
qwen,26,raw,2,1,0.28154893953341975
qwen,26,raw,2,2,0.28154893953341975
qwen,26,raw,2,3,0.28154893953341975
qwen,26,raw,2,4,0.2899055765555786
qwen,26,raw,2,5,0.3147131691689606
qwen,26,raw,2,6,0.3172765570628392
qwen,26,raw,2,7,0.3172765570628392
qwen,26,raw,2,8,0.3172426497166579
qwen,26,raw,2,9,0.3164206521289126
qwen,26,raw,2,10,0.3164206521289126
qwen,26,raw,2,11,0.3288758741663741
qwen,26,raw,2,12,0.34399589072834624
qwen,26,raw,2,13,0.3439065170091194
qwen,26,raw,2,14,0.3438299233625243
qwen,26,raw,2,15,0.3453346326857716
qwen,26,raw,2,16,0.34974432770196384
qwen,26,raw,2,17,0.35300928181982616
qwen,26,raw,2,18,0.35300928181982616
qwen,26,raw,2,19,0.3900794121730435
qwen,26,raw,2,20,0.3900794121730435
qwen,26,raw,2,21,0.3898234082100628
qwen,26,raw,2,22,0.39036505450089054
qwen,26,raw,2,23,0.3929022575865637
qwen,26,raw,2,24,0.3927985343623448
qwen,26,raw,2,25,0.40807857149624605
qwen,26,raw,2,26,0.40807857149624605
qwen,26,raw,2,27,0.40801693367081
qwen,26,raw,2,28,0.4492703510879038
qwen,26,raw,2,29,0.4552176969053151
qwen,26,raw,2,30,0.4552176969053151
qwen,26,raw,2,31,0.4552176969053151
qwen,26,raw,2,32,0.45513514879050554
qwen,26,raw,2,33,0.4798199194777119
qwen,26,raw,2,34,0.4798199194777119
qwen,26,raw,2,35,0.47911332332873124
qwen,26,raw,2,36,0.47894981060479136
qwen,26,raw,2,37,0.47894981060479136
qwen,26,raw,2,38,0.47894981060479136
qwen,26,raw,2,39,0.47894981060479136
qwen,26,raw,2,40,0.47894981060479136
qwen,26,raw,2,41,0.47894981060479136
qwen,26,raw,2,42,0.4791456679771612
qwen,26,raw,2,43,0.4791456679771612
qwen,26,raw,2,44,0.47901753955954185
qwen,26,raw,2,45,0.47901753955954185
qwen,26,raw,2,46,0.4834347411587432
qwen,26,raw,2,47,0.4834347411587432
qwen,26,raw,2,48,0.4834347411587432
qwen,26,raw,2,49,0.483545801079309
qwen,28,raw,2,0,0.9980329716796273
qwen,28,raw,2,1,0.9993774921328457
qwen,28,raw,2,2,0.9993677742488392
qwen,28,raw,2,3,0.9998507172137767
qwen,28,raw,2,4,0.9998602947673282
qwen,28,raw,2,5,0.9998602947673282
qwen,28,raw,2,6,0.9998941645249948
qwen,28,raw,2,7,0.9998941645249948
qwen,28,raw,2,8,0.9998941645249948
qwen,28,raw,2,9,0.9998941645249948
qwen,28,raw,2,10,0.9998941645249948
qwen,28,raw,2,11,0.9998941645249948
qwen,28,raw,2,12,0.9998941645249948
qwen,28,raw,2,13,0.9998941645249948
qwen,28,raw,2,14,0.9998941645249948
qwen,28,raw,2,15,0.9998941645249948
qwen,28,raw,2,16,0.9998928782818196
qwen,28,raw,2,17,0.999904818184025
qwen,28,raw,2,18,0.999904818184025
qwen,28,raw,2,19,0.999904818184025
qwen,28,raw,2,20,0.999904818184025
qwen,28,raw,2,21,0.999904818184025
qwen,28,raw,2,22,0.999904818184025
qwen,28,raw,2,23,0.999904818184025
qwen,28,raw,2,24,0.999904818184025
qwen,28,raw,2,25,0.999904818184025
qwen,28,raw,2,26,0.999904818184025
qwen,28,raw,2,27,0.999904818184025
qwen,28,raw,2,28,0.999904818184025
qwen,28,raw,2,29,0.999904818184025
qwen,28,raw,2,30,0.999904818184025
qwen,28,raw,2,31,0.999904818184025
qwen,28,raw,2,32,0.999904818184025
qwen,28,raw,2,33,0.999904818184025
qwen,28,raw,2,34,0.999904818184025
qwen,28,raw,2,35,0.999904818184025
qwen,28,raw,2,36,0.999904818184025
qwen,28,raw,2,37,0.999904818184025
qwen,28,raw,2,38,0.999904818184025
qwen,28,raw,2,39,0.999904818184025
qwen,28,raw,2,40,0.999904818184025
qwen,28,raw,2,41,0.999904818184025
qwen,28,raw,2,42,0.999904818184025
qwen,28,raw,2,43,0.999904818184025
qwen,28,raw,2,44,0.999904818184025
qwen,28,raw,2,45,0.999904818184025
qwen,28,raw,2,46,0.999904818184025
qwen,28,raw,2,47,0.999904818184025
qwen,28,raw,2,48,0.999904818184025
qwen,28,raw,2,49,0.999904818184025
qwen,96,raw,2,0,0.893295734767386
qwen,96,raw,2,1,0.893295734767386
qwen,96,raw,2,2,0.9072506030400594
qwen,96,raw,2,3,0.9072506030400594
qwen,96,raw,2,4,0.9072506030400594
qwen,96,raw,2,5,0.9100764908181191
qwen,96,raw,2,6,0.9162167153653733
qwen,96,raw,2,7,0.9533202509949172
qwen,96,raw,2,8,0.9533202509949172
qwen,96,raw,2,9,0.9976880011665333
qwen,96,raw,2,10,0.9976880011665333
qwen,96,raw,2,11,0.9976880011665333
qwen,96,raw,2,12,0.9976880011665333
qwen,96,raw,2,13,0.9976880011665333
qwen,96,raw,2,14,0.9976880011665333
qwen,96,raw,2,15,0.9976880011665333
qwen,96,raw,2,16,0.9984941479402726
qwen,96,raw,2,17,0.9984941479402726
qwen,96,raw,2,18,0.9988483448116519
qwen,96,raw,2,19,0.9988483448116519
qwen,96,raw,2,20,0.9988483448116519
qwen,96,raw,2,21,0.9988483448116519
qwen,96,raw,2,22,0.9993310315492754
qwen,96,raw,2,23,0.9993310315492754
qwen,96,raw,2,24,0.9993310315492754
qwen,96,raw,2,25,0.9993310315492754
qwen,96,raw,2,26,0.9993310315492754
qwen,96,raw,2,27,0.9993310315492754
qwen,96,raw,2,28,0.9993310315492754
qwen,96,raw,2,29,0.9993310315492754
qwen,96,raw,2,30,0.9993310315492754
qwen,96,raw,2,31,0.9993310315492754
qwen,96,raw,2,32,0.9994313219005098
qwen,96,raw,2,33,0.9994313219005098
qwen,96,raw,2,34,0.9994313219005098
qwen,96,raw,2,35,0.9995077784039443
qwen,96,raw,2,36,0.9995077784039443
qwen,96,raw,2,37,0.9995077784039443
qwen,96,raw,2,38,0.9995077784039443
qwen,96,raw,2,39,0.9995683960920894
qwen,96,raw,2,40,0.9995683960920894
qwen,96,raw,2,41,0.9995683960920894
qwen,96,raw,2,42,0.9995683960920894
qwen,96,raw,2,43,0.9995683960920894
qwen,96,raw,2,44,0.9995683960920894
qwen,96,raw,2,45,0.9995683960920895
qwen,96,raw,2,46,0.9995683960920895
qwen,96,raw,2,47,0.9995683960920895
qwen,96,raw,2,48,0.9995683960920895
qwen,96,raw,2,49,0.9995683960920895
qwen,196,raw,2,0,0.09660935884078697
qwen,196,raw,2,1,0.124463709731315
qwen,196,raw,2,2,0.12476681919863544
qwen,196,raw,2,3,0.1349398508058251
qwen,196,raw,2,4,0.1349638238040221
qwen,196,raw,2,5,0.14871092279953463
qwen,196,raw,2,6,0.14902800168875638
qwen,196,raw,2,7,0.1916625029589231
qwen,196,raw,2,8,0.19145461976214925
qwen,196,raw,2,9,0.19145461976214925
qwen,196,raw,2,10,0.19145293090794535
qwen,196,raw,2,11,0.19162786309537405
qwen,196,raw,2,12,0.19162786309537405
qwen,196,raw,2,13,0.19162786309537405
qwen,196,raw,2,14,0.21328868738769952
qwen,196,raw,2,15,0.21804325184686943
qwen,196,raw,2,16,0.21804325184686943
qwen,196,raw,2,17,0.21668330384781948
qwen,196,raw,2,18,0.21668330384781948
qwen,196,raw,2,19,0.21668330384781948
qwen,196,raw,2,20,0.22221525107977444
qwen,196,raw,2,21,0.22221525107977444
qwen,196,raw,2,22,0.2218499158204228
qwen,196,raw,2,23,0.22584036744952019
qwen,196,raw,2,24,0.22799369072480064
qwen,196,raw,2,25,0.22799369072480064
qwen,196,raw,2,26,0.22819864211251606
qwen,196,raw,2,27,0.22819864211251606
qwen,196,raw,2,28,0.2320386198972976
qwen,196,raw,2,29,0.2320386198972976
qwen,196,raw,2,30,0.23619127621477073
qwen,196,raw,2,31,0.2361763993238991
qwen,196,raw,2,32,0.23631818345873745
qwen,196,raw,2,33,0.24405117200368698
qwen,196,raw,2,34,0.25214997552581375
qwen,196,raw,2,35,0.25421581865923176
qwen,196,raw,2,36,0.2540620221188655
qwen,196,raw,2,37,0.2677054962048212
qwen,196,raw,2,38,0.2681662112631061
qwen,196,raw,2,39,0.2681662112631061
qwen,196,raw,2,40,0.2680613653504992
qwen,196,raw,2,41,0.26800309112659093
qwen,196,raw,2,42,0.26819596227045894
qwen,196,raw,2,43,0.26819596227045894
qwen,196,raw,2,44,0.26804493345297853
qwen,196,raw,2,45,0.2683313414678202
qwen,196,raw,2,46,0.26949730619519685
qwen,196,raw,2,47,0.2693395770236
qwen,196,raw,2,48,0.2693395770236
qwen,196,raw,2,49,0.2707738704621434
qwen,278,raw,2,0,0.8706190586090088
qwen,278,raw,2,1,0.8706190586090088
qwen,278,raw,2,2,0.9171152083634289
qwen,278,raw,2,3,0.9171152083634289
qwen,278,raw,2,4,0.9170340960723344
qwen,278,raw,2,5,0.9214857041054938
qwen,278,raw,2,6,0.9289775193171385
qwen,278,raw,2,7,0.9289775193171385
qwen,278,raw,2,8,0.9451005077084427
qwen,278,raw,2,9,0.9542828914553491
qwen,278,raw,2,10,0.9542828914553491
qwen,278,raw,2,11,0.9545449637950247
qwen,278,raw,2,12,0.9545449637950247
qwen,278,raw,2,13,0.9545449637950247
qwen,278,raw,2,14,0.9545449637950247
qwen,278,raw,2,15,0.9545449637950247
qwen,278,raw,2,16,0.954538214154639
qwen,278,raw,2,17,0.954538214154639
qwen,278,raw,2,18,0.9586052002691633
qwen,278,raw,2,19,0.9601441713746804
qwen,278,raw,2,20,0.9601441713746804
qwen,278,raw,2,21,0.9601441713746804
qwen,278,raw,2,22,0.9601441713746804
qwen,278,raw,2,23,0.9646457536078263
qwen,278,raw,2,24,0.9646457536078263
qwen,278,raw,2,25,0.9723691631439298
qwen,278,raw,2,26,0.9724411141924463
qwen,278,raw,2,27,0.9724411141924463
qwen,278,raw,2,28,0.9724411141924463
qwen,278,raw,2,29,0.9750527648426041
qwen,278,raw,2,30,0.9750527648426041
qwen,278,raw,2,31,0.9750527648426041
qwen,278,raw,2,32,0.9753422740592014
qwen,278,raw,2,33,0.9867984325431146
qwen,278,raw,2,34,0.9867984325431146
qwen,278,raw,2,35,0.9869143310419164
qwen,278,raw,2,36,0.9913165465192504
qwen,278,raw,2,37,0.9913165465192504
qwen,278,raw,2,38,0.9913165465192504
qwen,278,raw,2,39,0.9913165465192504
qwen,278,raw,2,40,0.992215953018988
qwen,278,raw,2,41,0.992215953018988
qwen,278,raw,2,42,0.992215953018988
qwen,278,raw,2,43,0.992215953018988
qwen,278,raw,2,44,0.9939103768555532
qwen,278,raw,2,45,0.993994582341401
qwen,278,raw,2,46,0.993994582341401
qwen,278,raw,2,47,0.993994582341401
qwen,278,raw,2,48,0.993994582341401
qwen,278,raw,2,49,0.9939945604776885
qwen,454,raw,2,0,0.23570280532279522
qwen,454,raw,2,1,0.23920499183347743
qwen,454,raw,2,2,0.2682076717840256
qwen,454,raw,2,3,0.26789771953642166
qwen,454,raw,2,4,0.3358373386495078
qwen,454,raw,2,5,0.3391319530442849
qwen,454,raw,2,6,0.3387392738132618
qwen,454,raw,2,7,0.3405008994305636
qwen,454,raw,2,8,0.34028422701955524
qwen,454,raw,2,9,0.36189233120933456
qwen,454,raw,2,10,0.3620442939123331
qwen,454,raw,2,11,0.3980250871730746
qwen,454,raw,2,12,0.3994488085411379
qwen,454,raw,2,13,0.3989529589252532
qwen,454,raw,2,14,0.40011786566083074
qwen,454,raw,2,15,0.40011786566083074
qwen,454,raw,2,16,0.4006848686096069
qwen,454,raw,2,17,0.40219648664687957
qwen,454,raw,2,18,0.4022553292133838
qwen,454,raw,2,19,0.40232851041800877
qwen,454,raw,2,20,0.40262637106835236
qwen,454,raw,2,21,0.4043972913824251
qwen,454,raw,2,22,0.40538147795390217
qwen,454,raw,2,23,0.4063539579764975
qwen,454,raw,2,24,0.412585798231408
qwen,454,raw,2,25,0.412585798231408
qwen,454,raw,2,26,0.412585798231408
qwen,454,raw,2,27,0.4421405071928775
qwen,454,raw,2,28,0.4421405071928775
qwen,454,raw,2,29,0.4700343235733837
qwen,454,raw,2,30,0.47021649096402696
qwen,454,raw,2,31,0.47007500628630317
qwen,454,raw,2,32,0.4700865011674959
qwen,454,raw,2,33,0.47074673951214624
qwen,454,raw,2,34,0.4802021994356138
qwen,454,raw,2,35,0.4804264078334194
qwen,454,raw,2,36,0.4804264078334194
qwen,454,raw,2,37,0.48063470219792764
qwen,454,raw,2,38,0.4968700179569551
qwen,454,raw,2,39,0.49683960412752926
qwen,454,raw,2,40,0.49683960412752926
qwen,454,raw,2,41,0.5090022347316536
qwen,454,raw,2,42,0.5090022347316536
qwen,454,raw,2,43,0.5090022347316536
qwen,454,raw,2,44,0.5093745203250097
qwen,454,raw,2,45,0.509286787712669
qwen,454,raw,2,46,0.5099952087162298
qwen,454,raw,2,47,0.5099952087162298
qwen,454,raw,2,48,0.5099438887102206
qwen,454,raw,2,49,0.5099438887102206
qwen,474,raw,2,0,0.9892641838906975
qwen,474,raw,2,1,0.9872303531845276
qwen,474,raw,2,2,0.9953411331355775
qwen,474,raw,2,3,0.9953256968802966
qwen,474,raw,2,4,0.9956766558012187
qwen,474,raw,2,5,0.9956754776262451
qwen,474,raw,2,6,0.9956754776262451
qwen,474,raw,2,7,0.9957732119522269
qwen,474,raw,2,8,0.9973465928784544
qwen,474,raw,2,9,0.997744337224377
qwen,474,raw,2,10,0.997744337224377
qwen,474,raw,2,11,0.997744337224377
qwen,474,raw,2,12,0.9980569173824528
qwen,474,raw,2,13,0.9979317789479869
qwen,474,raw,2,14,0.9979317789479869
qwen,474,raw,2,15,0.9979317789479869
qwen,474,raw,2,16,0.9979317789479869
qwen,474,raw,2,17,0.9979317789479869
qwen,474,raw,2,18,0.9979317789479869
qwen,474,raw,2,19,0.9979425818660425
qwen,474,raw,2,20,0.9979425818660425
qwen,474,raw,2,21,0.9979425818660425
qwen,474,raw,2,22,0.9979425818660425
qwen,474,raw,2,23,0.998048030874089
qwen,474,raw,2,24,0.9981322176712093
qwen,474,raw,2,25,0.9982637614096526
qwen,474,raw,2,26,0.9982637614096526
qwen,474,raw,2,27,0.9982637614096526
qwen,474,raw,2,28,0.9982637614096526
qwen,474,raw,2,29,0.9982637614096526
qwen,474,raw,2,30,0.9982637614096526
qwen,474,raw,2,31,0.9982637614096526
qwen,474,raw,2,32,0.9982637614096526
qwen,474,raw,2,33,0.9982637614096526
qwen,474,raw,2,34,0.9982637614096526
qwen,474,raw,2,35,0.998244176265933
qwen,474,raw,2,36,0.998244176265933
qwen,474,raw,2,37,0.998244176265933
qwen,474,raw,2,38,0.998244176265933
qwen,474,raw,2,39,0.998244176265933
qwen,474,raw,2,40,0.998244176265933
qwen,474,raw,2,41,0.998244176265933
qwen,474,raw,2,42,0.998244176265933
qwen,474,raw,2,43,0.9983342117094884
qwen,474,raw,2,44,0.9983342117094884
qwen,474,raw,2,45,0.9983342117094884
qwen,474,raw,2,46,0.9983342117094884
qwen,474,raw,2,47,0.9985618885348002
qwen,474,raw,2,48,0.9985618885348002
qwen,474,raw,2,49,0.9985618885348002
qwen,2,raw,3,0,0.47028464775856904
qwen,2,raw,3,1,0.4546345698649997
qwen,2,raw,3,2,0.45150505761439735
qwen,2,raw,3,3,0.4729042671083867
qwen,2,raw,3,4,0.47241153806313735
qwen,2,raw,3,5,0.4718542645263063
qwen,2,raw,3,6,0.5073075563319632
qwen,2,raw,3,7,0.5073075563319632
qwen,2,raw,3,8,0.5071576850169951
qwen,2,raw,3,9,0.5135013899086296
qwen,2,raw,3,10,0.517268603796268
qwen,2,raw,3,11,0.5640342407286525
qwen,2,raw,3,12,0.5640342407286525
qwen,2,raw,3,13,0.5643382225375813
qwen,2,raw,3,14,0.5594186627896162
qwen,2,raw,3,15,0.5594186627896162
qwen,2,raw,3,16,0.5625553313564431
qwen,2,raw,3,17,0.5625553313564431
qwen,2,raw,3,18,0.5948418802036358
qwen,2,raw,3,19,0.5948418802036358
qwen,2,raw,3,20,0.5948418802036358
qwen,2,raw,3,21,0.5948418802036358
qwen,2,raw,3,22,0.5949482921701115
qwen,2,raw,3,23,0.5957381990556423
qwen,2,raw,3,24,0.595773905951966
qwen,2,raw,3,25,0.5961073330818891
qwen,2,raw,3,26,0.60838096760012
qwen,2,raw,3,27,0.6124227448693803
qwen,2,raw,3,28,0.6124227448693803
qwen,2,raw,3,29,0.6132242011392974
qwen,2,raw,3,30,0.6137518741682663
qwen,2,raw,3,31,0.615029635674155
qwen,2,raw,3,32,0.6339965224064686
qwen,2,raw,3,33,0.6331115319720797
qwen,2,raw,3,34,0.6331115319720797
qwen,2,raw,3,35,0.6331115319720797
qwen,2,raw,3,36,0.6331115319720797
qwen,2,raw,3,37,0.6331115319720797
qwen,2,raw,3,38,0.6331115319720797
qwen,2,raw,3,39,0.6331115319720797
qwen,2,raw,3,40,0.6331115319720797
qwen,2,raw,3,41,0.6331115319720797
qwen,2,raw,3,42,0.6329824252686165
qwen,2,raw,3,43,0.6329824252686165
qwen,2,raw,3,44,0.6329824252686165
qwen,2,raw,3,45,0.6329332365131415
qwen,2,raw,3,46,0.6329332365131415
qwen,2,raw,3,47,0.6345827572002961
qwen,2,raw,3,48,0.6422129191637218
qwen,2,raw,3,49,0.6422129191637218
qwen,26,raw,3,0,0.2159285426318824
qwen,26,raw,3,1,0.34256867028481963
qwen,26,raw,3,2,0.397493251853877
qwen,26,raw,3,3,0.3861688311483051
qwen,26,raw,3,4,0.381915858871228
qwen,26,raw,3,5,0.38039444548052714
qwen,26,raw,3,6,0.39937303262250917
qwen,26,raw,3,7,0.39962916107507085
qwen,26,raw,3,8,0.4596652448759065
qwen,26,raw,3,9,0.4588701767293183
qwen,26,raw,3,10,0.4661004329407895
qwen,26,raw,3,11,0.4692826927066207
qwen,26,raw,3,12,0.47396959001953537
qwen,26,raw,3,13,0.473321710531418
qwen,26,raw,3,14,0.4736044977430825
qwen,26,raw,3,15,0.4782427096062595
qwen,26,raw,3,16,0.4776556441286305
qwen,26,raw,3,17,0.47817709169409295
qwen,26,raw,3,18,0.5299399326423984
qwen,26,raw,3,19,0.53255267257805
qwen,26,raw,3,20,0.53255267257805
qwen,26,raw,3,21,0.5406803296761469
qwen,26,raw,3,22,0.552371039539128
qwen,26,raw,3,23,0.5542216053506632
qwen,26,raw,3,24,0.5500772266506074
qwen,26,raw,3,25,0.5485229043362734
qwen,26,raw,3,26,0.5495238386027447
qwen,26,raw,3,27,0.5499835872166865
qwen,26,raw,3,28,0.5908696784360988
qwen,26,raw,3,29,0.5908696784360988
qwen,26,raw,3,30,0.5896477905569134
qwen,26,raw,3,31,0.5907449506156079
qwen,26,raw,3,32,0.5907449506156079
qwen,26,raw,3,33,0.5907449506156079
qwen,26,raw,3,34,0.5907449506156079
qwen,26,raw,3,35,0.5907449506156079
qwen,26,raw,3,36,0.5919416787119598
qwen,26,raw,3,37,0.5919416787119598
qwen,26,raw,3,38,0.5917854855457941
qwen,26,raw,3,39,0.5917854855457941
qwen,26,raw,3,40,0.5917854855457941
qwen,26,raw,3,41,0.5917854855457941
qwen,26,raw,3,42,0.610039867304109
qwen,26,raw,3,43,0.6104525624363273
qwen,26,raw,3,44,0.6258394590637705
qwen,26,raw,3,45,0.6258394590637705
qwen,26,raw,3,46,0.6262543831054155
qwen,26,raw,3,47,0.6259156334418076
qwen,26,raw,3,48,0.6537211658628852
qwen,26,raw,3,49,0.6537211658628852
qwen,28,raw,3,0,0.9973434607187907
qwen,28,raw,3,1,0.9974462401133042
qwen,28,raw,3,2,0.9974140797380928
qwen,28,raw,3,3,0.9991289363788055
qwen,28,raw,3,4,0.9991289363788055
qwen,28,raw,3,5,0.9991289363788055
qwen,28,raw,3,6,0.9992468936128301
qwen,28,raw,3,7,0.9992468936128301
qwen,28,raw,3,8,0.9992468936128301
qwen,28,raw,3,9,0.999414162234859
qwen,28,raw,3,10,0.9996232519278656
qwen,28,raw,3,11,0.9996232519278656
qwen,28,raw,3,12,0.9996232519278656
qwen,28,raw,3,13,0.9996232519278656
qwen,28,raw,3,14,0.9996232519278656
qwen,28,raw,3,15,0.9996232519278656
qwen,28,raw,3,16,0.9996232519278656
qwen,28,raw,3,17,0.9996232519278656
qwen,28,raw,3,18,0.9996232519278656
qwen,28,raw,3,19,0.9996232519278656
qwen,28,raw,3,20,0.9998638049976246
qwen,28,raw,3,21,0.9998638049976246
qwen,28,raw,3,22,0.9998638049976246
qwen,28,raw,3,23,0.9998638049976246
qwen,28,raw,3,24,0.9998638049976246
qwen,28,raw,3,25,0.9998638049976246
qwen,28,raw,3,26,0.9998638049976246
qwen,28,raw,3,27,0.9998638049976246
qwen,28,raw,3,28,0.9998638049976246
qwen,28,raw,3,29,0.9998638049976246
qwen,28,raw,3,30,0.9998638049976246
qwen,28,raw,3,31,0.9998638049976246
qwen,28,raw,3,32,0.9999296404756941
qwen,28,raw,3,33,0.9999296404756941
qwen,28,raw,3,34,0.9999296404756941
qwen,28,raw,3,35,0.9999296404756941
qwen,28,raw,3,36,0.9999296404756941
qwen,28,raw,3,37,0.9999296404756941
qwen,28,raw,3,38,0.9999296404756941
qwen,28,raw,3,39,0.9999296404756941
qwen,28,raw,3,40,0.9999296404756941
qwen,28,raw,3,41,0.9999296404756941
qwen,28,raw,3,42,0.9999296404756941
qwen,28,raw,3,43,0.9999296404756941
qwen,28,raw,3,44,0.9999296404756941
qwen,28,raw,3,45,0.9999296404756941
qwen,28,raw,3,46,0.9999296404756941
qwen,28,raw,3,47,0.9999296404756941
qwen,28,raw,3,48,0.9999296404756941
qwen,28,raw,3,49,0.9999296404756941
qwen,96,raw,3,0,0.8924506169219889
qwen,96,raw,3,1,0.8924506169219889
qwen,96,raw,3,2,0.9645935191781467
qwen,96,raw,3,3,0.9645935191781467
qwen,96,raw,3,4,0.9716605346978732
qwen,96,raw,3,5,0.9949164648143984
qwen,96,raw,3,6,0.9971391154215113
qwen,96,raw,3,7,0.9971391154215113
qwen,96,raw,3,8,0.9967757064520293
qwen,96,raw,3,9,0.9969947415064133
qwen,96,raw,3,10,0.9969947415064133
qwen,96,raw,3,11,0.9969560099527613
qwen,96,raw,3,12,0.9991054702967366
qwen,96,raw,3,13,0.9992772447576007
qwen,96,raw,3,14,0.9992772447576007
qwen,96,raw,3,15,0.9992772447576007
qwen,96,raw,3,16,0.9992772447576007
qwen,96,raw,3,17,0.9992772447576007
qwen,96,raw,3,18,0.9995199102658057
qwen,96,raw,3,19,0.9995199102658057
qwen,96,raw,3,20,0.9995199102658057
qwen,96,raw,3,21,0.9995199102658057
qwen,96,raw,3,22,0.9995199102658057
qwen,96,raw,3,23,0.9995199102658057
qwen,96,raw,3,24,0.9995199102658057
qwen,96,raw,3,25,0.9995199102658057
qwen,96,raw,3,26,0.9995199102658057
qwen,96,raw,3,27,0.9995199102658057
qwen,96,raw,3,28,0.9995199102658057
qwen,96,raw,3,29,0.9995199102658057
qwen,96,raw,3,30,0.9995199102658057
qwen,96,raw,3,31,0.9995199102658057
qwen,96,raw,3,32,0.9995648421160631
qwen,96,raw,3,33,0.9995648421160631
qwen,96,raw,3,34,0.9995648421160631
qwen,96,raw,3,35,0.9995648421160631
qwen,96,raw,3,36,0.9995648421160631
qwen,96,raw,3,37,0.9995648421160631
qwen,96,raw,3,38,0.999564818399854
qwen,96,raw,3,39,0.999564818399854
qwen,96,raw,3,40,0.999564818399854
qwen,96,raw,3,41,0.999564818399854
qwen,96,raw,3,42,0.999564818399854
qwen,96,raw,3,43,0.999564818399854
qwen,96,raw,3,44,0.9997393417421224
qwen,96,raw,3,45,0.9997393417421224
qwen,96,raw,3,46,0.9997393417421224
qwen,96,raw,3,47,0.9997393417421224
qwen,96,raw,3,48,0.9997393417421224
qwen,96,raw,3,49,0.9997393417421224
qwen,196,raw,3,0,0.11951465159654619
qwen,196,raw,3,1,0.11951465159654619
qwen,196,raw,3,2,0.11951465159654619
qwen,196,raw,3,3,0.139706407150662
qwen,196,raw,3,4,0.14642659334784688
qwen,196,raw,3,5,0.14642659334784688
qwen,196,raw,3,6,0.16313719415517
qwen,196,raw,3,7,0.17621765689023802
qwen,196,raw,3,8,0.22531929825832533
qwen,196,raw,3,9,0.22531929825832533
qwen,196,raw,3,10,0.22531929825832533
qwen,196,raw,3,11,0.3195368377184188
qwen,196,raw,3,12,0.3195368377184188
qwen,196,raw,3,13,0.31953683771841884
qwen,196,raw,3,14,0.31996509926141925
qwen,196,raw,3,15,0.33589141368418485
qwen,196,raw,3,16,0.33589141368418485
qwen,196,raw,3,17,0.33639104241454926
qwen,196,raw,3,18,0.33641339625950695
qwen,196,raw,3,19,0.3365555807903365
qwen,196,raw,3,20,0.3459292118166302
qwen,196,raw,3,21,0.3459722101240903
qwen,196,raw,3,22,0.3459722101240903
qwen,196,raw,3,23,0.3462700181537204
qwen,196,raw,3,24,0.3462700181537204
qwen,196,raw,3,25,0.3462700181537204
qwen,196,raw,3,26,0.3462700181537204
qwen,196,raw,3,27,0.3462700181537204
qwen,196,raw,3,28,0.3462700181537204
qwen,196,raw,3,29,0.3481284552687281
qwen,196,raw,3,30,0.34816426651792837
qwen,196,raw,3,31,0.34816426651792837
qwen,196,raw,3,32,0.34816977229562246
qwen,196,raw,3,33,0.34816977229562246
qwen,196,raw,3,34,0.34816977229562246
qwen,196,raw,3,35,0.3513637528763161
qwen,196,raw,3,36,0.35945043066242444
qwen,196,raw,3,37,0.36279388497004633
qwen,196,raw,3,38,0.36279388497004633
qwen,196,raw,3,39,0.36279388497004633
qwen,196,raw,3,40,0.36279388497004633
qwen,196,raw,3,41,0.36279388497004633
qwen,196,raw,3,42,0.3627938849700464
qwen,196,raw,3,43,0.3627938849700464
qwen,196,raw,3,44,0.3627938849700464
qwen,196,raw,3,45,0.3627938849700464
qwen,196,raw,3,46,0.3627938849700464
qwen,196,raw,3,47,0.3627568351345377
qwen,196,raw,3,48,0.3627568351345377
qwen,196,raw,3,49,0.3627568351345377
qwen,278,raw,3,0,0.899127521542656
qwen,278,raw,3,1,0.9159359182332801
qwen,278,raw,3,2,0.9455974657289152
qwen,278,raw,3,3,0.9449907431956462
qwen,278,raw,3,4,0.9452403264968849
qwen,278,raw,3,5,0.9452403264968849
qwen,278,raw,3,6,0.9452403264968849
qwen,278,raw,3,7,0.9450852784180398
qwen,278,raw,3,8,0.9450852784180398
qwen,278,raw,3,9,0.9450852784180398
qwen,278,raw,3,10,0.9450852784180398
qwen,278,raw,3,11,0.947701111978145
qwen,278,raw,3,12,0.947701111978145
qwen,278,raw,3,13,0.947701111978145
qwen,278,raw,3,14,0.947701111978145
qwen,278,raw,3,15,0.947801963037105
qwen,278,raw,3,16,0.9481465059943942
qwen,278,raw,3,17,0.9481465059943942
qwen,278,raw,3,18,0.9490957017201697
qwen,278,raw,3,19,0.9492827607034074
qwen,278,raw,3,20,0.9492827607034074
qwen,278,raw,3,21,0.9492827607034074
qwen,278,raw,3,22,0.9492827607034074
qwen,278,raw,3,23,0.9492827607034074
qwen,278,raw,3,24,0.9492827607034074
qwen,278,raw,3,25,0.9493269490015732
qwen,278,raw,3,26,0.9493269490015732
qwen,278,raw,3,27,0.9493269490015732
qwen,278,raw,3,28,0.9493207896814249
qwen,278,raw,3,29,0.9515369396542878
qwen,278,raw,3,30,0.9519088629204807
qwen,278,raw,3,31,0.9519088629204807
qwen,278,raw,3,32,0.9519088629204807
qwen,278,raw,3,33,0.9559327872385972
qwen,278,raw,3,34,0.9559327872385972
qwen,278,raw,3,35,0.9559327872385972
qwen,278,raw,3,36,0.9559327872385972
qwen,278,raw,3,37,0.9561407479309794
qwen,278,raw,3,38,0.9561407479309794
qwen,278,raw,3,39,0.9561391938721769
qwen,278,raw,3,40,0.9561391938721769
qwen,278,raw,3,41,0.9561391938721769
qwen,278,raw,3,42,0.9561391938721769
qwen,278,raw,3,43,0.9561391938721769
qwen,278,raw,3,44,0.9561391938721769
qwen,278,raw,3,45,0.9561391938721769
qwen,278,raw,3,46,0.9561391938721769
qwen,278,raw,3,47,0.9561391938721769
qwen,278,raw,3,48,0.9561391938721769
qwen,278,raw,3,49,0.9561572383758457
qwen,454,raw,3,0,0.20811692022626307
qwen,454,raw,3,1,0.23055192619663867
qwen,454,raw,3,2,0.25964429791470034
qwen,454,raw,3,3,0.25973006108176044
qwen,454,raw,3,4,0.295751214925882
qwen,454,raw,3,5,0.29524452770732773
qwen,454,raw,3,6,0.29524452770732773
qwen,454,raw,3,7,0.29522024430715993
qwen,454,raw,3,8,0.29504260980228514
qwen,454,raw,3,9,0.2954603883864801
qwen,454,raw,3,10,0.35381160362859904
qwen,454,raw,3,11,0.35435103156325215
qwen,454,raw,3,12,0.35435103156325215
qwen,454,raw,3,13,0.3595936651658415
qwen,454,raw,3,14,0.3601161838679726
qwen,454,raw,3,15,0.3601161838679726
qwen,454,raw,3,16,0.36005279000539153
qwen,454,raw,3,17,0.3608816402611472
qwen,454,raw,3,18,0.36085068544667465
qwen,454,raw,3,19,0.36091856611839607
qwen,454,raw,3,20,0.3610597894578935
qwen,454,raw,3,21,0.3613823793735249
qwen,454,raw,3,22,0.3614189516206243
qwen,454,raw,3,23,0.3614189516206243
qwen,454,raw,3,24,0.3622047144313586
qwen,454,raw,3,25,0.3640691717584386
qwen,454,raw,3,26,0.3953535663169534
qwen,454,raw,3,27,0.3953535663169534
qwen,454,raw,3,28,0.3953535663169534
qwen,454,raw,3,29,0.3953535663169534
qwen,454,raw,3,30,0.39781257268613524
qwen,454,raw,3,31,0.39781257268613524
qwen,454,raw,3,32,0.39781257268613524
qwen,454,raw,3,33,0.39781257268613524
qwen,454,raw,3,34,0.397838548105528
qwen,454,raw,3,35,0.39795805446896815
qwen,454,raw,3,36,0.39795805446896815
qwen,454,raw,3,37,0.39795805446896815
qwen,454,raw,3,38,0.39806862874751214
qwen,454,raw,3,39,0.39806862874751214
qwen,454,raw,3,40,0.40063018670498446
qwen,454,raw,3,41,0.40063018670498446
qwen,454,raw,3,42,0.40063018670498446
qwen,454,raw,3,43,0.40063018670498446
qwen,454,raw,3,44,0.40063018670498446
qwen,454,raw,3,45,0.40063018670498446
qwen,454,raw,3,46,0.40063018670498446
qwen,454,raw,3,47,0.40063018670498446
qwen,454,raw,3,48,0.4006301867049844
qwen,454,raw,3,49,0.4006301867049844
qwen,474,raw,3,0,0.9762591959842913
qwen,474,raw,3,1,0.9957128188681954
qwen,474,raw,3,2,0.9954412382380005
qwen,474,raw,3,3,0.9958344297875588
qwen,474,raw,3,4,0.9985304916101647
qwen,474,raw,3,5,0.9981502255041309
qwen,474,raw,3,6,0.9979918396717046
qwen,474,raw,3,7,0.999199337299502
qwen,474,raw,3,8,0.9989313294557988
qwen,474,raw,3,9,0.9989313294557988
qwen,474,raw,3,10,0.9989313294557988
qwen,474,raw,3,11,0.9989927936434339
qwen,474,raw,3,12,0.9989927936434339
qwen,474,raw,3,13,0.9990406014508355
qwen,474,raw,3,14,0.9990406014508355
qwen,474,raw,3,15,0.999025757893903
qwen,474,raw,3,16,0.999025757893903
qwen,474,raw,3,17,0.999025757893903
qwen,474,raw,3,18,0.9990858227794353
qwen,474,raw,3,19,0.9990780935691621
qwen,474,raw,3,20,0.9990854166846498
qwen,474,raw,3,21,0.9990854166846498
qwen,474,raw,3,22,0.9990854166846498
qwen,474,raw,3,23,0.9990854166846498
qwen,474,raw,3,24,0.9990854166846498
qwen,474,raw,3,25,0.9990998855256925
qwen,474,raw,3,26,0.9990933346260122
qwen,474,raw,3,27,0.9990933346260122
qwen,474,raw,3,28,0.9990933346260122
qwen,474,raw,3,29,0.9990933346260122
qwen,474,raw,3,30,0.9990933346260122
qwen,474,raw,3,31,0.999093709341902
qwen,474,raw,3,32,0.999093709341902
qwen,474,raw,3,33,0.999093709341902
qwen,474,raw,3,34,0.999093709341902
qwen,474,raw,3,35,0.999093709341902
qwen,474,raw,3,36,0.999093709341902
qwen,474,raw,3,37,0.999093709341902
qwen,474,raw,3,38,0.999093709341902
qwen,474,raw,3,39,0.999093709341902
qwen,474,raw,3,40,0.999093709341902
qwen,474,raw,3,41,0.999093709341902
qwen,474,raw,3,42,0.9991556266672376
qwen,474,raw,3,43,0.9991571287856573
qwen,474,raw,3,44,0.9991571287856573
qwen,474,raw,3,45,0.9991571287856573
qwen,474,raw,3,46,0.9991571287856573
qwen,474,raw,3,47,0.9991895297925761
qwen,474,raw,3,48,0.9991895297925761
qwen,474,raw,3,49,0.9991911622410612
qwen,2,pmi,1,0,0.7073494933388971
qwen,2,pmi,1,1,0.7566759909416463
qwen,2,pmi,1,2,0.773402529256838
qwen,2,pmi,1,3,0.7758397314999554
qwen,2,pmi,1,4,0.7805990313624477
qwen,2,pmi,1,5,0.7804303783196229
qwen,2,pmi,1,6,0.7895807904882117
qwen,2,pmi,1,7,0.7874895910601001
qwen,2,pmi,1,8,0.8021663029093642
qwen,2,pmi,1,9,0.841459579832919
qwen,2,pmi,1,10,0.855534338109844
qwen,2,pmi,1,11,0.8555104229543302
qwen,2,pmi,1,12,0.8555104229543302
qwen,2,pmi,1,13,0.8589174582793547
qwen,2,pmi,1,14,0.8629538436551709
qwen,2,pmi,1,15,0.9283893724103589
qwen,2,pmi,1,16,0.9283893724103589
qwen,2,pmi,1,17,0.9283893724103589
qwen,2,pmi,1,18,0.939023097445657
qwen,2,pmi,1,19,0.9623425375591885
qwen,2,pmi,1,20,0.9618810200476431
qwen,2,pmi,1,21,0.9624996630100158
qwen,2,pmi,1,22,0.9634407921596332
qwen,2,pmi,1,23,0.9634407921596332
qwen,2,pmi,1,24,0.9634407921596332
qwen,2,pmi,1,25,0.9633809412205899
qwen,2,pmi,1,26,0.9633809412205899
qwen,2,pmi,1,27,0.9633809412205899
qwen,2,pmi,1,28,0.96536313431399
qwen,2,pmi,1,29,0.9652772159189791
qwen,2,pmi,1,30,0.973251353692006
qwen,2,pmi,1,31,0.973251353692006
qwen,2,pmi,1,32,0.9729985041661305
qwen,2,pmi,1,33,0.987333224342392
qwen,2,pmi,1,34,0.987333224342392
qwen,2,pmi,1,35,0.987333224342392
qwen,2,pmi,1,36,0.987333224342392
qwen,2,pmi,1,37,0.987333224342392
qwen,2,pmi,1,38,0.9879944778240479
qwen,2,pmi,1,39,0.9879944778240479
qwen,2,pmi,1,40,0.9879944778240479
qwen,2,pmi,1,41,0.9879944778240479
qwen,2,pmi,1,42,0.9879303725811096
qwen,2,pmi,1,43,0.9879303725811096
qwen,2,pmi,1,44,0.987917616471156
qwen,2,pmi,1,45,0.9877087852439365
qwen,2,pmi,1,46,0.9877087852439365
qwen,2,pmi,1,47,0.9877087852439365
qwen,2,pmi,1,48,0.9876991532765351
qwen,2,pmi,1,49,0.9876991532765351
qwen,26,pmi,1,0,0.7735714711942472
qwen,26,pmi,1,1,0.7796564069954125
qwen,26,pmi,1,2,0.8088526107348479
qwen,26,pmi,1,3,0.8665509011831369
qwen,26,pmi,1,4,0.8665509011831369
qwen,26,pmi,1,5,0.8717997620055626
qwen,26,pmi,1,6,0.8831287007163595
qwen,26,pmi,1,7,0.8833909656729426
qwen,26,pmi,1,8,0.8832510598786958
qwen,26,pmi,1,9,0.8920962601542114
qwen,26,pmi,1,10,0.8934031953145791
qwen,26,pmi,1,11,0.8929719913292218
qwen,26,pmi,1,12,0.9190811258447062
qwen,26,pmi,1,13,0.9190811258447062
qwen,26,pmi,1,14,0.9190811258447062
qwen,26,pmi,1,15,0.9237844367195536
qwen,26,pmi,1,16,0.923776537582681
qwen,26,pmi,1,17,0.9240927097944167
qwen,26,pmi,1,18,0.9244638037932169
qwen,26,pmi,1,19,0.9244638037932169
qwen,26,pmi,1,20,0.9254042287846586
qwen,26,pmi,1,21,0.9261907950804399
qwen,26,pmi,1,22,0.9288402716587254
qwen,26,pmi,1,23,0.9288402716587254
qwen,26,pmi,1,24,0.9349038336459581
qwen,26,pmi,1,25,0.9350403166479534
qwen,26,pmi,1,26,0.9350403166479534
qwen,26,pmi,1,27,0.9467147830817794
qwen,26,pmi,1,28,0.9492017519814115
qwen,26,pmi,1,29,0.957918310979823
qwen,26,pmi,1,30,0.9577775213185015
qwen,26,pmi,1,31,0.9581469143027658
qwen,26,pmi,1,32,0.9581469143027658
qwen,26,pmi,1,33,0.958203281323473
qwen,26,pmi,1,34,0.958203281323473
qwen,26,pmi,1,35,0.958203281323473
qwen,26,pmi,1,36,0.9582396263743306
qwen,26,pmi,1,37,0.9582396263743306
qwen,26,pmi,1,38,0.9621097066470452
qwen,26,pmi,1,39,0.9621800838021545
qwen,26,pmi,1,40,0.9625771311489312
qwen,26,pmi,1,41,0.9625771311489312
qwen,26,pmi,1,42,0.9625771311489312
qwen,26,pmi,1,43,0.9645372030434308
qwen,26,pmi,1,44,0.9645372030434308
qwen,26,pmi,1,45,0.9712962058034387
qwen,26,pmi,1,46,0.9712962058034387
qwen,26,pmi,1,47,0.9712513522342876
qwen,26,pmi,1,48,0.9711920545623824
qwen,26,pmi,1,49,0.9711920545623824
qwen,28,pmi,1,0,0.8998050660163432
qwen,28,pmi,1,1,0.8998050660163432
qwen,28,pmi,1,2,0.8983985129240397
qwen,28,pmi,1,3,0.9072146244324721
qwen,28,pmi,1,4,0.9072146244324721
qwen,28,pmi,1,5,0.9072146244324721
qwen,28,pmi,1,6,0.987203756901058
qwen,28,pmi,1,7,0.987203756901058
qwen,28,pmi,1,8,0.987203756901058
qwen,28,pmi,1,9,0.987203756901058
qwen,28,pmi,1,10,0.987203756901058
qwen,28,pmi,1,11,0.987203756901058
qwen,28,pmi,1,12,0.987203756901058
qwen,28,pmi,1,13,0.987203756901058
qwen,28,pmi,1,14,0.9886373247246485
qwen,28,pmi,1,15,0.9886373247246485
qwen,28,pmi,1,16,0.9899303088182801
qwen,28,pmi,1,17,0.9906582070497779
qwen,28,pmi,1,18,0.9906582070497779
qwen,28,pmi,1,19,0.9906582070497779
qwen,28,pmi,1,20,0.9901839651547752
qwen,28,pmi,1,21,0.9901839651547752
qwen,28,pmi,1,22,0.9901839651547752
qwen,28,pmi,1,23,0.9901898691917325
qwen,28,pmi,1,24,0.9972764336624304
qwen,28,pmi,1,25,0.9972764336624304
qwen,28,pmi,1,26,0.9983864923094486
qwen,28,pmi,1,27,0.9985889615015583
qwen,28,pmi,1,28,0.9985889615015583
qwen,28,pmi,1,29,0.9988410707350608
qwen,28,pmi,1,30,0.9988410707350608
qwen,28,pmi,1,31,0.9988410707350608
qwen,28,pmi,1,32,0.9988410707350608
qwen,28,pmi,1,33,0.9988410707350608
qwen,28,pmi,1,34,0.9988410707350608
qwen,28,pmi,1,35,0.9988410707350608
qwen,28,pmi,1,36,0.9988410707350608
qwen,28,pmi,1,37,0.9993584740448285
qwen,28,pmi,1,38,0.9993584740448285
qwen,28,pmi,1,39,0.9993584740448285
qwen,28,pmi,1,40,0.9993584740448285
qwen,28,pmi,1,41,0.999930166681339
qwen,28,pmi,1,42,0.999930166681339
qwen,28,pmi,1,43,0.999930166681339
qwen,28,pmi,1,44,0.999930166681339
qwen,28,pmi,1,45,0.999930166681339
qwen,28,pmi,1,46,0.999930166681339
qwen,28,pmi,1,47,0.999930166681339
qwen,28,pmi,1,48,0.999930166681339
qwen,28,pmi,1,49,0.999930166681339
qwen,96,pmi,1,0,0.7130316847711997
qwen,96,pmi,1,1,0.7649482130925802
qwen,96,pmi,1,2,0.7641900105988397
qwen,96,pmi,1,3,0.8139703153228885
qwen,96,pmi,1,4,0.811709712812866
qwen,96,pmi,1,5,0.8126563095292555
qwen,96,pmi,1,6,0.8308301179305366
qwen,96,pmi,1,7,0.8317626086462471
qwen,96,pmi,1,8,0.8317626086462471
qwen,96,pmi,1,9,0.8317626086462471
qwen,96,pmi,1,10,0.8315415765614063
qwen,96,pmi,1,11,0.8327791706532515
qwen,96,pmi,1,12,0.8327791706532515
qwen,96,pmi,1,13,0.8327733747886888
qwen,96,pmi,1,14,0.8327733747886888
qwen,96,pmi,1,15,0.8328587640572599
qwen,96,pmi,1,16,0.8350015680780525
qwen,96,pmi,1,17,0.8433447937249194
qwen,96,pmi,1,18,0.8441531095108966
qwen,96,pmi,1,19,0.8447213625248241
qwen,96,pmi,1,20,0.8447213625248241
qwen,96,pmi,1,21,0.8445441341211672
qwen,96,pmi,1,22,0.8445954153581727
qwen,96,pmi,1,23,0.8502051589203133
qwen,96,pmi,1,24,0.8552183279563943
qwen,96,pmi,1,25,0.8552143307935265
qwen,96,pmi,1,26,0.8553161006199983
qwen,96,pmi,1,27,0.8625353806810416
qwen,96,pmi,1,28,0.8625786781939279
qwen,96,pmi,1,29,0.8625786781939279
qwen,96,pmi,1,30,0.862626556390516
qwen,96,pmi,1,31,0.862626556390516
qwen,96,pmi,1,32,0.862626556390516
qwen,96,pmi,1,33,0.862626556390516
qwen,96,pmi,1,34,0.8882067009551409
qwen,96,pmi,1,35,0.8882067009551409
qwen,96,pmi,1,36,0.888206700955141
qwen,96,pmi,1,37,0.8974156662802137
qwen,96,pmi,1,38,0.9020849585690204
qwen,96,pmi,1,39,0.9020849585690204
qwen,96,pmi,1,40,0.9020849585690204
qwen,96,pmi,1,41,0.9020849585690204
qwen,96,pmi,1,42,0.9020849585690204
qwen,96,pmi,1,43,0.9023686259867175
qwen,96,pmi,1,44,0.9040464975224496
qwen,96,pmi,1,45,0.9040570217080424
qwen,96,pmi,1,46,0.90403397787701
qwen,96,pmi,1,47,0.90403397787701
qwen,96,pmi,1,48,0.90403397787701
qwen,96,pmi,1,49,0.904124236350317
qwen,196,pmi,1,0,0.642391943895781
qwen,196,pmi,1,1,0.6418658491369482
qwen,196,pmi,1,2,0.643593749216011
qwen,196,pmi,1,3,0.6557456690806884
qwen,196,pmi,1,4,0.661419300703673
qwen,196,pmi,1,5,0.6609229287048717
qwen,196,pmi,1,6,0.6753637312768815
qwen,196,pmi,1,7,0.6753637312768815
qwen,196,pmi,1,8,0.6916399855871458
qwen,196,pmi,1,9,0.7199904881082139
qwen,196,pmi,1,10,0.7199904881082139
qwen,196,pmi,1,11,0.7202645445371174
qwen,196,pmi,1,12,0.7377058033112649
qwen,196,pmi,1,13,0.7383476995133065
qwen,196,pmi,1,14,0.7500338549907501
qwen,196,pmi,1,15,0.7503292240180053
qwen,196,pmi,1,16,0.7504570205827376
qwen,196,pmi,1,17,0.7504570205827376
qwen,196,pmi,1,18,0.7507090152383925
qwen,196,pmi,1,19,0.7507090152383925
qwen,196,pmi,1,20,0.7507090152383925
qwen,196,pmi,1,21,0.7507090152383925
qwen,196,pmi,1,22,0.7625517235682892
qwen,196,pmi,1,23,0.7625280959649129
qwen,196,pmi,1,24,0.7624891163171591
qwen,196,pmi,1,25,0.7624891163171591
qwen,196,pmi,1,26,0.7627157397993335
qwen,196,pmi,1,27,0.7627157397993335
qwen,196,pmi,1,28,0.7643625345137026
qwen,196,pmi,1,29,0.7643625345137026
qwen,196,pmi,1,30,0.7643625345137026
qwen,196,pmi,1,31,0.7643625345137026
qwen,196,pmi,1,32,0.7677575220932831
qwen,196,pmi,1,33,0.7701475459176141
qwen,196,pmi,1,34,0.7711624987311549
qwen,196,pmi,1,35,0.8443927939410683
qwen,196,pmi,1,36,0.8499659431410266
qwen,196,pmi,1,37,0.8561378609131763
qwen,196,pmi,1,38,0.860026289392878
qwen,196,pmi,1,39,0.8623666218719683
qwen,196,pmi,1,40,0.8740424280231063
qwen,196,pmi,1,41,0.8836224441145276
qwen,196,pmi,1,42,0.8836224441145276
qwen,196,pmi,1,43,0.8835635543675037
qwen,196,pmi,1,44,0.8836076301676375
qwen,196,pmi,1,45,0.8871551202134685
qwen,196,pmi,1,46,0.8876809705127109
qwen,196,pmi,1,47,0.8876809705127109
qwen,196,pmi,1,48,0.8876809705127109
qwen,196,pmi,1,49,0.8876809705127109
qwen,278,pmi,1,0,0.8400761147600422
qwen,278,pmi,1,1,0.8785076512693492
qwen,278,pmi,1,2,0.8837712696025465
qwen,278,pmi,1,3,0.8837712696025465
qwen,278,pmi,1,4,0.8838953971862793
qwen,278,pmi,1,5,0.8973869208512174
qwen,278,pmi,1,6,0.8972072306331762
qwen,278,pmi,1,7,0.8972072306331762
qwen,278,pmi,1,8,0.9019498825073242
qwen,278,pmi,1,9,0.9019498825073242
qwen,278,pmi,1,10,0.9657068203977449
qwen,278,pmi,1,11,0.9649764745343027
qwen,278,pmi,1,12,0.9649764745343027
qwen,278,pmi,1,13,0.9649764745343027
qwen,278,pmi,1,14,0.9649753449091572
qwen,278,pmi,1,15,0.966192724055772
qwen,278,pmi,1,16,0.9664745174641173
qwen,278,pmi,1,17,0.9664745174641173
qwen,278,pmi,1,18,0.9664745174641173
qwen,278,pmi,1,19,0.9669095237876304
qwen,278,pmi,1,20,0.9680839313690318
qwen,278,pmi,1,21,0.9680839313690318
qwen,278,pmi,1,22,0.9680443511085565
qwen,278,pmi,1,23,0.9680443511085565
qwen,278,pmi,1,24,0.9680460332262463
qwen,278,pmi,1,25,0.9679845309500437
qwen,278,pmi,1,26,0.9679845309500437
qwen,278,pmi,1,27,0.9680460332262463
qwen,278,pmi,1,28,0.9689884418309862
qwen,278,pmi,1,29,0.9701291147451386
qwen,278,pmi,1,30,0.9701291147451386
qwen,278,pmi,1,31,0.9701291147451386
qwen,278,pmi,1,32,0.9706303059968019
qwen,278,pmi,1,33,0.9706303059968019
qwen,278,pmi,1,34,0.9705498780746127
qwen,278,pmi,1,35,0.9705498780746127
qwen,278,pmi,1,36,0.9705610709072374
qwen,278,pmi,1,37,0.9736571579173836
qwen,278,pmi,1,38,0.9736867558314116
qwen,278,pmi,1,39,0.9736867558314116
qwen,278,pmi,1,40,0.9736673026799808
qwen,278,pmi,1,41,0.9736673026799808
qwen,278,pmi,1,42,0.9736673026799808
qwen,278,pmi,1,43,0.9736673026799808
qwen,278,pmi,1,44,0.9736673026799808
qwen,278,pmi,1,45,0.9738582065532301
qwen,278,pmi,1,46,0.9738582065532301
qwen,278,pmi,1,47,0.9738582065532301
qwen,278,pmi,1,48,0.9738582065532301
qwen,278,pmi,1,49,0.9739120228668834
qwen,454,pmi,1,0,0.9314723770908664
qwen,454,pmi,1,1,0.9830847878742273
qwen,454,pmi,1,2,0.9829696029831526
qwen,454,pmi,1,3,0.9904183378195193
qwen,454,pmi,1,4,0.9891327144546314
qwen,454,pmi,1,5,0.9906750944389011
qwen,454,pmi,1,6,0.9987703789114546
qwen,454,pmi,1,7,0.9987703789114546
qwen,454,pmi,1,8,0.9988401945981285
qwen,454,pmi,1,9,0.9988135372514204
qwen,454,pmi,1,10,0.9990440753539674
qwen,454,pmi,1,11,0.9993560233145986
qwen,454,pmi,1,12,0.9994524957546466
qwen,454,pmi,1,13,0.9994524957546466
qwen,454,pmi,1,14,0.9994139998337515
qwen,454,pmi,1,15,0.9994139998337515
qwen,454,pmi,1,16,0.9996024132012236
qwen,454,pmi,1,17,0.9996024132012236
qwen,454,pmi,1,18,0.9996364935639233
qwen,454,pmi,1,19,0.9996364935639233
qwen,454,pmi,1,20,0.9995975917177666
qwen,454,pmi,1,21,0.9995975917177666
qwen,454,pmi,1,22,0.9995975917177666
qwen,454,pmi,1,23,0.9995975917177666
qwen,454,pmi,1,24,0.9995975917177666
qwen,454,pmi,1,25,0.9995975917177666
qwen,454,pmi,1,26,0.9995962667858506
qwen,454,pmi,1,27,0.9995962667858506
qwen,454,pmi,1,28,0.9995962667858506
qwen,454,pmi,1,29,0.9995962667858506
qwen,454,pmi,1,30,0.9995962667858506
qwen,454,pmi,1,31,0.9995962667858506
qwen,454,pmi,1,32,0.9995962667858506
qwen,454,pmi,1,33,0.9995962667858506
qwen,454,pmi,1,34,0.9995974124461174
qwen,454,pmi,1,35,0.9996153472226634
qwen,454,pmi,1,36,0.9996153472226634
qwen,454,pmi,1,37,0.9996153472226634
qwen,454,pmi,1,38,0.9996153472226634
qwen,454,pmi,1,39,0.9996258757152383
qwen,454,pmi,1,40,0.9996258757152383
qwen,454,pmi,1,41,0.9996281105673218
qwen,454,pmi,1,42,0.9996281105673218
qwen,454,pmi,1,43,0.9996281105673218
qwen,454,pmi,1,44,0.9996281105673218
qwen,454,pmi,1,45,0.9996281105673218
qwen,454,pmi,1,46,0.9996281105673218
qwen,454,pmi,1,47,0.9996281105673218
qwen,454,pmi,1,48,0.9996281105673218
qwen,454,pmi,1,49,0.9996281105673218
qwen,474,pmi,1,0,0.9503840585414054
qwen,474,pmi,1,1,0.9503840585414054
qwen,474,pmi,1,2,0.9845644315965346
qwen,474,pmi,1,3,0.9970653893868944
qwen,474,pmi,1,4,0.9976951539923308
qwen,474,pmi,1,5,0.9983008084850507
qwen,474,pmi,1,6,0.9994371932114351
qwen,474,pmi,1,7,0.999518651875484
qwen,474,pmi,1,8,0.9994726564154555
qwen,474,pmi,1,9,0.9994726564154555
qwen,474,pmi,1,10,0.9994726564154555
qwen,474,pmi,1,11,0.9995169751981827
qwen,474,pmi,1,12,0.9995169751981827
qwen,474,pmi,1,13,0.9995169751981827
qwen,474,pmi,1,14,0.9995169751981827
qwen,474,pmi,1,15,0.9995169751981827
qwen,474,pmi,1,16,0.9995169751981827
qwen,474,pmi,1,17,0.9995169751981827
qwen,474,pmi,1,18,0.9995169751981827
qwen,474,pmi,1,19,0.9995169751981827
qwen,474,pmi,1,20,0.9995169751981827
qwen,474,pmi,1,21,0.9998032228599502
qwen,474,pmi,1,22,0.9998032228599502
qwen,474,pmi,1,23,0.9998032228599502
qwen,474,pmi,1,24,0.9998032228599502
qwen,474,pmi,1,25,0.9998032228599502
qwen,474,pmi,1,26,0.9998032228599502
qwen,474,pmi,1,27,0.9998032228599502
qwen,474,pmi,1,28,0.9998032228599502
qwen,474,pmi,1,29,0.9998032228599502
qwen,474,pmi,1,30,0.9998032228599502
qwen,474,pmi,1,31,0.9998032228599502
qwen,474,pmi,1,32,0.9998032228599502
qwen,474,pmi,1,33,0.9998032228599502
qwen,474,pmi,1,34,0.9997967963739467
qwen,474,pmi,1,35,0.9998025869584057
qwen,474,pmi,1,36,0.9998025869584057
qwen,474,pmi,1,37,0.9998025869584057
qwen,474,pmi,1,38,0.9998548760993218
qwen,474,pmi,1,39,0.9998702146324824
qwen,474,pmi,1,40,0.9998702146324824
qwen,474,pmi,1,41,0.9998702146324824
qwen,474,pmi,1,42,0.9998702146324824
qwen,474,pmi,1,43,0.9998702146324824
qwen,474,pmi,1,44,0.9999010170109579
qwen,474,pmi,1,45,0.9999010170109579
qwen,474,pmi,1,46,0.9999010170109579
qwen,474,pmi,1,47,0.9999010170109579
qwen,474,pmi,1,48,0.9999010170109579
qwen,474,pmi,1,49,0.9999010170109579
qwen,2,pmi,2,0,0.797051665392724
qwen,2,pmi,2,1,0.8073549415614154
qwen,2,pmi,2,2,0.8089052653527475
qwen,2,pmi,2,3,0.8686308903737111
qwen,2,pmi,2,4,0.8611411071038462
qwen,2,pmi,2,5,0.8680947299476143
qwen,2,pmi,2,6,0.9066970768096569
qwen,2,pmi,2,7,0.9082943579635105
qwen,2,pmi,2,8,0.9305233847987545
qwen,2,pmi,2,9,0.933637357688881
qwen,2,pmi,2,10,0.9364645422041954
qwen,2,pmi,2,11,0.93727138522151
qwen,2,pmi,2,12,0.9359464061868801
qwen,2,pmi,2,13,0.9367063494773957
qwen,2,pmi,2,14,0.9406329851608733
qwen,2,pmi,2,15,0.9463344099106374
qwen,2,pmi,2,16,0.9463344099106374
qwen,2,pmi,2,17,0.9472974484210259
qwen,2,pmi,2,18,0.9471245851065662
qwen,2,pmi,2,19,0.9485510091881852
qwen,2,pmi,2,20,0.9515449507637426
qwen,2,pmi,2,21,0.9519742089169878
qwen,2,pmi,2,22,0.9545296285603497
qwen,2,pmi,2,23,0.9585225302893836
qwen,2,pmi,2,24,0.9594192004597581
qwen,2,pmi,2,25,0.9592949000743776
qwen,2,pmi,2,26,0.962032709304277
qwen,2,pmi,2,27,0.9626857048577375
qwen,2,pmi,2,28,0.9634507426449488
qwen,2,pmi,2,29,0.9676418248955553
qwen,2,pmi,2,30,0.9716980626454226
qwen,2,pmi,2,31,0.9716980626454226
qwen,2,pmi,2,32,0.9726306536534169
qwen,2,pmi,2,33,0.9726306536534169
qwen,2,pmi,2,34,0.9722080096468195
qwen,2,pmi,2,35,0.9720258229487652
qwen,2,pmi,2,36,0.9720258229487652
qwen,2,pmi,2,37,0.9748164886110896
qwen,2,pmi,2,38,0.9748164886110896
qwen,2,pmi,2,39,0.9766998908541225
qwen,2,pmi,2,40,0.9839091653580423
qwen,2,pmi,2,41,0.9839032199289706
qwen,2,pmi,2,42,0.9839032199289706
qwen,2,pmi,2,43,0.9839032199289706
qwen,2,pmi,2,44,0.9829663881310471
qwen,2,pmi,2,45,0.9816740055878956
qwen,2,pmi,2,46,0.9826499389277564
qwen,2,pmi,2,47,0.9826499389277564
qwen,2,pmi,2,48,0.9826499389277564
qwen,2,pmi,2,49,0.9826499389277564
qwen,26,pmi,2,0,0.7881415588809205
qwen,26,pmi,2,1,0.8622166609710401
qwen,26,pmi,2,2,0.8642193965457223
qwen,26,pmi,2,3,0.8642193965457223
qwen,26,pmi,2,4,0.863730820852357
qwen,26,pmi,2,5,0.8799038345033342
qwen,26,pmi,2,6,0.8798795295907212
qwen,26,pmi,2,7,0.8956198222017862
qwen,26,pmi,2,8,0.8990768276535355
qwen,26,pmi,2,9,0.8990768276535355
qwen,26,pmi,2,10,0.8990768276535355
qwen,26,pmi,2,11,0.8974529057293683
qwen,26,pmi,2,12,0.9054745200786505
qwen,26,pmi,2,13,0.9507032879837999
qwen,26,pmi,2,14,0.9732601270303354
qwen,26,pmi,2,15,0.9742727937462092
qwen,26,pmi,2,16,0.9740138117436532
qwen,26,pmi,2,17,0.9751668993954186
qwen,26,pmi,2,18,0.9733010991378589
qwen,26,pmi,2,19,0.9766713592025253
qwen,26,pmi,2,20,0.9768593556530125
qwen,26,pmi,2,21,0.9773539152589289
qwen,26,pmi,2,22,0.9773539152589289
qwen,26,pmi,2,23,0.9782836435435411
qwen,26,pmi,2,24,0.9782836435435411
qwen,26,pmi,2,25,0.9782836435435411
qwen,26,pmi,2,26,0.9782730913735008
qwen,26,pmi,2,27,0.9781988357996438
qwen,26,pmi,2,28,0.9772699160260838
qwen,26,pmi,2,29,0.9772699160260838
qwen,26,pmi,2,30,0.9772699160260838
qwen,26,pmi,2,31,0.9772699160260838
qwen,26,pmi,2,32,0.9772699160260838
qwen,26,pmi,2,33,0.9772699160260838
qwen,26,pmi,2,34,0.9772699160260838
qwen,26,pmi,2,35,0.9774530070859031
qwen,26,pmi,2,36,0.9774530070859031
qwen,26,pmi,2,37,0.9774530070859031
qwen,26,pmi,2,38,0.9774530070859031
qwen,26,pmi,2,39,0.9774530070859031
qwen,26,pmi,2,40,0.9774530070859031
qwen,26,pmi,2,41,0.9774530070859031
qwen,26,pmi,2,42,0.9774530070859031
qwen,26,pmi,2,43,0.9774904656517612
qwen,26,pmi,2,44,0.9774904656517612
qwen,26,pmi,2,45,0.9770075034450839
qwen,26,pmi,2,46,0.9770075034450839
qwen,26,pmi,2,47,0.9769902859364186
qwen,26,pmi,2,48,0.9769902859364186
qwen,26,pmi,2,49,0.9769902859364186
qwen,28,pmi,2,0,0.815248521084005
qwen,28,pmi,2,1,0.9412362691093313
qwen,28,pmi,2,2,0.9731372796647899
qwen,28,pmi,2,3,0.976080376789108
qwen,28,pmi,2,4,0.9759289820877102
qwen,28,pmi,2,5,0.9915411647845496
qwen,28,pmi,2,6,0.9907475716291784
qwen,28,pmi,2,7,0.9907475716291784
qwen,28,pmi,2,8,0.9908471444996448
qwen,28,pmi,2,9,0.9908471444996448
qwen,28,pmi,2,10,0.9924661780262852
qwen,28,pmi,2,11,0.9930321638872315
qwen,28,pmi,2,12,0.9930321638872315
qwen,28,pmi,2,13,0.9943090587653018
qwen,28,pmi,2,14,0.9960038725946758
qwen,28,pmi,2,15,0.9960038725946758
qwen,28,pmi,2,16,0.9960038725946758
qwen,28,pmi,2,17,0.9960038725946758
qwen,28,pmi,2,18,0.9960038725946758
qwen,28,pmi,2,19,0.9960038725946758
qwen,28,pmi,2,20,0.9960038725946758
qwen,28,pmi,2,21,0.9959610902757436
qwen,28,pmi,2,22,0.9959610902757436
qwen,28,pmi,2,23,0.9959610902757436
qwen,28,pmi,2,24,0.9959610902757436
qwen,28,pmi,2,25,0.9959610902757436
qwen,28,pmi,2,26,0.9959610902757436
qwen,28,pmi,2,27,0.9959610902757436
qwen,28,pmi,2,28,0.9959610902757436
qwen,28,pmi,2,29,0.9959610902757436
qwen,28,pmi,2,30,0.9959610902757436
qwen,28,pmi,2,31,0.9973738299900884
qwen,28,pmi,2,32,0.9973738299900884
qwen,28,pmi,2,33,0.9973738299900884
qwen,28,pmi,2,34,0.9973738299900884
qwen,28,pmi,2,35,0.9973738299900884
qwen,28,pmi,2,36,0.9973738299900884
qwen,28,pmi,2,37,0.9973738299900884
qwen,28,pmi,2,38,0.9973738299900884
qwen,28,pmi,2,39,0.9973738299900884
qwen,28,pmi,2,40,0.9973738299900884
qwen,28,pmi,2,41,0.9973738299900884
qwen,28,pmi,2,42,0.9973738299900884
qwen,28,pmi,2,43,0.9973738299900884
qwen,28,pmi,2,44,0.9973738299900884
qwen,28,pmi,2,45,0.9973738299900884
qwen,28,pmi,2,46,0.9973797617485752
qwen,28,pmi,2,47,0.9973797617485752
qwen,28,pmi,2,48,0.9973797617485752
qwen,28,pmi,2,49,0.9973797617485752
qwen,96,pmi,2,0,0.7600023047569083
qwen,96,pmi,2,1,0.7940941722339635
qwen,96,pmi,2,2,0.7940941722339635
qwen,96,pmi,2,3,0.8252694360195254
qwen,96,pmi,2,4,0.8252694360195254
qwen,96,pmi,2,5,0.8252694360195254
qwen,96,pmi,2,6,0.8252694360195254
qwen,96,pmi,2,7,0.8873924213278749
qwen,96,pmi,2,8,0.8863236841319893
qwen,96,pmi,2,9,0.8941268861607914
qwen,96,pmi,2,10,0.9376513436142164
qwen,96,pmi,2,11,0.9568052632299808
qwen,96,pmi,2,12,0.9568052632299808
qwen,96,pmi,2,13,0.9568052632299808
qwen,96,pmi,2,14,0.9568052632299808
qwen,96,pmi,2,15,0.9568052632299808
qwen,96,pmi,2,16,0.9568052632299808
qwen,96,pmi,2,17,0.9568052632299808
qwen,96,pmi,2,18,0.9568052632299808
qwen,96,pmi,2,19,0.9568052632299808
qwen,96,pmi,2,20,0.9568052632299808
qwen,96,pmi,2,21,0.9606754366352623
qwen,96,pmi,2,22,0.9636473431888777
qwen,96,pmi,2,23,0.9635871116351704
qwen,96,pmi,2,24,0.9635871116351704
qwen,96,pmi,2,25,0.9635871116351704
qwen,96,pmi,2,26,0.9635693723034011
qwen,96,pmi,2,27,0.9686474263746592
qwen,96,pmi,2,28,0.9686474263746592
qwen,96,pmi,2,29,0.9686335634062256
qwen,96,pmi,2,30,0.9686335634062256
qwen,96,pmi,2,31,0.9686335634062256
qwen,96,pmi,2,32,0.9688795370900113
qwen,96,pmi,2,33,0.968894176528702
qwen,96,pmi,2,34,0.968894176528702
qwen,96,pmi,2,35,0.968894176528702
qwen,96,pmi,2,36,0.9689120933197547
qwen,96,pmi,2,37,0.9689131536384816
qwen,96,pmi,2,38,0.9689131536384816
qwen,96,pmi,2,39,0.9689131536384816
qwen,96,pmi,2,40,0.9689131536384816
qwen,96,pmi,2,41,0.9742543065972007
qwen,96,pmi,2,42,0.9746020941238001
qwen,96,pmi,2,43,0.9768888565352154
qwen,96,pmi,2,44,0.9768888565352154
qwen,96,pmi,2,45,0.9768888565352154
qwen,96,pmi,2,46,0.9768888565352154
qwen,96,pmi,2,47,0.9768888565352154
qwen,96,pmi,2,48,0.9769468333999158
qwen,96,pmi,2,49,0.9769468333999158
qwen,196,pmi,2,0,0.5578371230904404
qwen,196,pmi,2,1,0.5719032515813638
qwen,196,pmi,2,2,0.5719032515813638
qwen,196,pmi,2,3,0.5856758596839847
qwen,196,pmi,2,4,0.6169457751530426
qwen,196,pmi,2,5,0.6169457751530426
qwen,196,pmi,2,6,0.6235944166913762
qwen,196,pmi,2,7,0.6299948442626644
qwen,196,pmi,2,8,0.6292552311678191
qwen,196,pmi,2,9,0.6713690678099613
qwen,196,pmi,2,10,0.670539967469625
qwen,196,pmi,2,11,0.6775986436788026
qwen,196,pmi,2,12,0.6777648337789484
qwen,196,pmi,2,13,0.6777648337789484
qwen,196,pmi,2,14,0.6932715352054115
qwen,196,pmi,2,15,0.693187925013694
qwen,196,pmi,2,16,0.7143547408752613
qwen,196,pmi,2,17,0.7149749022346359
qwen,196,pmi,2,18,0.7389180951111309
qwen,196,pmi,2,19,0.7443427013026344
qwen,196,pmi,2,20,0.745001434474378
qwen,196,pmi,2,21,0.7454289470885967
qwen,196,pmi,2,22,0.7551124657954541
qwen,196,pmi,2,23,0.7718372320806658
qwen,196,pmi,2,24,0.7720890610783665
qwen,196,pmi,2,25,0.7730893226894172
qwen,196,pmi,2,26,0.7739207091274204
qwen,196,pmi,2,27,0.7742944357094463
qwen,196,pmi,2,28,0.7742944357094463
qwen,196,pmi,2,29,0.7742944357094463
qwen,196,pmi,2,30,0.7746650656243343
qwen,196,pmi,2,31,0.7747548656599658
qwen,196,pmi,2,32,0.7747548656599658
qwen,196,pmi,2,33,0.7827218663585078
qwen,196,pmi,2,34,0.7827218663585078
qwen,196,pmi,2,35,0.7827592399922219
qwen,196,pmi,2,36,0.7827592399922219
qwen,196,pmi,2,37,0.7827592399922219
qwen,196,pmi,2,38,0.7835906350218855
qwen,196,pmi,2,39,0.7844444664569945
qwen,196,pmi,2,40,0.7844444664569945
qwen,196,pmi,2,41,0.7844444664569945
qwen,196,pmi,2,42,0.7889333613462991
qwen,196,pmi,2,43,0.7889333613462991
qwen,196,pmi,2,44,0.7889333613462991
qwen,196,pmi,2,45,0.7889333613462991
qwen,196,pmi,2,46,0.7889333613462991
qwen,196,pmi,2,47,0.8814948711309346
qwen,196,pmi,2,48,0.8814948711309346
qwen,196,pmi,2,49,0.881457490427
qwen,278,pmi,2,0,0.8257552463414888
qwen,278,pmi,2,1,0.85079951681945
qwen,278,pmi,2,2,0.8746813499250786
qwen,278,pmi,2,3,0.8790357144118398
qwen,278,pmi,2,4,0.9660729962838963
qwen,278,pmi,2,5,0.9631900471544335
qwen,278,pmi,2,6,0.9634979833161467
qwen,278,pmi,2,7,0.9634901859527766
qwen,278,pmi,2,8,0.9629133035695883
qwen,278,pmi,2,9,0.978020785330338
qwen,278,pmi,2,10,0.9779792199835855
qwen,278,pmi,2,11,0.9781352744872914
qwen,278,pmi,2,12,0.9781352744872914
qwen,278,pmi,2,13,0.9781112098277397
qwen,278,pmi,2,14,0.9813904012655067
qwen,278,pmi,2,15,0.9814047112388556
qwen,278,pmi,2,16,0.9814047112388556
qwen,278,pmi,2,17,0.9816360397283341
qwen,278,pmi,2,18,0.9813377159651712
qwen,278,pmi,2,19,0.9823327588549174
qwen,278,pmi,2,20,0.9845348639953257
qwen,278,pmi,2,21,0.9871870985544752
qwen,278,pmi,2,22,0.9871870985544752
qwen,278,pmi,2,23,0.9874123676722053
qwen,278,pmi,2,24,0.9874750616942605
qwen,278,pmi,2,25,0.9874750616942605
qwen,278,pmi,2,26,0.9881063465468227
qwen,278,pmi,2,27,0.9890074677862976
qwen,278,pmi,2,28,0.9890074677862976
qwen,278,pmi,2,29,0.9890074677862976
qwen,278,pmi,2,30,0.9890074677862976
qwen,278,pmi,2,31,0.988848181270616
qwen,278,pmi,2,32,0.9886672069932696
qwen,278,pmi,2,33,0.9886672069932696
qwen,278,pmi,2,34,0.9886672069932696
qwen,278,pmi,2,35,0.9886672069932696
qwen,278,pmi,2,36,0.9886672069932696
qwen,278,pmi,2,37,0.9886032122538426
qwen,278,pmi,2,38,0.9886032122538426
qwen,278,pmi,2,39,0.9954590967475414
qwen,278,pmi,2,40,0.9955230914869684
qwen,278,pmi,2,41,0.9955230914869684
qwen,278,pmi,2,42,0.9955230914869684
qwen,278,pmi,2,43,0.9955230914869684
qwen,278,pmi,2,44,0.9955230914869684
qwen,278,pmi,2,45,0.9957793341973984
qwen,278,pmi,2,46,0.995734072148019
qwen,278,pmi,2,47,0.9960287585529177
qwen,278,pmi,2,48,0.9960287585529177
qwen,278,pmi,2,49,0.9965265963275359
qwen,454,pmi,2,0,0.9761243167421245
qwen,454,pmi,2,1,0.9767903595213462
qwen,454,pmi,2,2,0.9882931606388472
qwen,454,pmi,2,3,0.9931003528735066
qwen,454,pmi,2,4,0.9961053367293058
qwen,454,pmi,2,5,0.9961630035196013
qwen,454,pmi,2,6,0.9961630035196013
qwen,454,pmi,2,7,0.9967919813471172
qwen,454,pmi,2,8,0.9967919813471172
qwen,454,pmi,2,9,0.997007630799343
qwen,454,pmi,2,10,0.997128834115157
qwen,454,pmi,2,11,0.997387838902734
qwen,454,pmi,2,12,0.997387838902734
qwen,454,pmi,2,13,0.9979018102462518
qwen,454,pmi,2,14,0.9979018102462518
qwen,454,pmi,2,15,0.9979018102462518
qwen,454,pmi,2,16,0.9979026044408481
qwen,454,pmi,2,17,0.9979026044408481
qwen,454,pmi,2,18,0.9977456566637152
qwen,454,pmi,2,19,0.9977553973273207
qwen,454,pmi,2,20,0.9979910337799509
qwen,454,pmi,2,21,0.9979910337799509
qwen,454,pmi,2,22,0.9979910337799509
qwen,454,pmi,2,23,0.9979910337799509
qwen,454,pmi,2,24,0.9979910337799509
qwen,454,pmi,2,25,0.9979944843735304
qwen,454,pmi,2,26,0.9979896181357327
qwen,454,pmi,2,27,0.9979896181357327
qwen,454,pmi,2,28,0.9979896181357327
qwen,454,pmi,2,29,0.9979896181357327
qwen,454,pmi,2,30,0.9982096278474193
qwen,454,pmi,2,31,0.9982312551791758
qwen,454,pmi,2,32,0.9982312551791758
qwen,454,pmi,2,33,0.998605278275051
qwen,454,pmi,2,34,0.998605278275051
qwen,454,pmi,2,35,0.9986517433505145
qwen,454,pmi,2,36,0.9986517433505145
qwen,454,pmi,2,37,0.9986517433505145
qwen,454,pmi,2,38,0.9986426667633453
qwen,454,pmi,2,39,0.9986426667633453
qwen,454,pmi,2,40,0.9986426667633453
qwen,454,pmi,2,41,0.9986426667633453
qwen,454,pmi,2,42,0.9986426667633453
qwen,454,pmi,2,43,0.9986426667633453
qwen,454,pmi,2,44,0.9986426667633453
qwen,454,pmi,2,45,0.9986426667633453
qwen,454,pmi,2,46,0.9986425004772359
qwen,454,pmi,2,47,0.9986425004772359
qwen,454,pmi,2,48,0.9986425004772359
qwen,454,pmi,2,49,0.9986425004772359
qwen,474,pmi,2,0,0.9895479621893309
qwen,474,pmi,2,1,0.9898593515428937
qwen,474,pmi,2,2,0.9906874188858766
qwen,474,pmi,2,3,0.9911241952978305
qwen,474,pmi,2,4,0.9911241952978305
qwen,474,pmi,2,5,0.9922265244798314
qwen,474,pmi,2,6,0.9922138480162322
qwen,474,pmi,2,7,0.9956343835124384
qwen,474,pmi,2,8,0.9956343835124384
qwen,474,pmi,2,9,0.9954109613500765
qwen,474,pmi,2,10,0.997067654753301
qwen,474,pmi,2,11,0.9984659524772219
qwen,474,pmi,2,12,0.998492569189023
qwen,474,pmi,2,13,0.998492569189023
qwen,474,pmi,2,14,0.998492569189023
qwen,474,pmi,2,15,0.998492569189023
qwen,474,pmi,2,16,0.998492569189023
qwen,474,pmi,2,17,0.9987111595608676
qwen,474,pmi,2,18,0.9987111595608676
qwen,474,pmi,2,19,0.9987111595608676
qwen,474,pmi,2,20,0.9987111595608676
qwen,474,pmi,2,21,0.9987111595608676
qwen,474,pmi,2,22,0.9987111595608676
qwen,474,pmi,2,23,0.9987111595608676
qwen,474,pmi,2,24,0.9987111595608676
qwen,474,pmi,2,25,0.9987103749359021
qwen,474,pmi,2,26,0.9987103749359021
qwen,474,pmi,2,27,0.9987103749359021
qwen,474,pmi,2,28,0.9989601459960211
qwen,474,pmi,2,29,0.9989601459960211
qwen,474,pmi,2,30,0.9989601459960211
qwen,474,pmi,2,31,0.9989601459960211
qwen,474,pmi,2,32,0.9989006996188691
qwen,474,pmi,2,33,0.9990138882459634
qwen,474,pmi,2,34,0.9991013587402674
qwen,474,pmi,2,35,0.9991013587402674
qwen,474,pmi,2,36,0.9990977307906601
qwen,474,pmi,2,37,0.9992003324732981
qwen,474,pmi,2,38,0.9992003252176702
qwen,474,pmi,2,39,0.9992003252176702
qwen,474,pmi,2,40,0.9993432055018732
qwen,474,pmi,2,41,0.9993432055018732
qwen,474,pmi,2,42,0.9993432055018732
qwen,474,pmi,2,43,0.9993432055018732
qwen,474,pmi,2,44,0.9993432055018732
qwen,474,pmi,2,45,0.9993432055018732
qwen,474,pmi,2,46,0.9993538062455847
qwen,474,pmi,2,47,0.9993538062455847
qwen,474,pmi,2,48,0.9993527068823271
qwen,474,pmi,2,49,0.9993554278445326
qwen,2,pmi,3,0,0.7744058796593377
qwen,2,pmi,3,1,0.7489817224823319
qwen,2,pmi,3,2,0.7579020651969108
qwen,2,pmi,3,3,0.7597350476382373
qwen,2,pmi,3,4,0.7598525982898277
qwen,2,pmi,3,5,0.7728123129667105
qwen,2,pmi,3,6,0.7763144241438973
qwen,2,pmi,3,7,0.8574308967805123
qwen,2,pmi,3,8,0.868751306344081
qwen,2,pmi,3,9,0.8729069615090574
qwen,2,pmi,3,10,0.8649249026725243
qwen,2,pmi,3,11,0.8757777688381551
qwen,2,pmi,3,12,0.8757777688381551
qwen,2,pmi,3,13,0.8866831960083845
qwen,2,pmi,3,14,0.8971639293450135
qwen,2,pmi,3,15,0.8969808710408999
qwen,2,pmi,3,16,0.8969808710408999
qwen,2,pmi,3,17,0.8903959952854179
qwen,2,pmi,3,18,0.8896938894425068
qwen,2,pmi,3,19,0.8896938894425068
qwen,2,pmi,3,20,0.8896938894425068
qwen,2,pmi,3,21,0.8896938894425068
qwen,2,pmi,3,22,0.8950898500534149
qwen,2,pmi,3,23,0.8950898500534149
qwen,2,pmi,3,24,0.8950898500534149
qwen,2,pmi,3,25,0.8950898500534149
qwen,2,pmi,3,26,0.8950898500534149
qwen,2,pmi,3,27,0.8949384599834591
qwen,2,pmi,3,28,0.8949384599834591
qwen,2,pmi,3,29,0.8949384599834591
qwen,2,pmi,3,30,0.894026715923716
qwen,2,pmi,3,31,0.894026715923716
qwen,2,pmi,3,32,0.894026715923716
qwen,2,pmi,3,33,0.8962036909104825
qwen,2,pmi,3,34,0.8969018222154439
qwen,2,pmi,3,35,0.8969018222154439
qwen,2,pmi,3,36,0.8971282832615368
qwen,2,pmi,3,37,0.896963965606403
qwen,2,pmi,3,38,0.8968318714214873
qwen,2,pmi,3,39,0.8968318714214873
qwen,2,pmi,3,40,0.9447007757407409
qwen,2,pmi,3,41,0.9446954687794407
qwen,2,pmi,3,42,0.9518675814877758
qwen,2,pmi,3,43,0.9518675814877758
qwen,2,pmi,3,44,0.9544443667113961
qwen,2,pmi,3,45,0.9535406421612691
qwen,2,pmi,3,46,0.9535406421612691
qwen,2,pmi,3,47,0.9534162880780104
qwen,2,pmi,3,48,0.9638899688248161
qwen,2,pmi,3,49,0.9638899688248161
qwen,26,pmi,3,0,0.7770776355320269
qwen,26,pmi,3,1,0.8426630637040725
qwen,26,pmi,3,2,0.8399981288043586
qwen,26,pmi,3,3,0.9085378442798648
qwen,26,pmi,3,4,0.9110781466280733
qwen,26,pmi,3,5,0.9102275853042487
qwen,26,pmi,3,6,0.9081401049911797
qwen,26,pmi,3,7,0.9101680389216712
qwen,26,pmi,3,8,0.9101459167383097
qwen,26,pmi,3,9,0.9107866406261742
qwen,26,pmi,3,10,0.9129167058625378
qwen,26,pmi,3,11,0.9130036998260487
qwen,26,pmi,3,12,0.9130036998260487
qwen,26,pmi,3,13,0.9137315051602172
qwen,26,pmi,3,14,0.9534732658673335
qwen,26,pmi,3,15,0.97589622715393
qwen,26,pmi,3,16,0.97589622715393
qwen,26,pmi,3,17,0.9815765338259059
qwen,26,pmi,3,18,0.9827430506905279
qwen,26,pmi,3,19,0.9813685707143835
qwen,26,pmi,3,20,0.9820507987214997
qwen,26,pmi,3,21,0.9820507987214997
qwen,26,pmi,3,22,0.9820507987214997
qwen,26,pmi,3,23,0.9820507987214997
qwen,26,pmi,3,24,0.9821920316588055
qwen,26,pmi,3,25,0.9823473976986545
qwen,26,pmi,3,26,0.9823473976986545
qwen,26,pmi,3,27,0.9814880887667339
qwen,26,pmi,3,28,0.981706549500202
qwen,26,pmi,3,29,0.981706549500202
qwen,26,pmi,3,30,0.9842305519917347
qwen,26,pmi,3,31,0.9840790449051527
qwen,26,pmi,3,32,0.9840790449051527
qwen,26,pmi,3,33,0.9840790449051527
qwen,26,pmi,3,34,0.9843324639865227
qwen,26,pmi,3,35,0.9844506863538209
qwen,26,pmi,3,36,0.9844472571178241
qwen,26,pmi,3,37,0.9844472571178241
qwen,26,pmi,3,38,0.9844472571178241
qwen,26,pmi,3,39,0.9844472571178241
qwen,26,pmi,3,40,0.9844472571178241
qwen,26,pmi,3,41,0.9844472571178241
qwen,26,pmi,3,42,0.9844472571178241
qwen,26,pmi,3,43,0.9845987642044061
qwen,26,pmi,3,44,0.9845987642044061
qwen,26,pmi,3,45,0.9845987642044061
qwen,26,pmi,3,46,0.9845987642044061
qwen,26,pmi,3,47,0.9845987642044061
qwen,26,pmi,3,48,0.9845987642044061
qwen,26,pmi,3,49,0.9845987642044061
qwen,28,pmi,3,0,0.879577199483777
qwen,28,pmi,3,1,0.9200459029133972
qwen,28,pmi,3,2,0.9181400284215853
qwen,28,pmi,3,3,0.9588296877013313
qwen,28,pmi,3,4,0.9588296877013313
qwen,28,pmi,3,5,0.9544198122155201
qwen,28,pmi,3,6,0.9542482275258493
qwen,28,pmi,3,7,0.9654094468768653
qwen,28,pmi,3,8,0.9651746598852646
qwen,28,pmi,3,9,0.9642259213435757
qwen,28,pmi,3,10,0.9642259213435757
qwen,28,pmi,3,11,0.9659885066273333
qwen,28,pmi,3,12,0.9685139379187209
qwen,28,pmi,3,13,0.9684903374551472
qwen,28,pmi,3,14,0.9684903374551472
qwen,28,pmi,3,15,0.9688120138672021
qwen,28,pmi,3,16,0.967256278135218
qwen,28,pmi,3,17,0.9795127727382176
qwen,28,pmi,3,18,0.9799406257074874
qwen,28,pmi,3,19,0.986987971082643
qwen,28,pmi,3,20,0.9863204566968811
qwen,28,pmi,3,21,0.9858120352745772
qwen,28,pmi,3,22,0.9886895727153654
qwen,28,pmi,3,23,0.9886895727153654
qwen,28,pmi,3,24,0.9886895727153654
qwen,28,pmi,3,25,0.9886895727153654
qwen,28,pmi,3,26,0.9884610055937422
qwen,28,pmi,3,27,0.9885792837620855
qwen,28,pmi,3,28,0.9952545355188774
qwen,28,pmi,3,29,0.9937492730739238
qwen,28,pmi,3,30,0.9937492730739238
qwen,28,pmi,3,31,0.9937356038203647
qwen,28,pmi,3,32,0.9937356038203647
qwen,28,pmi,3,33,0.9937356038203647
qwen,28,pmi,3,34,0.9937356038203647
qwen,28,pmi,3,35,0.9937356038203647
qwen,28,pmi,3,36,0.9937356038203647
qwen,28,pmi,3,37,0.9937356038203647
qwen,28,pmi,3,38,0.9937356038203647
qwen,28,pmi,3,39,0.9937356038203647
qwen,28,pmi,3,40,0.9944072356587416
qwen,28,pmi,3,41,0.9944072356587416
qwen,28,pmi,3,42,0.9944072356587416
qwen,28,pmi,3,43,0.9950095531125147
qwen,28,pmi,3,44,0.9953598586490024
qwen,28,pmi,3,45,0.9953598586490024
qwen,28,pmi,3,46,0.9953598586490024
qwen,28,pmi,3,47,0.9953598586490024
qwen,28,pmi,3,48,0.9953598586490024
qwen,28,pmi,3,49,0.9953598586490024
qwen,96,pmi,3,0,0.6809822597365449
qwen,96,pmi,3,1,0.7801740429853733
qwen,96,pmi,3,2,0.780291851290915
qwen,96,pmi,3,3,0.7804031720353052
qwen,96,pmi,3,4,0.8237417838554608
qwen,96,pmi,3,5,0.8247351692756332
qwen,96,pmi,3,6,0.8248600648011772
qwen,96,pmi,3,7,0.8282858721509438
qwen,96,pmi,3,8,0.8581032688595718
qwen,96,pmi,3,9,0.8590942636544525
qwen,96,pmi,3,10,0.8628264315750288
qwen,96,pmi,3,11,0.8626387598721877
qwen,96,pmi,3,12,0.8679754255003295
qwen,96,pmi,3,13,0.8679754255003295
qwen,96,pmi,3,14,0.8681182167903865
qwen,96,pmi,3,15,0.869098610675382
qwen,96,pmi,3,16,0.869098610675382
qwen,96,pmi,3,17,0.869098610675382
qwen,96,pmi,3,18,0.869098610675382
qwen,96,pmi,3,19,0.8924101188641449
qwen,96,pmi,3,20,0.8924101188641449
qwen,96,pmi,3,21,0.8924101188641449
qwen,96,pmi,3,22,0.8925837950194464
qwen,96,pmi,3,23,0.8925837950194464
qwen,96,pmi,3,24,0.8925837950194464
qwen,96,pmi,3,25,0.8925837950194464
qwen,96,pmi,3,26,0.8925837950194464
qwen,96,pmi,3,27,0.8925837950194464
qwen,96,pmi,3,28,0.8925837950194464
qwen,96,pmi,3,29,0.8925837950194464
qwen,96,pmi,3,30,0.8925837950194464
qwen,96,pmi,3,31,0.8925837950194464
qwen,96,pmi,3,32,0.8925837950194464
qwen,96,pmi,3,33,0.8925837950194464
qwen,96,pmi,3,34,0.8925837950194464
qwen,96,pmi,3,35,0.8925837950194464
qwen,96,pmi,3,36,0.8925837950194464
qwen,96,pmi,3,37,0.8925837950194464
qwen,96,pmi,3,38,0.8925837950194464
qwen,96,pmi,3,39,0.8925837950194464
qwen,96,pmi,3,40,0.9160098232849156
qwen,96,pmi,3,41,0.9160098232849156
qwen,96,pmi,3,42,0.9160098232849156
qwen,96,pmi,3,43,0.9160098232849156
qwen,96,pmi,3,44,0.9160098232849156
qwen,96,pmi,3,45,0.9161046655046139
qwen,96,pmi,3,46,0.9161046655046139
qwen,96,pmi,3,47,0.9161046655046139
qwen,96,pmi,3,48,0.9161046655046139
qwen,96,pmi,3,49,0.9161046655046139
qwen,196,pmi,3,0,0.5574657122294109
qwen,196,pmi,3,1,0.6113521791435218
qwen,196,pmi,3,2,0.6103842605699648
qwen,196,pmi,3,3,0.6113521791435218
qwen,196,pmi,3,4,0.6117421904125728
qwen,196,pmi,3,5,0.6115709639884329
qwen,196,pmi,3,6,0.6174779563873738
qwen,196,pmi,3,7,0.6174779563873738
qwen,196,pmi,3,8,0.6174558599789938
qwen,196,pmi,3,9,0.6304828645409764
qwen,196,pmi,3,10,0.6697494585413833
qwen,196,pmi,3,11,0.6697494585413833
qwen,196,pmi,3,12,0.6697436093210101
qwen,196,pmi,3,13,0.6723095346857478
qwen,196,pmi,3,14,0.7020244050670315
qwen,196,pmi,3,15,0.7014385918239215
qwen,196,pmi,3,16,0.7021116343167451
qwen,196,pmi,3,17,0.717031707634797
qwen,196,pmi,3,18,0.7173561005441992
qwen,196,pmi,3,19,0.7180570594004324
qwen,196,pmi,3,20,0.7180570594004324
qwen,196,pmi,3,21,0.7196132875419594
qwen,196,pmi,3,22,0.7196132875419594
qwen,196,pmi,3,23,0.7236775273496323
qwen,196,pmi,3,24,0.7241516342392197
qwen,196,pmi,3,25,0.7243975142279903
qwen,196,pmi,3,26,0.7243975142279903
qwen,196,pmi,3,27,0.7325341268344684
qwen,196,pmi,3,28,0.7325341268344684
qwen,196,pmi,3,29,0.7325341268344684
qwen,196,pmi,3,30,0.7363489801819261
qwen,196,pmi,3,31,0.7363489801819261
qwen,196,pmi,3,32,0.7406283957106214
qwen,196,pmi,3,33,0.7405837495047766
qwen,196,pmi,3,34,0.7406401732662418
qwen,196,pmi,3,35,0.7406401732662418
qwen,196,pmi,3,36,0.74077759535463
qwen,196,pmi,3,37,0.74077759535463
qwen,196,pmi,3,38,0.74077759535463
qwen,196,pmi,3,39,0.74077759535463
qwen,196,pmi,3,40,0.74077759535463
qwen,196,pmi,3,41,0.74077759535463
qwen,196,pmi,3,42,0.74077759535463
qwen,196,pmi,3,43,0.74077759535463
qwen,196,pmi,3,44,0.74077759535463
qwen,196,pmi,3,45,0.74077759535463
qwen,196,pmi,3,46,0.7408123040521466
qwen,196,pmi,3,47,0.7408123040521466
qwen,196,pmi,3,48,0.7408123040521466
qwen,196,pmi,3,49,0.7408123040521466
qwen,278,pmi,3,0,0.8448108037312827
qwen,278,pmi,3,1,0.8686285595012371
qwen,278,pmi,3,2,0.8759644930366172
qwen,278,pmi,3,3,0.9004104005544293
qwen,278,pmi,3,4,0.8987527660580875
qwen,278,pmi,3,5,0.8990772940012391
qwen,278,pmi,3,6,0.8976076169826058
qwen,278,pmi,3,7,0.8975603590886145
qwen,278,pmi,3,8,0.8979801152991416
qwen,278,pmi,3,9,0.9037635947592567
qwen,278,pmi,3,10,0.9067463083558729
qwen,278,pmi,3,11,0.9065805786388237
qwen,278,pmi,3,12,0.907269143988819
qwen,278,pmi,3,13,0.9206139718601276
qwen,278,pmi,3,14,0.9206139718601276
qwen,278,pmi,3,15,0.9201423497179189
qwen,278,pmi,3,16,0.9204836537223715
qwen,278,pmi,3,17,0.9205833328169332
qwen,278,pmi,3,18,0.920543522119869
qwen,278,pmi,3,19,0.9206555129138663
qwen,278,pmi,3,20,0.9212572005464866
qwen,278,pmi,3,21,0.9212572005464866
qwen,278,pmi,3,22,0.9210685607821312
qwen,278,pmi,3,23,0.9326524942722902
qwen,278,pmi,3,24,0.933416207631429
qwen,278,pmi,3,25,0.933416207631429
qwen,278,pmi,3,26,0.9331698632830268
qwen,278,pmi,3,27,0.9331696741445615
qwen,278,pmi,3,28,0.933296251852266
qwen,278,pmi,3,29,0.933296251852266
qwen,278,pmi,3,30,0.933296251852266
qwen,278,pmi,3,31,0.9333962766017108
qwen,278,pmi,3,32,0.9337183093052936
qwen,278,pmi,3,33,0.9385345728289786
qwen,278,pmi,3,34,0.9385345728289786
qwen,278,pmi,3,35,0.9459496991603136
qwen,278,pmi,3,36,0.9459496991603136
qwen,278,pmi,3,37,0.9625700248901501
qwen,278,pmi,3,38,0.9626469320605415
qwen,278,pmi,3,39,0.9632744167916466
qwen,278,pmi,3,40,0.9633715059038854
qwen,278,pmi,3,41,0.9666016403764617
qwen,278,pmi,3,42,0.9683448997647481
qwen,278,pmi,3,43,0.9685848047292562
qwen,278,pmi,3,44,0.9688792638209536
qwen,278,pmi,3,45,0.9688792638209536
qwen,278,pmi,3,46,0.9687362668122093
qwen,278,pmi,3,47,0.9687362668122093
qwen,278,pmi,3,48,0.9688792638209536
qwen,278,pmi,3,49,0.96890760648025
qwen,454,pmi,3,0,0.9483362337801101
qwen,454,pmi,3,1,0.9716798507770581
qwen,454,pmi,3,2,0.9716383371252113
qwen,454,pmi,3,3,0.972127828827558
qwen,454,pmi,3,4,0.9928677144446607
qwen,454,pmi,3,5,0.9949170356622735
qwen,454,pmi,3,6,0.9949129309094129
qwen,454,pmi,3,7,0.9954472484577774
qwen,454,pmi,3,8,0.9974252557863013
qwen,454,pmi,3,9,0.9974742587719354
qwen,454,pmi,3,10,0.9974742587719354
qwen,454,pmi,3,11,0.9975887757722836
qwen,454,pmi,3,12,0.9975887757722836
qwen,454,pmi,3,13,0.9976867319204431
qwen,454,pmi,3,14,0.9976867319204431
qwen,454,pmi,3,15,0.9976867319204431
qwen,454,pmi,3,16,0.9978828683444664
qwen,454,pmi,3,17,0.9978828683444664
qwen,454,pmi,3,18,0.9978815062867903
qwen,454,pmi,3,19,0.9978815062867903
qwen,454,pmi,3,20,0.9978815062867903
qwen,454,pmi,3,21,0.9978815062867903
qwen,454,pmi,3,22,0.9978815062867903
qwen,454,pmi,3,23,0.9978815062867903
qwen,454,pmi,3,24,0.9981291969481588
qwen,454,pmi,3,25,0.9981291969481588
qwen,454,pmi,3,26,0.9989283421544085
qwen,454,pmi,3,27,0.9989283421544085
qwen,454,pmi,3,28,0.9989283421544085
qwen,454,pmi,3,29,0.9989283421544085
qwen,454,pmi,3,30,0.9989283421544085
qwen,454,pmi,3,31,0.9989464899039784
qwen,454,pmi,3,32,0.9989464899039784
qwen,454,pmi,3,33,0.9989464899039784
qwen,454,pmi,3,34,0.9989464899039784
qwen,454,pmi,3,35,0.9994758289557404
qwen,454,pmi,3,36,0.9994758289557404
qwen,454,pmi,3,37,0.9994758289557404
qwen,454,pmi,3,38,0.9994710040648508
qwen,454,pmi,3,39,0.9994710040648508
qwen,454,pmi,3,40,0.9994710040648508
qwen,454,pmi,3,41,0.9994710040648508
qwen,454,pmi,3,42,0.9994710040648508
qwen,454,pmi,3,43,0.9994710040648508
qwen,454,pmi,3,44,0.9996315102613149
qwen,454,pmi,3,45,0.9996315102613149
qwen,454,pmi,3,46,0.9997402369060615
qwen,454,pmi,3,47,0.9997402369060615
qwen,454,pmi,3,48,0.9997402369060615
qwen,454,pmi,3,49,0.9997402369060615
qwen,474,pmi,3,0,0.9892383712652194
qwen,474,pmi,3,1,0.9965985947806681
qwen,474,pmi,3,2,0.9947891512523332
qwen,474,pmi,3,3,0.9975315443111904
qwen,474,pmi,3,4,0.9977352986190642
qwen,474,pmi,3,5,0.9983205848688153
qwen,474,pmi,3,6,0.9983205848688153
qwen,474,pmi,3,7,0.9986795001537185
qwen,474,pmi,3,8,0.9987726806916204
qwen,474,pmi,3,9,0.9987726806916204
qwen,474,pmi,3,10,0.9990683457855479
qwen,474,pmi,3,11,0.9991974874534163
qwen,474,pmi,3,12,0.9992350402952461
qwen,474,pmi,3,13,0.9992350402952461
qwen,474,pmi,3,14,0.9992350402952461
qwen,474,pmi,3,15,0.9992350402952461
qwen,474,pmi,3,16,0.9992327831507544
qwen,474,pmi,3,17,0.9992327831507544
qwen,474,pmi,3,18,0.9992327831507544
qwen,474,pmi,3,19,0.9992327831507544
qwen,474,pmi,3,20,0.9992327831507544
qwen,474,pmi,3,21,0.9992327831507544
qwen,474,pmi,3,22,0.9992327831507544
qwen,474,pmi,3,23,0.9992327831507544
qwen,474,pmi,3,24,0.9992327831507544
qwen,474,pmi,3,25,0.9992327831507544
qwen,474,pmi,3,26,0.9992647997958669
qwen,474,pmi,3,27,0.9992647997958669
qwen,474,pmi,3,28,0.9992647997958669
qwen,474,pmi,3,29,0.9992647997958669
qwen,474,pmi,3,30,0.9993934572692347
qwen,474,pmi,3,31,0.9993934572692347
qwen,474,pmi,3,32,0.9993934572692347
qwen,474,pmi,3,33,0.9995733419342118
qwen,474,pmi,3,34,0.9995733419342118
qwen,474,pmi,3,35,0.9995733419342118
qwen,474,pmi,3,36,0.9995733419342118
qwen,474,pmi,3,37,0.9995733419342118
qwen,474,pmi,3,38,0.9995733419342118
qwen,474,pmi,3,39,0.9995733419342118
qwen,474,pmi,3,40,0.9995733419342118
qwen,474,pmi,3,41,0.9995733419342118
qwen,474,pmi,3,42,0.9995733419342118
qwen,474,pmi,3,43,0.9995733419342118
qwen,474,pmi,3,44,0.9997231445452187
qwen,474,pmi,3,45,0.9997231445452187
qwen,474,pmi,3,46,0.9997231445452187
qwen,474,pmi,3,47,0.9997231445452187
qwen,474,pmi,3,48,0.9997231445452187
qwen,474,pmi,3,49,0.9997231445452187
llava,2,raw,1,0,0.9942582845687866
llava,2,raw,1,1,0.9987828731536865
llava,2,raw,1,2,0.9998527566591897
llava,2,raw,1,3,0.9998527566591897
llava,2,raw,1,4,0.9998527566591897
llava,2,raw,1,5,0.9998527566591897
llava,2,raw,1,6,0.9998188410793338
llava,2,raw,1,7,0.9998188410793338
llava,2,raw,1,8,0.9998188410793338
llava,2,raw,1,9,0.9998188410793338
llava,2,raw,1,10,0.9998188410793338
llava,2,raw,1,11,0.9998188410793338
llava,2,raw,1,12,0.9998188410793338
llava,2,raw,1,13,0.9998188410793338
llava,2,raw,1,14,0.9998188410793338
llava,2,raw,1,15,0.9998181093562472
llava,2,raw,1,16,0.9998181093562472
llava,2,raw,1,17,0.9998181093562472
llava,2,raw,1,18,0.9998433990879458
llava,2,raw,1,19,0.9998433990879458
llava,2,raw,1,20,0.9998433990879458
llava,2,raw,1,21,0.9998433990879458
llava,2,raw,1,22,0.9998433990879458
llava,2,raw,1,23,0.9998433990879458
llava,2,raw,1,24,0.9998447836877347
llava,2,raw,1,25,0.9998447836877347
llava,2,raw,1,26,0.9998630808817374
llava,2,raw,1,27,0.9998630808817374
llava,2,raw,1,28,0.9998630808817374
llava,2,raw,1,29,0.9998630808817374
llava,2,raw,1,30,0.9998630808817374
llava,2,raw,1,31,0.9998630808817374
llava,2,raw,1,32,0.9998630808817374
llava,2,raw,1,33,0.9998630808817374
llava,2,raw,1,34,0.999866364149002
llava,2,raw,1,35,0.999866364149002
llava,2,raw,1,36,0.999866364149002
llava,2,raw,1,37,0.999866364149002
llava,2,raw,1,38,0.999866364149002
llava,2,raw,1,39,0.999866364149002
llava,2,raw,1,40,0.999866364149002
llava,2,raw,1,41,0.999866364149002
llava,2,raw,1,42,0.999866364149002
llava,2,raw,1,43,0.999866364149002
llava,2,raw,1,44,0.999866364149002
llava,2,raw,1,45,0.999866364149002
llava,2,raw,1,46,0.999866364149002
llava,2,raw,1,47,0.999866364149002
llava,2,raw,1,48,0.999866364149002
llava,2,raw,1,49,0.999866364149002
llava,26,raw,1,0,0.8407738650883282
llava,26,raw,1,1,0.9431257627389811
llava,26,raw,1,2,0.9431257627389811
llava,26,raw,1,3,0.9679452111950151
llava,26,raw,1,4,0.9670735668312681
llava,26,raw,1,5,0.9670735668312681
llava,26,raw,1,6,0.9741465044809176
llava,26,raw,1,7,0.9741122174907375
llava,26,raw,1,8,0.9845218251238357
llava,26,raw,1,9,0.9855836374802633
llava,26,raw,1,10,0.9901410628993949
llava,26,raw,1,11,0.9904980027192348
llava,26,raw,1,12,0.9904980027192348
llava,26,raw,1,13,0.9904980027192348
llava,26,raw,1,14,0.9904980027192348
llava,26,raw,1,15,0.9904980027192348
llava,26,raw,1,16,0.9973810852558405
llava,26,raw,1,17,0.9973810852558405
llava,26,raw,1,18,0.9973810852558405
llava,26,raw,1,19,0.9973810852558405
llava,26,raw,1,20,0.9973810852558405
llava,26,raw,1,21,0.9973810852558405
llava,26,raw,1,22,0.997360896733072
llava,26,raw,1,23,0.997360896733072
llava,26,raw,1,24,0.997360896733072
llava,26,raw,1,25,0.997360896733072
llava,26,raw,1,26,0.997360896733072
llava,26,raw,1,27,0.997360896733072
llava,26,raw,1,28,0.997360896733072
llava,26,raw,1,29,0.997360896733072
llava,26,raw,1,30,0.997360896733072
llava,26,raw,1,31,0.997360896733072
llava,26,raw,1,32,0.9968783596345969
llava,26,raw,1,33,0.9968783596345969
llava,26,raw,1,34,0.9968783596345969
llava,26,raw,1,35,0.9968783596345969
llava,26,raw,1,36,0.9968783596345969
llava,26,raw,1,37,0.9968783596345969
llava,26,raw,1,38,0.9968783596345969
llava,26,raw,1,39,0.9968783596345969
llava,26,raw,1,40,0.9968783596345969
llava,26,raw,1,41,0.9968783596345969
llava,26,raw,1,42,0.9968783596345969
llava,26,raw,1,43,0.9968783596345969
llava,26,raw,1,44,0.9968783596345969
llava,26,raw,1,45,0.9968783596345969
llava,26,raw,1,46,0.9976376776133213
llava,26,raw,1,47,0.9976376776133213
llava,26,raw,1,48,0.9976376776133213
llava,26,raw,1,49,0.9976376776133213
llava,28,raw,1,0,0.36460564037164056
llava,28,raw,1,1,0.44450926283995307
llava,28,raw,1,2,0.579692006111145
llava,28,raw,1,3,0.6591632226342197
llava,28,raw,1,4,0.6591632226342197
llava,28,raw,1,5,0.6876762145542883
llava,28,raw,1,6,0.7178224501488089
llava,28,raw,1,7,0.7178224501488089
llava,28,raw,1,8,0.7178224501488089
llava,28,raw,1,9,0.7233059130183928
llava,28,raw,1,10,0.7233059130183928
llava,28,raw,1,11,0.7233059130183928
llava,28,raw,1,12,0.7233059130183928
llava,28,raw,1,13,0.7274030758901402
llava,28,raw,1,14,0.7836832899947065
llava,28,raw,1,15,0.7836832899947065
llava,28,raw,1,16,0.7836832899947065
llava,28,raw,1,17,0.7836832899947065
llava,28,raw,1,18,0.7840984363455672
llava,28,raw,1,19,0.8025076925396561
llava,28,raw,1,20,0.8304607175939434
llava,28,raw,1,21,0.8304607175939434
llava,28,raw,1,22,0.8304607175939434
llava,28,raw,1,23,0.8304607175939434
llava,28,raw,1,24,0.8304607175939434
llava,28,raw,1,25,0.8291911284576307
llava,28,raw,1,26,0.8291911284576307
llava,28,raw,1,27,0.8289215600750109
llava,28,raw,1,28,0.8490851867172096
llava,28,raw,1,29,0.8490851867172096
llava,28,raw,1,30,0.8490851867172096
llava,28,raw,1,31,0.8490851867172096
llava,28,raw,1,32,0.8490851867172096
llava,28,raw,1,33,0.8488780528799191
llava,28,raw,1,34,0.8490248072568003
llava,28,raw,1,35,0.8490248072568003
llava,28,raw,1,36,0.8490248072568003
llava,28,raw,1,37,0.8785295002050586
llava,28,raw,1,38,0.8785295002050586
llava,28,raw,1,39,0.8808747115838635
llava,28,raw,1,40,0.8820340372733884
llava,28,raw,1,41,0.8820340372733884
llava,28,raw,1,42,0.883227173876655
llava,28,raw,1,43,0.883227173876655
llava,28,raw,1,44,0.8830634427365955
llava,28,raw,1,45,0.8829172207965508
llava,28,raw,1,46,0.8829990863665804
llava,28,raw,1,47,0.899056883702228
llava,28,raw,1,48,0.899056883702228
llava,28,raw,1,49,0.8989973118131583
llava,96,raw,1,0,0.6965666728999775
llava,96,raw,1,1,0.7354036202072626
llava,96,raw,1,2,0.7354036202072626
llava,96,raw,1,3,0.7357217940417202
llava,96,raw,1,4,0.735504657108636
llava,96,raw,1,5,0.735504657108636
llava,96,raw,1,6,0.7358733844380133
llava,96,raw,1,7,0.7456175311516396
llava,96,raw,1,8,0.7560446399002678
llava,96,raw,1,9,0.7590564666058235
llava,96,raw,1,10,0.7703373622203219
llava,96,raw,1,11,0.7703373622203219
llava,96,raw,1,12,0.7703373622203219
llava,96,raw,1,13,0.7805229932344635
llava,96,raw,1,14,0.798131375209145
llava,96,raw,1,15,0.798131375209145
llava,96,raw,1,16,0.8117595251369853
llava,96,raw,1,17,0.8171880363789785
llava,96,raw,1,18,0.8171880363789785
llava,96,raw,1,19,0.8171880363789785
llava,96,raw,1,20,0.8171880363789785
llava,96,raw,1,21,0.8170361494319083
llava,96,raw,1,22,0.8170361494319083
llava,96,raw,1,23,0.8170361494319083
llava,96,raw,1,24,0.8170361494319083
llava,96,raw,1,25,0.8170361494319083
llava,96,raw,1,26,0.8170361494319083
llava,96,raw,1,27,0.8170361494319083
llava,96,raw,1,28,0.8171657387643306
llava,96,raw,1,29,0.8171657387643306
llava,96,raw,1,30,0.8171657387643306
llava,96,raw,1,31,0.8173176257114008
llava,96,raw,1,32,0.8175501519904934
llava,96,raw,1,33,0.8174794728380574
llava,96,raw,1,34,0.820021749465519
llava,96,raw,1,35,0.8200196926144586
llava,96,raw,1,36,0.8200196926144586
llava,96,raw,1,37,0.8200196926144586
llava,96,raw,1,38,0.8200196926144586
llava,96,raw,1,39,0.8200780638004008
llava,96,raw,1,40,0.8200780638004008
llava,96,raw,1,41,0.8238064182605668
llava,96,raw,1,42,0.8238064182605668
llava,96,raw,1,43,0.8238064182605668
llava,96,raw,1,44,0.8238064182605668
llava,96,raw,1,45,0.8238064182605668
llava,96,raw,1,46,0.8238064182605668
llava,96,raw,1,47,0.8238064182605668
llava,96,raw,1,48,0.8238064182605668
llava,96,raw,1,49,0.8267139505609694
llava,196,raw,1,0,0.9594394217382323
llava,196,raw,1,1,0.9835357981938141
llava,196,raw,1,2,0.9835357981938141
llava,196,raw,1,3,0.9913875885732897
llava,196,raw,1,4,0.9913875885732897
llava,196,raw,1,5,0.9913875885732897
llava,196,raw,1,6,0.991623018149499
llava,196,raw,1,7,0.991623018149499
llava,196,raw,1,8,0.9976428180664508
llava,196,raw,1,9,0.9976428180664508
llava,196,raw,1,10,0.9976428180664508
llava,196,raw,1,11,0.9976428180664508
llava,196,raw,1,12,0.9978052734791696
llava,196,raw,1,13,0.9978052734791696
llava,196,raw,1,14,0.9979085058600337
llava,196,raw,1,15,0.9979085058600337
llava,196,raw,1,16,0.9979085058600337
llava,196,raw,1,17,0.9979085058600337
llava,196,raw,1,18,0.9979085058600337
llava,196,raw,1,19,0.9981062876748609
llava,196,raw,1,20,0.9981062876748609
llava,196,raw,1,21,0.9982387231097923
llava,196,raw,1,22,0.9983348362259679
llava,196,raw,1,23,0.9985784464949244
llava,196,raw,1,24,0.9985784464949244
llava,196,raw,1,25,0.9985784464949244
llava,196,raw,1,26,0.9985784464949244
llava,196,raw,1,27,0.9985393283066448
llava,196,raw,1,28,0.9985393283066448
llava,196,raw,1,29,0.9985393283066448
llava,196,raw,1,30,0.9985393283066448
llava,196,raw,1,31,0.9985393283066448
llava,196,raw,1,32,0.9985393283066448
llava,196,raw,1,33,0.9985393283066448
llava,196,raw,1,34,0.9985393283066448
llava,196,raw,1,35,0.9985393283066448
llava,196,raw,1,36,0.9985393283066448
llava,196,raw,1,37,0.9985393283066448
llava,196,raw,1,38,0.9985393283066448
llava,196,raw,1,39,0.9985393283066448
llava,196,raw,1,40,0.9984981350533597
llava,196,raw,1,41,0.9984981350533597
llava,196,raw,1,42,0.9984981350533597
llava,196,raw,1,43,0.9984981350533597
llava,196,raw,1,44,0.9983925335221104
llava,196,raw,1,45,0.9983925335221104
llava,196,raw,1,46,0.9983925335221104
llava,196,raw,1,47,0.9983925335221104
llava,196,raw,1,48,0.9983925335221104
llava,196,raw,1,49,0.9984337267753957
llava,278,raw,1,0,0.42865894565675977
llava,278,raw,1,1,0.4599961848737024
llava,278,raw,1,2,0.49097036289422624
llava,278,raw,1,3,0.49097036289422624
llava,278,raw,1,4,0.49115853139580257
llava,278,raw,1,5,0.49115853139580257
llava,278,raw,1,6,0.49534503384622075
llava,278,raw,1,7,0.49534503384622075
llava,278,raw,1,8,0.5110806704348353
llava,278,raw,1,9,0.5382942610909671
llava,278,raw,1,10,0.5382942610909671
llava,278,raw,1,11,0.5382942610909671
llava,278,raw,1,12,0.538867895801862
llava,278,raw,1,13,0.538867895801862
llava,278,raw,1,14,0.5418698898959888
llava,278,raw,1,15,0.5418698898959888
llava,278,raw,1,16,0.6422512829303741
llava,278,raw,1,17,0.673236221075058
llava,278,raw,1,18,0.7211864391962688
llava,278,raw,1,19,0.7211864391962688
llava,278,raw,1,20,0.7209965398391435
llava,278,raw,1,21,0.7209522859064599
llava,278,raw,1,22,0.7209522859064599
llava,278,raw,1,23,0.7209522859064599
llava,278,raw,1,24,0.7209522859064599
llava,278,raw,1,25,0.8175227200880841
llava,278,raw,1,26,0.8175227200880841
llava,278,raw,1,27,0.8287664473577357
llava,278,raw,1,28,0.8287664473577357
llava,278,raw,1,29,0.8296564089939583
llava,278,raw,1,30,0.8527498206630718
llava,278,raw,1,31,0.8621432871016873
llava,278,raw,1,32,0.8609336160416167
llava,278,raw,1,33,0.8613241760838327
llava,278,raw,1,34,0.8613241760838327
llava,278,raw,1,35,0.8613241760838327
llava,278,raw,1,36,0.8626011744076508
llava,278,raw,1,37,0.8628022626931664
llava,278,raw,1,38,0.8762856796926113
llava,278,raw,1,39,0.8762856796926113
llava,278,raw,1,40,0.8870684362655124
llava,278,raw,1,41,0.8870684362655124
llava,278,raw,1,42,0.8869047741442267
llava,278,raw,1,43,0.8870684362655124
llava,278,raw,1,44,0.8870684362655124
llava,278,raw,1,45,0.8870684362655122
llava,278,raw,1,46,0.8870684362655124
llava,278,raw,1,47,0.8870684362655124
llava,278,raw,1,48,0.8870684362655124
llava,278,raw,1,49,0.8870684362655124
llava,454,raw,1,0,0.9360222550653625
llava,454,raw,1,1,0.9354390612505673
llava,454,raw,1,2,0.9496322352189118
llava,454,raw,1,3,0.9496322352189118
llava,454,raw,1,4,0.9683140490513477
llava,454,raw,1,5,0.9757525685568582
llava,454,raw,1,6,0.9757525685568582
llava,454,raw,1,7,0.9842184595551777
llava,454,raw,1,8,0.9842184595551777
llava,454,raw,1,9,0.9842184595551777
llava,454,raw,1,10,0.9955427449989102
llava,454,raw,1,11,0.9955427449989102
llava,454,raw,1,12,0.9955427449989102
llava,454,raw,1,13,0.9955427449989102
llava,454,raw,1,14,0.9952247045145912
llava,454,raw,1,15,0.9952247045145912
llava,454,raw,1,16,0.9954910902846794
llava,454,raw,1,17,0.9954910902846794
llava,454,raw,1,18,0.9954910902846794
llava,454,raw,1,19,0.9947425251120999
llava,454,raw,1,20,0.9947425251120999
llava,454,raw,1,21,0.9947425251120999
llava,454,raw,1,22,0.9947425251120999
llava,454,raw,1,23,0.9946693178601096
llava,454,raw,1,24,0.9946132447396799
llava,454,raw,1,25,0.9946132447396799
llava,454,raw,1,26,0.9947703227790684
llava,454,raw,1,27,0.9947703227790684
llava,454,raw,1,28,0.9947703227790684
llava,454,raw,1,29,0.9947703227790684
llava,454,raw,1,30,0.9947703227790684
llava,454,raw,1,31,0.9947703227790684
llava,454,raw,1,32,0.9947703227790684
llava,454,raw,1,33,0.9947383688578426
llava,454,raw,1,34,0.9947383688578426
llava,454,raw,1,35,0.9947383688578426
llava,454,raw,1,36,0.9947383688578426
llava,454,raw,1,37,0.9947383688578426
llava,454,raw,1,38,0.9947383688578426
llava,454,raw,1,39,0.9949379507049629
llava,454,raw,1,40,0.9949379507049629
llava,454,raw,1,41,0.9949379507049629
llava,454,raw,1,42,0.9949379507049629
llava,454,raw,1,43,0.9949379507049629
llava,454,raw,1,44,0.9949379507049629
llava,454,raw,1,45,0.9949379507049629
llava,454,raw,1,46,0.9949379507049629
llava,454,raw,1,47,0.9949379507049629
llava,454,raw,1,48,0.9949379507049629
llava,454,raw,1,49,0.9949379507049629
llava,474,raw,1,0,0.803583585497191
llava,474,raw,1,1,0.8124754632292348
llava,474,raw,1,2,0.8111810860509081
llava,474,raw,1,3,0.810817238956317
llava,474,raw,1,4,0.810817238956317
llava,474,raw,1,5,0.8106941409214095
llava,474,raw,1,6,0.8111985718430921
llava,474,raw,1,7,0.8111985718430921
llava,474,raw,1,8,0.8164150624009394
llava,474,raw,1,9,0.8463251240831187
llava,474,raw,1,10,0.868997922800778
llava,474,raw,1,11,0.8690165452175987
llava,474,raw,1,12,0.871612899675033
llava,474,raw,1,13,0.8721413119389879
llava,474,raw,1,14,0.8721413119389879
llava,474,raw,1,15,0.8859584976381816
llava,474,raw,1,16,0.886834297570759
llava,474,raw,1,17,0.8869380881761935
llava,474,raw,1,18,0.8887560756133277
llava,474,raw,1,19,0.8887381403112573
llava,474,raw,1,20,0.8885373484695052
llava,474,raw,1,21,0.8892044301597195
llava,474,raw,1,22,0.8893312876948725
llava,474,raw,1,23,0.8906028815232581
llava,474,raw,1,24,0.8906028815232581
llava,474,raw,1,25,0.8906028815232581
llava,474,raw,1,26,0.8908568826144871
llava,474,raw,1,27,0.8908568826144871
llava,474,raw,1,28,0.8913380397871492
llava,474,raw,1,29,0.8913380397871492
llava,474,raw,1,30,0.8913380397871492
llava,474,raw,1,31,0.8913380397871492
llava,474,raw,1,32,0.8913380397871492
llava,474,raw,1,33,0.8926423370363498
llava,474,raw,1,34,0.8926380886288361
llava,474,raw,1,35,0.8926779438611183
llava,474,raw,1,36,0.8926779438611183
llava,474,raw,1,37,0.9020268139307546
llava,474,raw,1,38,0.9018167978803181
llava,474,raw,1,39,0.9018167978803181
llava,474,raw,1,40,0.9018167978803181
llava,474,raw,1,41,0.902162166314456
llava,474,raw,1,42,0.9022123363373359
llava,474,raw,1,43,0.9022123363373359
llava,474,raw,1,44,0.9022123363373359
llava,474,raw,1,45,0.9022123363373359
llava,474,raw,1,46,0.9022123363373359
llava,474,raw,1,47,0.9022123363373359
llava,474,raw,1,48,0.9022123363373359
llava,474,raw,1,49,0.9042498322205875
llava,2,raw,2,0,0.9997917215029398
llava,2,raw,2,1,0.9997340154361438
llava,2,raw,2,2,0.9997340154361438
llava,2,raw,2,3,0.9997870926563446
llava,2,raw,2,4,0.9997870926563446
llava,2,raw,2,5,0.9997870926563446
llava,2,raw,2,6,0.9997870926563446
llava,2,raw,2,7,0.9997870926563446
llava,2,raw,2,8,0.9997870926563446
llava,2,raw,2,9,0.9997870926563446
llava,2,raw,2,10,0.9998241696987782
llava,2,raw,2,11,0.9998241696987782
llava,2,raw,2,12,0.9998241696987782
llava,2,raw,2,13,0.9998241696987782
llava,2,raw,2,14,0.9998241696987782
llava,2,raw,2,15,0.9998241696987782
llava,2,raw,2,16,0.9998241696987782
llava,2,raw,2,17,0.9998241696987782
llava,2,raw,2,18,0.999868378087923
llava,2,raw,2,19,0.999868378087923
llava,2,raw,2,20,0.9999146715656773
llava,2,raw,2,21,0.9999146715656773
llava,2,raw,2,22,0.9999362097846137
llava,2,raw,2,23,0.9999362097846137
llava,2,raw,2,24,0.9999362097846137
llava,2,raw,2,25,0.9999362097846137
llava,2,raw,2,26,0.9999362097846137
llava,2,raw,2,27,0.9999362097846137
llava,2,raw,2,28,0.9999362097846137
llava,2,raw,2,29,0.9999362097846137
llava,2,raw,2,30,0.9999362097846137
llava,2,raw,2,31,0.9999362097846137
llava,2,raw,2,32,0.9999362097846137
llava,2,raw,2,33,0.9999362097846137
llava,2,raw,2,34,0.9999362097846137
llava,2,raw,2,35,0.9999362097846137
llava,2,raw,2,36,0.9999362097846137
llava,2,raw,2,37,0.9999362097846137
llava,2,raw,2,38,0.9999362097846137
llava,2,raw,2,39,0.9999603059914735
llava,2,raw,2,40,0.9999603059914735
llava,2,raw,2,41,0.9999603059914735
llava,2,raw,2,42,0.9999603059914735
llava,2,raw,2,43,0.9999603059914735
llava,2,raw,2,44,0.9999603059914735
llava,2,raw,2,45,0.9999603059914735
llava,2,raw,2,46,0.9999603059914735
llava,2,raw,2,47,0.9999603059914735
llava,2,raw,2,48,0.9999603059914735
llava,2,raw,2,49,0.9999603059914735
llava,26,raw,2,0,0.8990319388227779
llava,26,raw,2,1,0.9369763816978123
llava,26,raw,2,2,0.9876879477823103
llava,26,raw,2,3,0.9870525253964617
llava,26,raw,2,4,0.985344001301774
llava,26,raw,2,5,0.985344001301774
llava,26,raw,2,6,0.985344001301774
llava,26,raw,2,7,0.9863930214811732
llava,26,raw,2,8,0.9762155479855008
llava,26,raw,2,9,0.9808563262492687
llava,26,raw,2,10,0.9808563262492687
llava,26,raw,2,11,0.9808563262492687
llava,26,raw,2,12,0.9808563262492687
llava,26,raw,2,13,0.9910337997449411
llava,26,raw,2,14,0.9910337997449411
llava,26,raw,2,15,0.9916961952909693
llava,26,raw,2,16,0.9916961952909693
llava,26,raw,2,17,0.9916961952909693
llava,26,raw,2,18,0.992601804994606
llava,26,raw,2,19,0.9925365000515729
llava,26,raw,2,20,0.9925365000515729
llava,26,raw,2,21,0.9925365000515729
llava,26,raw,2,22,0.9925365000515729
llava,26,raw,2,23,0.9925365000515729
llava,26,raw,2,24,0.9940563479701321
llava,26,raw,2,25,0.9940563479701321
llava,26,raw,2,26,0.9940563479701321
llava,26,raw,2,27,0.9938759161187364
llava,26,raw,2,28,0.9938759161187364
llava,26,raw,2,29,0.9938759161187364
llava,26,raw,2,30,0.9944027784887376
llava,26,raw,2,31,0.9944027784887376
llava,26,raw,2,32,0.9946465238973543
llava,26,raw,2,33,0.9946380006121445
llava,26,raw,2,34,0.9946380006121445
llava,26,raw,2,35,0.9946380006121445
llava,26,raw,2,36,0.9946380006121445
llava,26,raw,2,37,0.9946380006121445
llava,26,raw,2,38,0.9970543479418255
llava,26,raw,2,39,0.9970543479418255
llava,26,raw,2,40,0.9970543479418255
llava,26,raw,2,41,0.9975562927959203
llava,26,raw,2,42,0.9975562927959203
llava,26,raw,2,43,0.9975511055808884
llava,26,raw,2,44,0.9975511055808884
llava,26,raw,2,45,0.9975511055808884
llava,26,raw,2,46,0.9975511055808884
llava,26,raw,2,47,0.9975511055808884
llava,26,raw,2,48,0.9975511055808884
llava,26,raw,2,49,0.9975511055808884
llava,28,raw,2,0,0.1826427661262833
llava,28,raw,2,1,0.38300617826772526
llava,28,raw,2,2,0.3859097918680123
llava,28,raw,2,3,0.4727664635077612
llava,28,raw,2,4,0.4817949956780798
llava,28,raw,2,5,0.48096498287654865
llava,28,raw,2,6,0.48096498287654865
llava,28,raw,2,7,0.48861338180285685
llava,28,raw,2,8,0.48861338180285685
llava,28,raw,2,9,0.4882975308834254
llava,28,raw,2,10,0.4986905671723255
llava,28,raw,2,11,0.4986905671723255
llava,28,raw,2,12,0.5676413714975209
llava,28,raw,2,13,0.5696011246503654
llava,28,raw,2,14,0.569307304314665
llava,28,raw,2,15,0.6201282636270866
llava,28,raw,2,16,0.6224153184586458
llava,28,raw,2,17,0.6224153184586458
llava,28,raw,2,18,0.6224153184586458
llava,28,raw,2,19,0.62173722415894
llava,28,raw,2,20,0.62173722415894
llava,28,raw,2,21,0.6324913517401384
llava,28,raw,2,22,0.6633517659820236
llava,28,raw,2,23,0.66510573969231
llava,28,raw,2,24,0.6949696245941671
llava,28,raw,2,25,0.6963258131935789
llava,28,raw,2,26,0.6963258131935789
llava,28,raw,2,27,0.6969494427646602
llava,28,raw,2,28,0.6967387884944766
llava,28,raw,2,29,0.6966687823469573
llava,28,raw,2,30,0.6966687823469573
llava,28,raw,2,31,0.6964222736455298
llava,28,raw,2,32,0.7221398817615825
llava,28,raw,2,33,0.7407564685061888
llava,28,raw,2,34,0.7407564685061888
llava,28,raw,2,35,0.7407564685061888
llava,28,raw,2,36,0.7407564685061888
llava,28,raw,2,37,0.7407564685061888
llava,28,raw,2,38,0.7415444245925538
llava,28,raw,2,39,0.7426633950065564
llava,28,raw,2,40,0.7426633950065564
llava,28,raw,2,41,0.7426633950065564
llava,28,raw,2,42,0.7426633950065564
llava,28,raw,2,43,0.7424723029628889
llava,28,raw,2,44,0.7424723029628889
llava,28,raw,2,45,0.7424723029628889
llava,28,raw,2,46,0.7424723029628889
llava,28,raw,2,47,0.7424723029628889
llava,28,raw,2,48,0.7424723029628889
llava,28,raw,2,49,0.7424723029628889
llava,96,raw,2,0,0.7218695410548148
llava,96,raw,2,1,0.7556052108605703
llava,96,raw,2,2,0.7556052108605703
llava,96,raw,2,3,0.800280873679675
llava,96,raw,2,4,0.800280873679675
llava,96,raw,2,5,0.800280873679675
llava,96,raw,2,6,0.800280873679675
llava,96,raw,2,7,0.800280873679675
llava,96,raw,2,8,0.800280873679675
llava,96,raw,2,9,0.800280873679675
llava,96,raw,2,10,0.815595615287072
llava,96,raw,2,11,0.8212101067636008
llava,96,raw,2,12,0.8216319128929861
llava,96,raw,2,13,0.8402421372759799
llava,96,raw,2,14,0.8402421372759799
llava,96,raw,2,15,0.851106102640921
llava,96,raw,2,16,0.851106102640921
llava,96,raw,2,17,0.8514120715016276
llava,96,raw,2,18,0.8514120715016276
llava,96,raw,2,19,0.8514120715016276
llava,96,raw,2,20,0.8514120715016276
llava,96,raw,2,21,0.8514120715016276
llava,96,raw,2,22,0.8514120715016276
llava,96,raw,2,23,0.8519898683853614
llava,96,raw,2,24,0.8519898683853614
llava,96,raw,2,25,0.8519142662544338
llava,96,raw,2,26,0.8596815430560445
llava,96,raw,2,27,0.8601066588138245
llava,96,raw,2,28,0.8601066588138245
llava,96,raw,2,29,0.8601066588138245
llava,96,raw,2,30,0.8601066588138245
llava,96,raw,2,31,0.8601066588138245
llava,96,raw,2,32,0.8658604408873243
llava,96,raw,2,33,0.8658604408873243
llava,96,raw,2,34,0.8784678347693444
llava,96,raw,2,35,0.8784678347693444
llava,96,raw,2,36,0.8784678347693444
llava,96,raw,2,37,0.8784678347693444
llava,96,raw,2,38,0.8784678347693444
llava,96,raw,2,39,0.8784678347693444
llava,96,raw,2,40,0.8784678347693444
llava,96,raw,2,41,0.8784678347693444
llava,96,raw,2,42,0.8784678347693444
llava,96,raw,2,43,0.8784678347693444
llava,96,raw,2,44,0.8858712214451377
llava,96,raw,2,45,0.8858712214451377
llava,96,raw,2,46,0.8858712214451377
llava,96,raw,2,47,0.8858472936748674
llava,96,raw,2,48,0.8858472936748674
llava,96,raw,2,49,0.8858472936748674
llava,196,raw,2,0,0.9709839345635594
llava,196,raw,2,1,0.9800083405441706
llava,196,raw,2,2,0.9900360109211805
llava,196,raw,2,3,0.9942725637295582
llava,196,raw,2,4,0.9942675565814112
llava,196,raw,2,5,0.9942675565814112
llava,196,raw,2,6,0.9942675565814112
llava,196,raw,2,7,0.9955228418559284
llava,196,raw,2,8,0.9955228418559284
llava,196,raw,2,9,0.995255386686182
llava,196,raw,2,10,0.995255386686182
llava,196,raw,2,11,0.995255386686182
llava,196,raw,2,12,0.9951624060357298
llava,196,raw,2,13,0.9951624060357298
llava,196,raw,2,14,0.9951624060357298
llava,196,raw,2,15,0.995255386686182
llava,196,raw,2,16,0.996233521281062
llava,196,raw,2,17,0.9964470480297422
llava,196,raw,2,18,0.9964470480297422
llava,196,raw,2,19,0.9964208842755796
llava,196,raw,2,20,0.9964208842755796
llava,196,raw,2,21,0.9978337859785236
llava,196,raw,2,22,0.999049651551175
llava,196,raw,2,23,0.999049651551175
llava,196,raw,2,24,0.9990488416081792
llava,196,raw,2,25,0.9990059316337287
llava,196,raw,2,26,0.9990059316337287
llava,196,raw,2,27,0.9991846890957863
llava,196,raw,2,28,0.9991846890957863
llava,196,raw,2,29,0.9992174225168543
llava,196,raw,2,30,0.9992174225168543
llava,196,raw,2,31,0.9992174225168543
llava,196,raw,2,32,0.9992174225168543
llava,196,raw,2,33,0.9991934864191679
llava,196,raw,2,34,0.9991934864191679
llava,196,raw,2,35,0.9991225953753645
llava,196,raw,2,36,0.999122246070667
llava,196,raw,2,37,0.999122246070667
llava,196,raw,2,38,0.9991539685396819
llava,196,raw,2,39,0.9991563587217359
llava,196,raw,2,40,0.9991563587217359
llava,196,raw,2,41,0.9991563587217359
llava,196,raw,2,42,0.999177732804158
llava,196,raw,2,43,0.999177732804158
llava,196,raw,2,44,0.9992224740552472
llava,196,raw,2,45,0.999250338510708
llava,196,raw,2,46,0.999250338510708
llava,196,raw,2,47,0.999250338510708
llava,196,raw,2,48,0.9992714408818666
llava,196,raw,2,49,0.9992911366371062
llava,278,raw,2,0,0.4859670990592701
llava,278,raw,2,1,0.48572407578276755
llava,278,raw,2,2,0.5107524051850191
llava,278,raw,2,3,0.5102549223920663
llava,278,raw,2,4,0.5102549223920663
llava,278,raw,2,5,0.5860836749253835
llava,278,raw,2,6,0.5864171310500113
llava,278,raw,2,7,0.5864171310500113
llava,278,raw,2,8,0.5917468948785916
llava,278,raw,2,9,0.5923549071539959
llava,278,raw,2,10,0.5923549071539959
llava,278,raw,2,11,0.5921840488129829
llava,278,raw,2,12,0.5927663133133968
llava,278,raw,2,13,0.5967301297743074
llava,278,raw,2,14,0.5967301297743074
llava,278,raw,2,15,0.5974340598482579
llava,278,raw,2,16,0.6172958707011248
llava,278,raw,2,17,0.6172958707011248
llava,278,raw,2,18,0.6172958707011248
llava,278,raw,2,19,0.6172958707011248
llava,278,raw,2,20,0.6668841078378575
llava,278,raw,2,21,0.6668841078378575
llava,278,raw,2,22,0.6668766223360532
llava,278,raw,2,23,0.6668766223360532
llava,278,raw,2,24,0.6672209741593795
llava,278,raw,2,25,0.6673100803269744
llava,278,raw,2,26,0.6710366720368941
llava,278,raw,2,27,0.6710366720368941
llava,278,raw,2,28,0.6710366720368941
llava,278,raw,2,29,0.6710366720368941
llava,278,raw,2,30,0.6710366720368941
llava,278,raw,2,31,0.6710366720368941
llava,278,raw,2,32,0.6710366720368941
llava,278,raw,2,33,0.6710366720368941
llava,278,raw,2,34,0.6710366720368941
llava,278,raw,2,35,0.6710366720368941
llava,278,raw,2,36,0.6710366720368941
llava,278,raw,2,37,0.6710366720368941
llava,278,raw,2,38,0.6748957338985571
llava,278,raw,2,39,0.7194114340878645
llava,278,raw,2,40,0.7194114340878645
llava,278,raw,2,41,0.7194114340878645
llava,278,raw,2,42,0.7194114340878645
llava,278,raw,2,43,0.7194114340878645
llava,278,raw,2,44,0.719763656413885
llava,278,raw,2,45,0.7199952179861555
llava,278,raw,2,46,0.7199952179861555
llava,278,raw,2,47,0.7199952179861555
llava,278,raw,2,48,0.7199952179861555
llava,278,raw,2,49,0.7199952179861555
llava,454,raw,2,0,0.961663855152868
llava,454,raw,2,1,0.9607745090984783
llava,454,raw,2,2,0.9738334009468352
llava,454,raw,2,3,0.9753447281487024
llava,454,raw,2,4,0.9758617934920275
llava,454,raw,2,5,0.9849266358338662
llava,454,raw,2,6,0.9825888253044893
llava,454,raw,2,7,0.9863882218069049
llava,454,raw,2,8,0.9863882218069049
llava,454,raw,2,9,0.9861993887318686
llava,454,raw,2,10,0.986186869993416
llava,454,raw,2,11,0.988226083900877
llava,454,raw,2,12,0.9885729438073264
llava,454,raw,2,13,0.9885729438073264
llava,454,raw,2,14,0.9885342374732199
llava,454,raw,2,15,0.9906376586703582
llava,454,raw,2,16,0.9910583707659725
llava,454,raw,2,17,0.9910583707659725
llava,454,raw,2,18,0.9910541570769777
llava,454,raw,2,19,0.9917634738454504
llava,454,raw,2,20,0.9922869757445056
llava,454,raw,2,21,0.9922869757445056
llava,454,raw,2,22,0.9922869757445056
llava,454,raw,2,23,0.9929849455245391
llava,454,raw,2,24,0.9942949947236748
llava,454,raw,2,25,0.9964167708965428
llava,454,raw,2,26,0.9966451167653445
llava,454,raw,2,27,0.9967912004262515
llava,454,raw,2,28,0.9967912004262515
llava,454,raw,2,29,0.9967912004262515
llava,454,raw,2,30,0.9970637626344163
llava,454,raw,2,31,0.9970637626344163
llava,454,raw,2,32,0.9973038266814473
llava,454,raw,2,33,0.9976031289979459
llava,454,raw,2,34,0.9976031289979459
llava,454,raw,2,35,0.9976125242224597
llava,454,raw,2,36,0.9982663932107008
llava,454,raw,2,37,0.9982663932107008
llava,454,raw,2,38,0.9982663932107008
llava,454,raw,2,39,0.9982663932107008
llava,454,raw,2,40,0.9982365554916981
llava,454,raw,2,41,0.9982365554916981
llava,454,raw,2,42,0.9982365554916981
llava,454,raw,2,43,0.9982365554916981
llava,454,raw,2,44,0.9982365554916981
llava,454,raw,2,45,0.9982365554916981
llava,454,raw,2,46,0.998211630375312
llava,454,raw,2,47,0.998211630375312
llava,454,raw,2,48,0.998211630375312
llava,454,raw,2,49,0.998211630375312
llava,474,raw,2,0,0.8490770202176698
llava,474,raw,2,1,0.881293133121573
llava,474,raw,2,2,0.8834070783019473
llava,474,raw,2,3,0.8834070783019473
llava,474,raw,2,4,0.8827600889374101
llava,474,raw,2,5,0.8971471509157729
llava,474,raw,2,6,0.8997909697249481
llava,474,raw,2,7,0.8994597381699208
llava,474,raw,2,8,0.8994597381699208
llava,474,raw,2,9,0.8992368577554636
llava,474,raw,2,10,0.899750577508386
llava,474,raw,2,11,0.8998188606979362
llava,474,raw,2,12,0.8997500483222111
llava,474,raw,2,13,0.9004620501477021
llava,474,raw,2,14,0.9014589477995828
llava,474,raw,2,15,0.9014589477995828
llava,474,raw,2,16,0.9090109880466917
llava,474,raw,2,17,0.9141937024357376
llava,474,raw,2,18,0.9141937024357376
llava,474,raw,2,19,0.9141937024357376
llava,474,raw,2,20,0.9152274150761592
llava,474,raw,2,21,0.9152664910404349
llava,474,raw,2,22,0.9158762221450285
llava,474,raw,2,23,0.9158762221450285
llava,474,raw,2,24,0.9158762221450285
llava,474,raw,2,25,0.9158762221450285
llava,474,raw,2,26,0.9424105184883795
llava,474,raw,2,27,0.9424064350616403
llava,474,raw,2,28,0.9424064350616403
llava,474,raw,2,29,0.9424064350616403
llava,474,raw,2,30,0.9424064350616403
llava,474,raw,2,31,0.9424064350616403
llava,474,raw,2,32,0.9424064350616403
llava,474,raw,2,33,0.9423177516229867
llava,474,raw,2,34,0.9423177516229867
llava,474,raw,2,35,0.9423177516229867
llava,474,raw,2,36,0.9423177516229867
llava,474,raw,2,37,0.9423177516229867
llava,474,raw,2,38,0.9423177516229867
llava,474,raw,2,39,0.9423177516229867
llava,474,raw,2,40,0.9423177516229867
llava,474,raw,2,41,0.9427478476189103
llava,474,raw,2,42,0.9427478476189103
llava,474,raw,2,43,0.9427478476189103
llava,474,raw,2,44,0.9427478476189103
llava,474,raw,2,45,0.9427478476189103
llava,474,raw,2,46,0.9427478476189103
llava,474,raw,2,47,0.9427478476189103
llava,474,raw,2,48,0.9427478476189103
llava,474,raw,2,49,0.9425850960853022
llava,2,raw,3,0,0.9977466564278703
llava,2,raw,3,1,0.9977466564278703
llava,2,raw,3,2,0.9997195843998734
llava,2,raw,3,3,0.9997195843998734
llava,2,raw,3,4,0.9997195843998734
llava,2,raw,3,5,0.9997195843998734
llava,2,raw,3,6,0.9997108062287351
llava,2,raw,3,7,0.9997108062287351
llava,2,raw,3,8,0.9997108062287351
llava,2,raw,3,9,0.9997198150322602
llava,2,raw,3,10,0.9997198150322602
llava,2,raw,3,11,0.9997198150322602
llava,2,raw,3,12,0.9997198150322602
llava,2,raw,3,13,0.9997198150322602
llava,2,raw,3,14,0.9997198150322602
llava,2,raw,3,15,0.9997198150322602
llava,2,raw,3,16,0.9997176723974245
llava,2,raw,3,17,0.9997176723974245
llava,2,raw,3,18,0.9997176723974245
llava,2,raw,3,19,0.9997176723974245
llava,2,raw,3,20,0.9997635604561986
llava,2,raw,3,21,0.9997637709518811
llava,2,raw,3,22,0.9997637709518811
llava,2,raw,3,23,0.9997637709518811
llava,2,raw,3,24,0.9997637709518811
llava,2,raw,3,25,0.9997637709518811
llava,2,raw,3,26,0.9997637709518811
llava,2,raw,3,27,0.9997659135867167
llava,2,raw,3,28,0.9997659135867167
llava,2,raw,3,29,0.9997659135867167
llava,2,raw,3,30,0.9997659135867167
llava,2,raw,3,31,0.9997659135867167
llava,2,raw,3,32,0.9997659135867167
llava,2,raw,3,33,0.9997659135867167
llava,2,raw,3,34,0.9997659135867167
llava,2,raw,3,35,0.9997659135867167
llava,2,raw,3,36,0.9997659135867167
llava,2,raw,3,37,0.9997659135867167
llava,2,raw,3,38,0.9997659135867167
llava,2,raw,3,39,0.9997659135867167
llava,2,raw,3,40,0.9997659135867167
llava,2,raw,3,41,0.9997659135867167
llava,2,raw,3,42,0.9997659135867167
llava,2,raw,3,43,0.9997659135867167
llava,2,raw,3,44,0.9997659135867167
llava,2,raw,3,45,0.9997659135867167
llava,2,raw,3,46,0.9997659135867167
llava,2,raw,3,47,0.9997659135867167
llava,2,raw,3,48,0.9997659135867167
llava,2,raw,3,49,0.9997659135867167
llava,26,raw,3,0,0.9311122236488102
llava,26,raw,3,1,0.9338583299168597
llava,26,raw,3,2,0.9735997648568483
llava,26,raw,3,3,0.9819556665313136
llava,26,raw,3,4,0.9822170885654541
llava,26,raw,3,5,0.9855900699490899
llava,26,raw,3,6,0.9859552439805623
llava,26,raw,3,7,0.9854214208441096
llava,26,raw,3,8,0.9854214208441096
llava,26,raw,3,9,0.9910424260405806
llava,26,raw,3,10,0.9929879247784257
llava,26,raw,3,11,0.9929879247784257
llava,26,raw,3,12,0.9929879247784257
llava,26,raw,3,13,0.9940148915972438
llava,26,raw,3,14,0.9940148915972438
llava,26,raw,3,15,0.994882158151976
llava,26,raw,3,16,0.994882158151976
llava,26,raw,3,17,0.9947176569395952
llava,26,raw,3,18,0.9951544529324895
llava,26,raw,3,19,0.9951544529324895
llava,26,raw,3,20,0.9951544529324895
llava,26,raw,3,21,0.9963829987220936
llava,26,raw,3,22,0.9963829987220936
llava,26,raw,3,23,0.9963829987220936
llava,26,raw,3,24,0.9963829987220936
llava,26,raw,3,25,0.9963829987220936
llava,26,raw,3,26,0.9963829987220936
llava,26,raw,3,27,0.9963829987220936
llava,26,raw,3,28,0.9963829987220936
llava,26,raw,3,29,0.997209030765671
llava,26,raw,3,30,0.997209030765671
llava,26,raw,3,31,0.9976899471726861
llava,26,raw,3,32,0.9976899471726861
llava,26,raw,3,33,0.9976899471726861
llava,26,raw,3,34,0.9976899471726861
llava,26,raw,3,35,0.9976899471726861
llava,26,raw,3,36,0.9976899471726861
llava,26,raw,3,37,0.9976899471726861
llava,26,raw,3,38,0.9976899471726861
llava,26,raw,3,39,0.9976899471726861
llava,26,raw,3,40,0.9976899471726861
llava,26,raw,3,41,0.9976899471726861
llava,26,raw,3,42,0.9976899471726861
llava,26,raw,3,43,0.9976899471726861
llava,26,raw,3,44,0.9976899471726861
llava,26,raw,3,45,0.9976899471726861
llava,26,raw,3,46,0.9976899471726861
llava,26,raw,3,47,0.9976899471726861
llava,26,raw,3,48,0.9983685129397624
llava,26,raw,3,49,0.9983685129397624
llava,28,raw,3,0,0.18386848767598474
llava,28,raw,3,1,0.43816241702517955
llava,28,raw,3,2,0.4344436889206683
llava,28,raw,3,3,0.5978861756331928
llava,28,raw,3,4,0.5981688766150146
llava,28,raw,3,5,0.6531397315027478
llava,28,raw,3,6,0.6531397315027478
llava,28,raw,3,7,0.6547370783022575
llava,28,raw,3,8,0.6547370783022575
llava,28,raw,3,9,0.6531449245126757
llava,28,raw,3,10,0.6536516549216735
llava,28,raw,3,11,0.65301401092036
llava,28,raw,3,12,0.7381544444296095
llava,28,raw,3,13,0.7381544444296095
llava,28,raw,3,14,0.7383236708315285
llava,28,raw,3,15,0.7434319220595174
llava,28,raw,3,16,0.742960888657484
llava,28,raw,3,17,0.742960888657484
llava,28,raw,3,18,0.742960888657484
llava,28,raw,3,19,0.7430842042237789
llava,28,raw,3,20,0.7423547675480714
llava,28,raw,3,21,0.7423547675480714
llava,28,raw,3,22,0.7423547675480714
llava,28,raw,3,23,0.7421691737196467
llava,28,raw,3,24,0.743084507303553
llava,28,raw,3,25,0.7435559251376459
llava,28,raw,3,26,0.7435559251376459
llava,28,raw,3,27,0.7447287159728575
llava,28,raw,3,28,0.7476455618490329
llava,28,raw,3,29,0.7476455618490329
llava,28,raw,3,30,0.7476455618490329
llava,28,raw,3,31,0.7476455618490329
llava,28,raw,3,32,0.7476455618490329
llava,28,raw,3,33,0.7476455618490329
llava,28,raw,3,34,0.7476455618490329
llava,28,raw,3,35,0.7476455618490329
llava,28,raw,3,36,0.7476455618490329
llava,28,raw,3,37,0.7483637395116303
llava,28,raw,3,38,0.7506511732264682
llava,28,raw,3,39,0.7506511732264682
llava,28,raw,3,40,0.7506511732264682
llava,28,raw,3,41,0.7551410059492152
llava,28,raw,3,42,0.7569646954357445
llava,28,raw,3,43,0.7569646954357445
llava,28,raw,3,44,0.7569646954357445
llava,28,raw,3,45,0.7569646954357445
llava,28,raw,3,46,0.7568560560365339
llava,28,raw,3,47,0.7639493730601606
llava,28,raw,3,48,0.7639493730601606
llava,28,raw,3,49,0.7631399074384758
llava,96,raw,3,0,0.7221896993941155
llava,96,raw,3,1,0.7297273654397454
llava,96,raw,3,2,0.8320798992482412
llava,96,raw,3,3,0.8285280797871047
llava,96,raw,3,4,0.8322560748524659
llava,96,raw,3,5,0.8323831116886163
llava,96,raw,3,6,0.8320715634719185
llava,96,raw,3,7,0.832512323682016
llava,96,raw,3,8,0.8339673019994702
llava,96,raw,3,9,0.8343824141503008
llava,96,raw,3,10,0.8375712568345277
llava,96,raw,3,11,0.8375712568345277
llava,96,raw,3,12,0.8457024423736828
llava,96,raw,3,13,0.8489317968585902
llava,96,raw,3,14,0.8492431004527999
llava,96,raw,3,15,0.8490817733747057
llava,96,raw,3,16,0.8490817733747057
llava,96,raw,3,17,0.8490817733747057
llava,96,raw,3,18,0.8490817733747057
llava,96,raw,3,19,0.8502503576957189
llava,96,raw,3,20,0.8530402147801339
llava,96,raw,3,21,0.8527536132668632
llava,96,raw,3,22,0.8527536132668632
llava,96,raw,3,23,0.8535812464548822
llava,96,raw,3,24,0.8540446257638366
llava,96,raw,3,25,0.85829834107982
llava,96,raw,3,26,0.8589071536409681
llava,96,raw,3,27,0.857598911632191
llava,96,raw,3,28,0.8613428432833065
llava,96,raw,3,29,0.8628171206659322
llava,96,raw,3,30,0.8628171206659322
llava,96,raw,3,31,0.8628566335979971
llava,96,raw,3,32,0.8628566335979971
llava,96,raw,3,33,0.8627864688791933
llava,96,raw,3,34,0.8629107793132935
llava,96,raw,3,35,0.8689691212730132
llava,96,raw,3,36,0.8689411149430181
llava,96,raw,3,37,0.8689411149430181
llava,96,raw,3,38,0.8688751501528171
llava,96,raw,3,39,0.8691018995717266
llava,96,raw,3,40,0.8691018995717266
llava,96,raw,3,41,0.8691018995717266
llava,96,raw,3,42,0.8691018995717266
llava,96,raw,3,43,0.8774366324990792
llava,96,raw,3,44,0.8774366324990792
llava,96,raw,3,45,0.8774366324990792
llava,96,raw,3,46,0.8774552329177128
llava,96,raw,3,47,0.8774552329177128
llava,96,raw,3,48,0.8774552329177128
llava,96,raw,3,49,0.8774552329177128
llava,196,raw,3,0,0.9977993766466776
llava,196,raw,3,1,0.9981901686828775
llava,196,raw,3,2,0.997709873023334
llava,196,raw,3,3,0.9971869526145696
llava,196,raw,3,4,0.9970235216903974
llava,196,raw,3,5,0.9970235216903974
llava,196,raw,3,6,0.9973728676458022
llava,196,raw,3,7,0.9973728676458022
llava,196,raw,3,8,0.9973728676458022
llava,196,raw,3,9,0.9974285704237562
llava,196,raw,3,10,0.9982941057588961
llava,196,raw,3,11,0.9990376939286698
llava,196,raw,3,12,0.9990376939286698
llava,196,raw,3,13,0.9990561221454952
llava,196,raw,3,14,0.9990525061303789
llava,196,raw,3,15,0.9991535284855703
llava,196,raw,3,16,0.9991535284855703
llava,196,raw,3,17,0.9991535284855703
llava,196,raw,3,18,0.9991535284855703
llava,196,raw,3,19,0.9991647342482846
llava,196,raw,3,20,0.9991647342482846
llava,196,raw,3,21,0.9991647342482846
llava,196,raw,3,22,0.9991647342482846
llava,196,raw,3,23,0.9991647342482846
llava,196,raw,3,24,0.9989992196674462
llava,196,raw,3,25,0.9989992196674462
llava,196,raw,3,26,0.9989992196674462
llava,196,raw,3,27,0.9989992196674462
llava,196,raw,3,28,0.9989992196674462
llava,196,raw,3,29,0.9990110075151598
llava,196,raw,3,30,0.9990110075151598
llava,196,raw,3,31,0.9990110075151598
llava,196,raw,3,32,0.9990110075151598
llava,196,raw,3,33,0.9993774222361074
llava,196,raw,3,34,0.9993774222361074
llava,196,raw,3,35,0.9993774222361074
llava,196,raw,3,36,0.9993840061329506
llava,196,raw,3,37,0.9993840061329506
llava,196,raw,3,38,0.9993840061329506
llava,196,raw,3,39,0.9993840061329506
llava,196,raw,3,40,0.9993840061329506
llava,196,raw,3,41,0.9993840061329506
llava,196,raw,3,42,0.9993840061329506
llava,196,raw,3,43,0.9993840061329506
llava,196,raw,3,44,0.9993840061329506
llava,196,raw,3,45,0.9993840061329506
llava,196,raw,3,46,0.9993840061329506
llava,196,raw,3,47,0.9993840061329506
llava,196,raw,3,48,0.9993840061329506
llava,196,raw,3,49,0.9993840061329506
llava,278,raw,3,0,0.40264336516459787
llava,278,raw,3,1,0.4829282889242949
llava,278,raw,3,2,0.5352796749299965
llava,278,raw,3,3,0.5352796749299965
llava,278,raw,3,4,0.5352796749299965
llava,278,raw,3,5,0.535075744106997
llava,278,raw,3,6,0.535075744106997
llava,278,raw,3,7,0.535075744106997
llava,278,raw,3,8,0.5372325973761481
llava,278,raw,3,9,0.5526169940200261
llava,278,raw,3,10,0.6138345763152344
llava,278,raw,3,11,0.6143962339575375
llava,278,raw,3,12,0.6143962339575375
llava,278,raw,3,13,0.6143962339575375
llava,278,raw,3,14,0.6199315145362326
llava,278,raw,3,15,0.6199315145362326
llava,278,raw,3,16,0.6393013192392245
llava,278,raw,3,17,0.6393013192392245
llava,278,raw,3,18,0.6394880203180437
llava,278,raw,3,19,0.6395741083389459
llava,278,raw,3,20,0.6399187822778758
llava,278,raw,3,21,0.6399187822778758
llava,278,raw,3,22,0.6399187822778758
llava,278,raw,3,23,0.6399187822778758
llava,278,raw,3,24,0.6466952796315089
llava,278,raw,3,25,0.6466952796315089
llava,278,raw,3,26,0.6466952796315089
llava,278,raw,3,27,0.6551690132586282
llava,278,raw,3,28,0.6551690132586282
llava,278,raw,3,29,0.6551690132586282
llava,278,raw,3,30,0.6554886072906605
llava,278,raw,3,31,0.6554886072906605
llava,278,raw,3,32,0.6554886072906605
llava,278,raw,3,33,0.6615366972982885
llava,278,raw,3,34,0.6615366972982885
llava,278,raw,3,35,0.6615366972982885
llava,278,raw,3,36,0.6615366972982885
llava,278,raw,3,37,0.669438679161681
llava,278,raw,3,38,0.6693970058411578
llava,278,raw,3,39,0.6693970058411578
llava,278,raw,3,40,0.669520756948246
llava,278,raw,3,41,0.669520756948246
llava,278,raw,3,42,0.669520756948246
llava,278,raw,3,43,0.6708980395934468
llava,278,raw,3,44,0.6708980395934468
llava,278,raw,3,45,0.6708980395934468
llava,278,raw,3,46,0.6708980395934468
llava,278,raw,3,47,0.6708980395934468
llava,278,raw,3,48,0.6708980395934468
llava,278,raw,3,49,0.6708980395934468
llava,454,raw,3,0,0.8908294507464452
llava,454,raw,3,1,0.9553235764864226
llava,454,raw,3,2,0.9848701608058942
llava,454,raw,3,3,0.9874690087582064
llava,454,raw,3,4,0.9902886402484906
llava,454,raw,3,5,0.990434605039156
llava,454,raw,3,6,0.9938756826930213
llava,454,raw,3,7,0.993930639599506
llava,454,raw,3,8,0.995523452758789
llava,454,raw,3,9,0.9954660728116084
llava,454,raw,3,10,0.9982866511274386
llava,454,raw,3,11,0.9995884200954329
llava,454,raw,3,12,0.9995884200954329
llava,454,raw,3,13,0.9995161464461152
llava,454,raw,3,14,0.9995161464461152
llava,454,raw,3,15,0.9995161464461152
llava,454,raw,3,16,0.9995161464461152
llava,454,raw,3,17,0.9995161464461152
llava,454,raw,3,18,0.9995161464461152
llava,454,raw,3,19,0.9995161464461152
llava,454,raw,3,20,0.9995161464461152
llava,454,raw,3,21,0.9995161464461152
llava,454,raw,3,22,0.9995161464461152
llava,454,raw,3,23,0.9995161464461152
llava,454,raw,3,24,0.9994841858795478
llava,454,raw,3,25,0.9994841858795478
llava,454,raw,3,26,0.9994841858795478
llava,454,raw,3,27,0.9994841858795478
llava,454,raw,3,28,0.9994841858795478
llava,454,raw,3,29,0.9994841858795478
llava,454,raw,3,30,0.9994841858795479
llava,454,raw,3,31,0.9994841858795479
llava,454,raw,3,32,0.9994841858795479
llava,454,raw,3,33,0.9994841858795479
llava,454,raw,3,34,0.9994841858795479
llava,454,raw,3,35,0.9994841858795479
llava,454,raw,3,36,0.9994841858795479
llava,454,raw,3,37,0.9994841858795479
llava,454,raw,3,38,0.9994841858795479
llava,454,raw,3,39,0.9994841858795479
llava,454,raw,3,40,0.9994841858795479
llava,454,raw,3,41,0.9994841858795479
llava,454,raw,3,42,0.9995286385353922
llava,454,raw,3,43,0.9995286385353922
llava,454,raw,3,44,0.9997598676686943
llava,454,raw,3,45,0.9998454252878824
llava,454,raw,3,46,0.9998454252878824
llava,454,raw,3,47,0.9998454252878824
llava,454,raw,3,48,0.9998454252878824
llava,454,raw,3,49,0.9998454252878824
llava,474,raw,3,0,0.8120256776967011
llava,474,raw,3,1,0.8120256776967011
llava,474,raw,3,2,0.8335176428294697
llava,474,raw,3,3,0.8335808702703222
llava,474,raw,3,4,0.8332249577134949
llava,474,raw,3,5,0.8333736432968417
llava,474,raw,3,6,0.8372229298362688
llava,474,raw,3,7,0.8377264807248684
llava,474,raw,3,8,0.8391366192776459
llava,474,raw,3,9,0.8420048210265558
llava,474,raw,3,10,0.8469740590409072
llava,474,raw,3,11,0.8461367302787182
llava,474,raw,3,12,0.8461367302787182
llava,474,raw,3,13,0.8458393604682167
llava,474,raw,3,14,0.8467236145635785
llava,474,raw,3,15,0.8467236145635785
llava,474,raw,3,16,0.8467236145635785
llava,474,raw,3,17,0.8467236145635785
llava,474,raw,3,18,0.8467236145635785
llava,474,raw,3,19,0.8467236145635785
llava,474,raw,3,20,0.8467236145635785
llava,474,raw,3,21,0.8467236145635785
llava,474,raw,3,22,0.8591886269218957
llava,474,raw,3,23,0.8591886269218957
llava,474,raw,3,24,0.8591886269218957
llava,474,raw,3,25,0.8601987658914039
llava,474,raw,3,26,0.8601987658914039
llava,474,raw,3,27,0.8601987658914039
llava,474,raw,3,28,0.8601987658914039
llava,474,raw,3,29,0.8601310124305056
llava,474,raw,3,30,0.8601310124305056
llava,474,raw,3,31,0.8601310124305056
llava,474,raw,3,32,0.8601310124305056
llava,474,raw,3,33,0.8601310124305056
llava,474,raw,3,34,0.8601310124305056
llava,474,raw,3,35,0.8601261442431817
llava,474,raw,3,36,0.8601261442431817
llava,474,raw,3,37,0.8639544932101774
llava,474,raw,3,38,0.8639544932101774
llava,474,raw,3,39,0.8639544932101774
llava,474,raw,3,40,0.8639544932101774
llava,474,raw,3,41,0.8639544932101774
llava,474,raw,3,42,0.8639544932101774
llava,474,raw,3,43,0.8684433767141879
llava,474,raw,3,44,0.8684146403588262
llava,474,raw,3,45,0.8684146403588262
llava,474,raw,3,46,0.8684146403588262
llava,474,raw,3,47,0.8684146403588262
llava,474,raw,3,48,0.8685926727196192
llava,474,raw,3,49,0.8685926727196192
llava,2,pmi,1,0,0.9190394481023153
llava,2,pmi,1,1,0.9356016070993097
llava,2,pmi,1,2,0.971928964237551
llava,2,pmi,1,3,0.9704080821873547
llava,2,pmi,1,4,0.9757097357207232
llava,2,pmi,1,5,0.9757097357207232
llava,2,pmi,1,6,0.9809323376542455
llava,2,pmi,1,7,0.9878570880438831
llava,2,pmi,1,8,0.9948181582463753
llava,2,pmi,1,9,0.9928554594516754
llava,2,pmi,1,10,0.996768683732093
llava,2,pmi,1,11,0.996768683732093
llava,2,pmi,1,12,0.9964334729376498
llava,2,pmi,1,13,0.9964334729376498
llava,2,pmi,1,14,0.9976609845061202
llava,2,pmi,1,15,0.9976609845061202
llava,2,pmi,1,16,0.9979102660764803
llava,2,pmi,1,17,0.9979102660764803
llava,2,pmi,1,18,0.9979929844359378
llava,2,pmi,1,19,0.9979929844359378
llava,2,pmi,1,20,0.9982613879997093
llava,2,pmi,1,21,0.9982613879997093
llava,2,pmi,1,22,0.9982613879997093
llava,2,pmi,1,23,0.9983782141774266
llava,2,pmi,1,24,0.9983782141774266
llava,2,pmi,1,25,0.9983782141774266
llava,2,pmi,1,26,0.9983782141774266
llava,2,pmi,1,27,0.9983782141774266
llava,2,pmi,1,28,0.9983782141774266
llava,2,pmi,1,29,0.9983782141774266
llava,2,pmi,1,30,0.9983782141774266
llava,2,pmi,1,31,0.9983782141774266
llava,2,pmi,1,32,0.9983782141774266
llava,2,pmi,1,33,0.9984773375966528
llava,2,pmi,1,34,0.9984773375966528
llava,2,pmi,1,35,0.9984773375966528
llava,2,pmi,1,36,0.9984773375966528
llava,2,pmi,1,37,0.9987378279726069
llava,2,pmi,1,38,0.9987382847625572
llava,2,pmi,1,39,0.9987382847625572
llava,2,pmi,1,40,0.9987382847625572
llava,2,pmi,1,41,0.9987382847625572
llava,2,pmi,1,42,0.9987382847625572
llava,2,pmi,1,43,0.9987382847625572
llava,2,pmi,1,44,0.9987382847625572
llava,2,pmi,1,45,0.9987382847625572
llava,2,pmi,1,46,0.9987382847625572
llava,2,pmi,1,47,0.9987382847625572
llava,2,pmi,1,48,0.9987382847625572
llava,2,pmi,1,49,0.9987382847625572
llava,26,pmi,1,0,0.633374221063591
llava,26,pmi,1,1,0.6611626143749054
llava,26,pmi,1,2,0.7658238926449337
llava,26,pmi,1,3,0.7697164993565361
llava,26,pmi,1,4,0.8119061281373192
llava,26,pmi,1,5,0.8119061281373192
llava,26,pmi,1,6,0.8142572524132313
llava,26,pmi,1,7,0.8142572524132313
llava,26,pmi,1,8,0.8142572524132313
llava,26,pmi,1,9,0.8141311152919277
llava,26,pmi,1,10,0.8141311152919277
llava,26,pmi,1,11,0.8141311152919277
llava,26,pmi,1,12,0.8603250880141158
llava,26,pmi,1,13,0.8603250880141158
llava,26,pmi,1,14,0.8703186455610636
llava,26,pmi,1,15,0.8762661182844602
llava,26,pmi,1,16,0.8897050973531362
llava,26,pmi,1,17,0.8897050973531362
llava,26,pmi,1,18,0.8897050973531362
llava,26,pmi,1,19,0.8897050973531362
llava,26,pmi,1,20,0.9054024795870165
llava,26,pmi,1,21,0.9817516140572661
llava,26,pmi,1,22,0.9719245646808958
llava,26,pmi,1,23,0.9716858521954077
llava,26,pmi,1,24,0.9716858521954077
llava,26,pmi,1,25,0.9782820481795808
llava,26,pmi,1,26,0.9782820481795808
llava,26,pmi,1,27,0.9782820481795808
llava,26,pmi,1,28,0.9840491090987897
llava,26,pmi,1,29,0.9843638600171865
llava,26,pmi,1,30,0.9843638600171865
llava,26,pmi,1,31,0.9842896094551316
llava,26,pmi,1,32,0.9842896094551316
llava,26,pmi,1,33,0.9842896094551316
llava,26,pmi,1,34,0.989312505489355
llava,26,pmi,1,35,0.9915665719244215
llava,26,pmi,1,36,0.9915665719244215
llava,26,pmi,1,37,0.9933691307589099
llava,26,pmi,1,38,0.9933691307589099
llava,26,pmi,1,39,0.9933691307589099
llava,26,pmi,1,40,0.9933691307589099
llava,26,pmi,1,41,0.9941845007307895
llava,26,pmi,1,42,0.9919646384121777
llava,26,pmi,1,43,0.9913483086649004
llava,26,pmi,1,44,0.9913483086649004
llava,26,pmi,1,45,0.9913483086649004
llava,26,pmi,1,46,0.9913483086649004
llava,26,pmi,1,47,0.9913579897658603
llava,26,pmi,1,48,0.9913579897658603
llava,26,pmi,1,49,0.9913579897658603
llava,28,pmi,1,0,0.9765046437581381
llava,28,pmi,1,1,0.9833707809448243
llava,28,pmi,1,2,0.9842040538787841
llava,28,pmi,1,3,0.9842040538787841
llava,28,pmi,1,4,0.9870357617243631
llava,28,pmi,1,5,0.9870357617243631
llava,28,pmi,1,6,0.9904186519774589
llava,28,pmi,1,7,0.9904186519774589
llava,28,pmi,1,8,0.9904343863507291
llava,28,pmi,1,9,0.9964346194768452
llava,28,pmi,1,10,0.9964346194768452
llava,28,pmi,1,11,0.9987571561658705
llava,28,pmi,1,12,0.9987571561658705
llava,28,pmi,1,13,0.999004806842174
llava,28,pmi,1,14,0.999004806842174
llava,28,pmi,1,15,0.999004806842174
llava,28,pmi,1,16,0.999004806842174
llava,28,pmi,1,17,0.999004806842174
llava,28,pmi,1,18,0.9990842764800018
llava,28,pmi,1,19,0.9990842764800018
llava,28,pmi,1,20,0.9990842764800018
llava,28,pmi,1,21,0.9990842764800018
llava,28,pmi,1,22,0.99928668168214
llava,28,pmi,1,23,0.99928668168214
llava,28,pmi,1,24,0.99928668168214
llava,28,pmi,1,25,0.99928668168214
llava,28,pmi,1,26,0.99928668168214
llava,28,pmi,1,27,0.99928668168214
llava,28,pmi,1,28,0.99928668168214
llava,28,pmi,1,29,0.9993418791630605
llava,28,pmi,1,30,0.9993418791630605
llava,28,pmi,1,31,0.9993418791630605
llava,28,pmi,1,32,0.9993418791630605
llava,28,pmi,1,33,0.9993418791630605
llava,28,pmi,1,34,0.9997367414984258
llava,28,pmi,1,35,0.9997367414984258
llava,28,pmi,1,36,0.9997367414984258
llava,28,pmi,1,37,0.9997367414984258
llava,28,pmi,1,38,0.9997367414984258
llava,28,pmi,1,39,0.9997367414984258
llava,28,pmi,1,40,0.9997367414984258
llava,28,pmi,1,41,0.9997367414984258
llava,28,pmi,1,42,0.9997367414984258
llava,28,pmi,1,43,0.9997367414984258
llava,28,pmi,1,44,0.9997367414984258
llava,28,pmi,1,45,0.9997367414984258
llava,28,pmi,1,46,0.9997367414984258
llava,28,pmi,1,47,0.9997367414984258
llava,28,pmi,1,48,0.9997367414984258
llava,28,pmi,1,49,0.9997367414984258
llava,96,pmi,1,0,0.9688060842798004
llava,96,pmi,1,1,0.9958504909583231
llava,96,pmi,1,2,0.9965829600301499
llava,96,pmi,1,3,0.9965829600301499
llava,96,pmi,1,4,0.9966662845749786
llava,96,pmi,1,5,0.9968348883671566
llava,96,pmi,1,6,0.999297156242828
llava,96,pmi,1,7,0.9994646322585848
llava,96,pmi,1,8,0.9994646322585848
llava,96,pmi,1,9,0.9994646322585848
llava,96,pmi,1,10,0.9996019826419111
llava,96,pmi,1,11,0.999593166651619
llava,96,pmi,1,12,0.999593166651619
llava,96,pmi,1,13,0.999593166651619
llava,96,pmi,1,14,0.999593166651619
llava,96,pmi,1,15,0.999593166651619
llava,96,pmi,1,16,0.999593166651619
llava,96,pmi,1,17,0.999593166651619
llava,96,pmi,1,18,0.999593166651619
llava,96,pmi,1,19,0.9995858414842206
llava,96,pmi,1,20,0.9995909948908136
llava,96,pmi,1,21,0.9995909948908136
llava,96,pmi,1,22,0.9995899461160692
llava,96,pmi,1,23,0.9995972712834676
llava,96,pmi,1,24,0.9995972712834676
llava,96,pmi,1,25,0.9995979296045969
llava,96,pmi,1,26,0.9995979296045969
llava,96,pmi,1,27,0.9995979296045969
llava,96,pmi,1,28,0.9995979296045969
llava,96,pmi,1,29,0.9995979296045969
llava,96,pmi,1,30,0.9995979296045969
llava,96,pmi,1,31,0.9995979296045969
llava,96,pmi,1,32,0.9995979296045969
llava,96,pmi,1,33,0.9995979296045969
llava,96,pmi,1,34,0.9995979296045969
llava,96,pmi,1,35,0.9995979296045969
llava,96,pmi,1,36,0.9995979296045969
llava,96,pmi,1,37,0.9995964355619529
llava,96,pmi,1,38,0.9995979296045969
llava,96,pmi,1,39,0.9995979296045969
llava,96,pmi,1,40,0.9995979296045969
llava,96,pmi,1,41,0.9996012443767391
llava,96,pmi,1,42,0.9996017493278142
llava,96,pmi,1,43,0.9996017493278142
llava,96,pmi,1,44,0.9996017493278142
llava,96,pmi,1,45,0.9996017493278142
llava,96,pmi,1,46,0.9996017493278142
llava,96,pmi,1,47,0.9996017493278142
llava,96,pmi,1,48,0.9996017493278142
llava,96,pmi,1,49,0.9996017493278142
llava,196,pmi,1,0,0.9338624048698413
llava,196,pmi,1,1,0.9739988622543689
llava,196,pmi,1,2,0.9737295043003094
llava,196,pmi,1,3,0.9741552391567745
llava,196,pmi,1,4,0.9895562330881755
llava,196,pmi,1,5,0.9895562330881755
llava,196,pmi,1,6,0.9983326833885354
llava,196,pmi,1,7,0.9983326833885354
llava,196,pmi,1,8,0.9983723958333334
llava,196,pmi,1,9,0.9983723958333334
llava,196,pmi,1,10,0.9983723958333334
llava,196,pmi,1,11,0.9983723958333334
llava,196,pmi,1,12,0.9983723958333334
llava,196,pmi,1,13,0.9983723958333334
llava,196,pmi,1,14,0.9983723958333334
llava,196,pmi,1,15,0.9983723958333334
llava,196,pmi,1,16,0.9983723958333334
llava,196,pmi,1,17,0.9983723958333334
llava,196,pmi,1,18,0.9983723958333334
llava,196,pmi,1,19,0.9983723958333334
llava,196,pmi,1,20,0.9983723958333334
llava,196,pmi,1,21,0.9983723958333334
llava,196,pmi,1,22,0.9983723958333334
llava,196,pmi,1,23,0.9984781363525905
llava,196,pmi,1,24,0.9984781363525905
llava,196,pmi,1,25,0.9984781363525905
llava,196,pmi,1,26,0.9984781363525905
llava,196,pmi,1,27,0.9996364213324881
llava,196,pmi,1,28,0.9996364213324881
llava,196,pmi,1,29,0.9996364213324881
llava,196,pmi,1,30,0.9996364213324881
llava,196,pmi,1,31,0.9996364213324881
llava,196,pmi,1,32,0.9996364213324881
llava,196,pmi,1,33,0.9996364213324881
llava,196,pmi,1,34,0.9996364213324881
llava,196,pmi,1,35,0.9996364213324881
llava,196,pmi,1,36,0.9996364213324881
llava,196,pmi,1,37,0.9996364213324881
llava,196,pmi,1,38,0.9996364213324881
llava,196,pmi,1,39,0.9996364213324881
llava,196,pmi,1,40,0.9996364213324881
llava,196,pmi,1,41,0.9996364213324881
llava,196,pmi,1,42,0.9996364213324881
llava,196,pmi,1,43,0.9996364213324881
llava,196,pmi,1,44,0.9996364213324881
llava,196,pmi,1,45,0.9996364213324881
llava,196,pmi,1,46,0.9996490877669851
llava,196,pmi,1,47,0.9996490877669851
llava,196,pmi,1,48,0.9996490877669851
llava,196,pmi,1,49,0.9996490877669851
llava,278,pmi,1,0,0.9394640898253372
llava,278,pmi,1,1,0.9398263436043974
llava,278,pmi,1,2,0.9330139004854483
llava,278,pmi,1,3,0.9343462483157584
llava,278,pmi,1,4,0.9389715064561002
llava,278,pmi,1,5,0.9389715064561002
llava,278,pmi,1,6,0.9653361421485134
llava,278,pmi,1,7,0.9653361421485134
llava,278,pmi,1,8,0.9653361421485134
llava,278,pmi,1,9,0.9653361421485134
llava,278,pmi,1,10,0.9658846272131241
llava,278,pmi,1,11,0.9622951031945852
llava,278,pmi,1,12,0.9748765827960497
llava,278,pmi,1,13,0.9746777549754759
llava,278,pmi,1,14,0.9746777549754759
llava,278,pmi,1,15,0.9746777549754759
llava,278,pmi,1,16,0.9746777549754759
llava,278,pmi,1,17,0.9746777549754759
llava,278,pmi,1,18,0.9746777549754759
llava,278,pmi,1,19,0.9746777549754759
llava,278,pmi,1,20,0.9753594282239113
llava,278,pmi,1,21,0.9759964307843338
llava,278,pmi,1,22,0.9936054971020296
llava,278,pmi,1,23,0.9936054971020296
llava,278,pmi,1,24,0.9936054971020296
llava,278,pmi,1,25,0.99621262526061
llava,278,pmi,1,26,0.9974795126151484
llava,278,pmi,1,27,0.9974795126151484
llava,278,pmi,1,28,0.9974195663064849
llava,278,pmi,1,29,0.9974195663064849
llava,278,pmi,1,30,0.9974195663064849
llava,278,pmi,1,31,0.9974195663064849
llava,278,pmi,1,32,0.9974195663064849
llava,278,pmi,1,33,0.9974195663064849
llava,278,pmi,1,34,0.9974195663064849
llava,278,pmi,1,35,0.9975432202632077
llava,278,pmi,1,36,0.9987335264075445
llava,278,pmi,1,37,0.9987335264075445
llava,278,pmi,1,38,0.9987228752223686
llava,278,pmi,1,39,0.9987228752223686
llava,278,pmi,1,40,0.9987228752223686
llava,278,pmi,1,41,0.9987228752223686
llava,278,pmi,1,42,0.9987228752223686
llava,278,pmi,1,43,0.9987228752223686
llava,278,pmi,1,44,0.9987686871614693
llava,278,pmi,1,45,0.9987686871614693
llava,278,pmi,1,46,0.9987686871614693
llava,278,pmi,1,47,0.9987686871614693
llava,278,pmi,1,48,0.9987686871614693
llava,278,pmi,1,49,0.9987686871614693
llava,454,pmi,1,0,0.8963851624923898
llava,454,pmi,1,1,0.959758016979057
llava,454,pmi,1,2,0.9899692397068792
llava,454,pmi,1,3,0.9897206300219037
llava,454,pmi,1,4,0.9910491574746351
llava,454,pmi,1,5,0.9910491574746351
llava,454,pmi,1,6,0.9912779500731295
llava,454,pmi,1,7,0.9915973424097784
llava,454,pmi,1,8,0.9929198730520828
llava,454,pmi,1,9,0.992720146092403
llava,454,pmi,1,10,0.992720146092403
llava,454,pmi,1,11,0.9927498318500758
llava,454,pmi,1,12,0.9929130351312874
llava,454,pmi,1,13,0.9929130351312874
llava,454,pmi,1,14,0.9929130351312874
llava,454,pmi,1,15,0.9929130351312874
llava,454,pmi,1,16,0.9932142694113062
llava,454,pmi,1,17,0.9944600044528237
llava,454,pmi,1,18,0.9946999802117461
llava,454,pmi,1,19,0.995013859356087
llava,454,pmi,1,20,0.995013859356087
llava,454,pmi,1,21,0.9954338155780093
llava,454,pmi,1,22,0.9954338155780093
llava,454,pmi,1,23,0.9954338155780093
llava,454,pmi,1,24,0.9956998965439129
llava,454,pmi,1,25,0.9963432140860269
llava,454,pmi,1,26,0.9963054492205076
llava,454,pmi,1,27,0.9963054492205076
llava,454,pmi,1,28,0.9963054492205076
llava,454,pmi,1,29,0.9963054492205076
llava,454,pmi,1,30,0.9963054492205076
llava,454,pmi,1,31,0.9963054492205076
llava,454,pmi,1,32,0.9963054492205076
llava,454,pmi,1,33,0.9963054492205076
llava,454,pmi,1,34,0.9963054492205076
llava,454,pmi,1,35,0.9963054492205076
llava,454,pmi,1,36,0.9963054492205076
llava,454,pmi,1,37,0.9963054492205076
llava,454,pmi,1,38,0.9963054492205076
llava,454,pmi,1,39,0.9963054492205076
llava,454,pmi,1,40,0.9964945265457491
llava,454,pmi,1,41,0.9965572557894171
llava,454,pmi,1,42,0.9965572557894171
llava,454,pmi,1,43,0.9966799675808018
llava,454,pmi,1,44,0.9966799675808018
llava,454,pmi,1,45,0.9966696728618478
llava,454,pmi,1,46,0.9966696728618478
llava,454,pmi,1,47,0.9966696728618478
llava,454,pmi,1,48,0.9966696728618478
llava,454,pmi,1,49,0.9966696728618478
llava,474,pmi,1,0,0.9749976045306904
llava,474,pmi,1,1,0.9953053102015906
llava,474,pmi,1,2,0.997014070940506
llava,474,pmi,1,3,0.9977707129154054
llava,474,pmi,1,4,0.9977707129154054
llava,474,pmi,1,5,0.9977707129154054
llava,474,pmi,1,6,0.9978852364254758
llava,474,pmi,1,7,0.9978852364254758
llava,474,pmi,1,8,0.9978852364254758
llava,474,pmi,1,9,0.9980923501569121
llava,474,pmi,1,10,0.9980923501569121
llava,474,pmi,1,11,0.9980923501569121
llava,474,pmi,1,12,0.9980923501569121
llava,474,pmi,1,13,0.9980878940485715
llava,474,pmi,1,14,0.9980878940485715
llava,474,pmi,1,15,0.9980878940485715
llava,474,pmi,1,16,0.9980878940485715
llava,474,pmi,1,17,0.9980878940485715
llava,474,pmi,1,18,0.9980878940485715
llava,474,pmi,1,19,0.9980962357830269
llava,474,pmi,1,20,0.9980962357830269
llava,474,pmi,1,21,0.998298206155753
llava,474,pmi,1,22,0.998298206155753
llava,474,pmi,1,23,0.998298206155753
llava,474,pmi,1,24,0.998298206155753
llava,474,pmi,1,25,0.998298206155753
llava,474,pmi,1,26,0.998298206155753
llava,474,pmi,1,27,0.998298206155753
llava,474,pmi,1,28,0.998298206155753
llava,474,pmi,1,29,0.9987784497295765
llava,474,pmi,1,30,0.9987784497295765
llava,474,pmi,1,31,0.9987784497295765
llava,474,pmi,1,32,0.9988339354831881
llava,474,pmi,1,33,0.9988300719630053
llava,474,pmi,1,34,0.9988300719630053
llava,474,pmi,1,35,0.9988300719630053
llava,474,pmi,1,36,0.9988300719630053
llava,474,pmi,1,37,0.9988300719630053
llava,474,pmi,1,38,0.9988238509740167
llava,474,pmi,1,39,0.9988318815301844
llava,474,pmi,1,40,0.9988318815301844
llava,474,pmi,1,41,0.9988318815301844
llava,474,pmi,1,42,0.9988652608093548
llava,474,pmi,1,43,0.9988652608093548
llava,474,pmi,1,44,0.9988652608093548
llava,474,pmi,1,45,0.9988652608093548
llava,474,pmi,1,46,0.9988652608093548
llava,474,pmi,1,47,0.9988652608093548
llava,474,pmi,1,48,0.9988652608093548
llava,474,pmi,1,49,0.9988652608093548
llava,2,pmi,2,0,0.9243718783060709
llava,2,pmi,2,1,0.9495158990224204
llava,2,pmi,2,2,0.9495158990224204
llava,2,pmi,2,3,0.9607463065568391
llava,2,pmi,2,4,0.9603384554207146
llava,2,pmi,2,5,0.9634478849333685
llava,2,pmi,2,6,0.9998169740041097
llava,2,pmi,2,7,0.9998169740041097
llava,2,pmi,2,8,0.9960060721045142
llava,2,pmi,2,9,0.995893691753124
llava,2,pmi,2,10,0.9969629863718967
llava,2,pmi,2,11,0.9992749791245561
llava,2,pmi,2,12,0.9998033751954546
llava,2,pmi,2,13,0.999530659781562
llava,2,pmi,2,14,0.9997981858325077
llava,2,pmi,2,15,0.9997981858325077
llava,2,pmi,2,16,0.9997981858325077
llava,2,pmi,2,17,0.9997981858325077
llava,2,pmi,2,18,0.9997981858325077
llava,2,pmi,2,19,0.9997981858325077
llava,2,pmi,2,20,0.9997981858325077
llava,2,pmi,2,21,0.9997981858325077
llava,2,pmi,2,22,0.9997981858325077
llava,2,pmi,2,23,0.9997912704407632
llava,2,pmi,2,24,0.9997912704407632
llava,2,pmi,2,25,0.9997912704407632
llava,2,pmi,2,26,0.9997912704407632
llava,2,pmi,2,27,0.9997912704407632
llava,2,pmi,2,28,0.9997912704407632
llava,2,pmi,2,29,0.9997912704407632
llava,2,pmi,2,30,0.9997912704407632
llava,2,pmi,2,31,0.9997912704407632
llava,2,pmi,2,32,0.9997912704407632
llava,2,pmi,2,33,0.9997912704407632
llava,2,pmi,2,34,0.9997912704407632
llava,2,pmi,2,35,0.9997912704407632
llava,2,pmi,2,36,0.9997851918409537
llava,2,pmi,2,37,0.9997851918409537
llava,2,pmi,2,38,0.9997851918409537
llava,2,pmi,2,39,0.9997851918409537
llava,2,pmi,2,40,0.9997851918409537
llava,2,pmi,2,41,0.9997851918409537
llava,2,pmi,2,42,0.9997912704407632
llava,2,pmi,2,43,0.9997912704407632
llava,2,pmi,2,44,0.9997912704407632
llava,2,pmi,2,45,0.9997912704407632
llava,2,pmi,2,46,0.9997912704407632
llava,2,pmi,2,47,0.9997912704407632
llava,2,pmi,2,48,0.9997912704407632
llava,2,pmi,2,49,0.9997912704407632
llava,26,pmi,2,0,0.72371363881472
llava,26,pmi,2,1,0.72371363881472
llava,26,pmi,2,2,0.7278306484222412
llava,26,pmi,2,3,0.7278306484222412
llava,26,pmi,2,4,0.795759670011274
llava,26,pmi,2,5,0.795759670011274
llava,26,pmi,2,6,0.796011951145109
llava,26,pmi,2,7,0.8068487253096011
llava,26,pmi,2,8,0.8394818383831161
llava,26,pmi,2,9,0.8400123514033652
llava,26,pmi,2,10,0.9071439791907061
llava,26,pmi,2,11,0.9012891395134968
llava,26,pmi,2,12,0.9026445011655848
llava,26,pmi,2,13,0.9156896327887928
llava,26,pmi,2,14,0.9140993933956902
llava,26,pmi,2,15,0.9301177167498671
llava,26,pmi,2,16,0.9288140754620949
llava,26,pmi,2,17,0.9291125264790681
llava,26,pmi,2,18,0.9291125264790681
llava,26,pmi,2,19,0.9291125264790681
llava,26,pmi,2,20,0.9291125264790681
llava,26,pmi,2,21,0.9291125264790681
llava,26,pmi,2,22,0.9291125264790681
llava,26,pmi,2,23,0.9291125264790681
llava,26,pmi,2,24,0.9297442881015685
llava,26,pmi,2,25,0.9297442881015685
llava,26,pmi,2,26,0.930856142584626
llava,26,pmi,2,27,0.9352764803189056
llava,26,pmi,2,28,0.9352764803189056
llava,26,pmi,2,29,0.9352764803189056
llava,26,pmi,2,30,0.9344538094940128
llava,26,pmi,2,31,0.9344538094940128
llava,26,pmi,2,32,0.9344538094940128
llava,26,pmi,2,33,0.9344538094940128
llava,26,pmi,2,34,0.9344538094940128
llava,26,pmi,2,35,0.9344538094940128
llava,26,pmi,2,36,0.968104771934114
llava,26,pmi,2,37,0.9678940809703804
llava,26,pmi,2,38,0.9678940809703804
llava,26,pmi,2,39,0.9691432650024827
llava,26,pmi,2,40,0.9692954340496579
llava,26,pmi,2,41,0.9692954340496579
llava,26,pmi,2,42,0.9691943263148403
llava,26,pmi,2,43,0.9691943263148403
llava,26,pmi,2,44,0.9808408970589395
llava,26,pmi,2,45,0.9808408970589395
llava,26,pmi,2,46,0.9825461695681106
llava,26,pmi,2,47,0.9825461695681106
llava,26,pmi,2,48,0.9825461695681106
llava,26,pmi,2,49,0.9825461695681106
llava,28,pmi,2,0,0.9584435138616476
llava,28,pmi,2,1,0.9609551429748535
llava,28,pmi,2,2,0.9809749554227423
llava,28,pmi,2,3,0.9911526011991072
llava,28,pmi,2,4,0.9911526011991072
llava,28,pmi,2,5,0.9924961564777134
llava,28,pmi,2,6,0.991623521567107
llava,28,pmi,2,7,0.9966855049133302
llava,28,pmi,2,8,0.9968307993791483
llava,28,pmi,2,9,0.9968307993791483
llava,28,pmi,2,10,0.9980005127889616
llava,28,pmi,2,11,0.9980005127889616
llava,28,pmi,2,12,0.9980005127889616
llava,28,pmi,2,13,0.9980005127889616
llava,28,pmi,2,14,0.9980005127889616
llava,28,pmi,2,15,0.9980005127889616
llava,28,pmi,2,16,0.999656809521867
llava,28,pmi,2,17,0.999656809521867
llava,28,pmi,2,18,0.9996532830032142
llava,28,pmi,2,19,0.9996532830032142
llava,28,pmi,2,20,0.9996532830032142
llava,28,pmi,2,21,0.9996532830032142
llava,28,pmi,2,22,0.9996532830032142
llava,28,pmi,2,23,0.9996532830032142
llava,28,pmi,2,24,0.9996528251393063
llava,28,pmi,2,25,0.9996532830032142
llava,28,pmi,2,26,0.9996532830032142
llava,28,pmi,2,27,0.9996532830032142
llava,28,pmi,2,28,0.9996532830032142
llava,28,pmi,2,29,0.9996532830032142
llava,28,pmi,2,30,0.9998238398148134
llava,28,pmi,2,31,0.9998238398148134
llava,28,pmi,2,32,0.9998238398148134
llava,28,pmi,2,33,0.9998238398148134
llava,28,pmi,2,34,0.9998238398148134
llava,28,pmi,2,35,0.9998238398148134
llava,28,pmi,2,36,0.9998238398148134
llava,28,pmi,2,37,0.9998238398148134
llava,28,pmi,2,38,0.9998238398148134
llava,28,pmi,2,39,0.9998238398148134
llava,28,pmi,2,40,0.9998238398148134
llava,28,pmi,2,41,0.9998238398148134
llava,28,pmi,2,42,0.9998238398148134
llava,28,pmi,2,43,0.9998238398148134
llava,28,pmi,2,44,0.9998238398148134
llava,28,pmi,2,45,0.9998238398148134
llava,28,pmi,2,46,0.9998238398148134
llava,28,pmi,2,47,0.9998238398148134
llava,28,pmi,2,48,0.9998238398148134
llava,28,pmi,2,49,0.9998238398148134
llava,96,pmi,2,0,0.9817349910736084
llava,96,pmi,2,1,0.9825159515473839
llava,96,pmi,2,2,0.9873691399892172
llava,96,pmi,2,3,0.9995672305425009
llava,96,pmi,2,4,0.9995411499372742
llava,96,pmi,2,5,0.9995411499372742
llava,96,pmi,2,6,0.9999239615929143
llava,96,pmi,2,7,0.9999239615929143
llava,96,pmi,2,8,0.9999239615929143
llava,96,pmi,2,9,0.9999239615929143
llava,96,pmi,2,10,0.9999239615929143
llava,96,pmi,2,11,0.9999515612920127
llava,96,pmi,2,12,0.9999515612920127
llava,96,pmi,2,13,0.9999515612920127
llava,96,pmi,2,14,0.9999515612920127
llava,96,pmi,2,15,0.9999515612920127
llava,96,pmi,2,16,0.9999515612920127
llava,96,pmi,2,17,0.9999515612920127
llava,96,pmi,2,18,0.9999515612920127
llava,96,pmi,2,19,0.9999515612920127
llava,96,pmi,2,20,0.9999515612920127
llava,96,pmi,2,21,0.9999515612920127
llava,96,pmi,2,22,0.9999515612920127
llava,96,pmi,2,23,0.9999515612920127
llava,96,pmi,2,24,0.9999515612920127
llava,96,pmi,2,25,0.9999515612920127
llava,96,pmi,2,26,0.9999515612920127
llava,96,pmi,2,27,0.9999515612920127
llava,96,pmi,2,28,0.9999515612920127
llava,96,pmi,2,29,0.9999515612920127
llava,96,pmi,2,30,0.9999515612920127
llava,96,pmi,2,31,0.9999515612920127
llava,96,pmi,2,32,0.9999515612920127
llava,96,pmi,2,33,0.9999515612920127
llava,96,pmi,2,34,0.9999515612920127
llava,96,pmi,2,35,0.9999515612920127
llava,96,pmi,2,36,0.9999515612920127
llava,96,pmi,2,37,0.9999515612920127
llava,96,pmi,2,38,0.9999744381672152
llava,96,pmi,2,39,0.9999744381672152
llava,96,pmi,2,40,0.9999744381672152
llava,96,pmi,2,41,0.9999744381672152
llava,96,pmi,2,42,0.9999744381672152
llava,96,pmi,2,43,0.9999744381672152
llava,96,pmi,2,44,0.9999744381672152
llava,96,pmi,2,45,0.9999744381672152
llava,96,pmi,2,46,0.9999744381672152
llava,96,pmi,2,47,0.9999744381672152
llava,96,pmi,2,48,0.9999744381672152
llava,96,pmi,2,49,0.9999744381672152
llava,196,pmi,2,0,0.9730226673163451
llava,196,pmi,2,1,0.972419289139298
llava,196,pmi,2,2,0.9790115414618012
llava,196,pmi,2,3,0.992042789140621
llava,196,pmi,2,4,0.992042789140621
llava,196,pmi,2,5,0.992042789140621
llava,196,pmi,2,6,0.9914325807724629
llava,196,pmi,2,7,0.9914325807724629
llava,196,pmi,2,8,0.9914325807724629
llava,196,pmi,2,9,0.9927952213509306
llava,196,pmi,2,10,0.9929166565965246
llava,196,pmi,2,11,0.9932353722977567
llava,196,pmi,2,12,0.9985049297143748
llava,196,pmi,2,13,0.9985049297143748
llava,196,pmi,2,14,0.9985049297143748
llava,196,pmi,2,15,0.9978973261407904
llava,196,pmi,2,16,0.9976404662783798
llava,196,pmi,2,17,0.9977710127114534
llava,196,pmi,2,18,0.9979082188448749
llava,196,pmi,2,19,0.9978682522301202
llava,196,pmi,2,20,0.9978682522301202
llava,196,pmi,2,21,0.9978682522301202
llava,196,pmi,2,22,0.9982372377369856
llava,196,pmi,2,23,0.9983400790183037
llava,196,pmi,2,24,0.9984022343122925
llava,196,pmi,2,25,0.9980783602138898
llava,196,pmi,2,26,0.998395735705579
llava,196,pmi,2,27,0.998395735705579
llava,196,pmi,2,28,0.9983881149922048
llava,196,pmi,2,29,0.9983881149922048
llava,196,pmi,2,30,0.9983881149922048
llava,196,pmi,2,31,0.9983934624059065
llava,196,pmi,2,32,0.9983934624059065
llava,196,pmi,2,33,0.9983934624059065
llava,196,pmi,2,34,0.9983934624059065
llava,196,pmi,2,35,0.9983934624059065
llava,196,pmi,2,36,0.9983934624059065
llava,196,pmi,2,37,0.9986641753364255
llava,196,pmi,2,38,0.9986641753364255
llava,196,pmi,2,39,0.9986946044920444
llava,196,pmi,2,40,0.9986946044920444
llava,196,pmi,2,41,0.9987019338944296
llava,196,pmi,2,42,0.9987019338944296
llava,196,pmi,2,43,0.9987019338944296
llava,196,pmi,2,44,0.9987019338944296
llava,196,pmi,2,45,0.9987019338944296
llava,196,pmi,2,46,0.9986996838638376
llava,196,pmi,2,47,0.9986996838638376
llava,196,pmi,2,48,0.9986996838638376
llava,196,pmi,2,49,0.9986996838638376
llava,278,pmi,2,0,0.9224032347552813
llava,278,pmi,2,1,0.9239884246211212
llava,278,pmi,2,2,0.938884257402656
llava,278,pmi,2,3,0.9388405693670547
llava,278,pmi,2,4,0.9480771431062245
llava,278,pmi,2,5,0.9461626390529339
llava,278,pmi,2,6,0.9461626390529339
llava,278,pmi,2,7,0.9813454636146235
llava,278,pmi,2,8,0.983154465884968
llava,278,pmi,2,9,0.9832193128753784
llava,278,pmi,2,10,0.9833809254471392
llava,278,pmi,2,11,0.983376090963855
llava,278,pmi,2,12,0.9859349877726736
llava,278,pmi,2,13,0.990615945195527
llava,278,pmi,2,14,0.990615945195527
llava,278,pmi,2,15,0.9885016256371266
llava,278,pmi,2,16,0.990997020160614
llava,278,pmi,2,17,0.9906252255606339
llava,278,pmi,2,18,0.9905616997631357
llava,278,pmi,2,19,0.9935699378559163
llava,278,pmi,2,20,0.9955393480248154
llava,278,pmi,2,21,0.9978787911163841
llava,278,pmi,2,22,0.9978787911163841
llava,278,pmi,2,23,0.9978787911163841
llava,278,pmi,2,24,0.9978787911163841
llava,278,pmi,2,25,0.9978787911163841
llava,278,pmi,2,26,0.9978787911163841
llava,278,pmi,2,27,0.9978787911163841
llava,278,pmi,2,28,0.9978787911163841
llava,278,pmi,2,29,0.9979323322248945
llava,278,pmi,2,30,0.9979026539703992
llava,278,pmi,2,31,0.9979026539703992
llava,278,pmi,2,32,0.9979026539703992
llava,278,pmi,2,33,0.9979026539703992
llava,278,pmi,2,34,0.9979026539703992
llava,278,pmi,2,35,0.9979310530241922
llava,278,pmi,2,36,0.9979310530241922
llava,278,pmi,2,37,0.9979310530241922
llava,278,pmi,2,38,0.9979310530241922
llava,278,pmi,2,39,0.9979310530241922
llava,278,pmi,2,40,0.9979310530241922
llava,278,pmi,2,41,0.9979310530241922
llava,278,pmi,2,42,0.9979310530241922
llava,278,pmi,2,43,0.9979310530241922
llava,278,pmi,2,44,0.9979310530241922
llava,278,pmi,2,45,0.9980650463479055
llava,278,pmi,2,46,0.9982762354950717
llava,278,pmi,2,47,0.9982762354950717
llava,278,pmi,2,48,0.9982762354950717
llava,278,pmi,2,49,0.9982762354950717
llava,454,pmi,2,0,0.946663251305603
llava,454,pmi,2,1,0.9632382846529572
llava,454,pmi,2,2,0.9864636404658069
llava,454,pmi,2,3,0.9867211943057889
llava,454,pmi,2,4,0.9869138978175879
llava,454,pmi,2,5,0.9874117781277809
llava,454,pmi,2,6,0.9877558819127435
llava,454,pmi,2,7,0.9877558819127435
llava,454,pmi,2,8,0.9957373210052038
llava,454,pmi,2,9,0.9957373210052038
llava,454,pmi,2,10,0.9957373210052038
llava,454,pmi,2,11,0.9957373210052038
llava,454,pmi,2,12,0.9957373210052038
llava,454,pmi,2,13,0.9958161184812161
llava,454,pmi,2,14,0.9963964396098096
llava,454,pmi,2,15,0.9963494358887308
llava,454,pmi,2,16,0.996789704614125
llava,454,pmi,2,17,0.996789704614125
llava,454,pmi,2,18,0.9968575707067808
llava,454,pmi,2,19,0.9968575707067808
llava,454,pmi,2,20,0.9968575707067808
llava,454,pmi,2,21,0.9968575707067808
llava,454,pmi,2,22,0.9967817222705879
llava,454,pmi,2,23,0.9967817222705879
llava,454,pmi,2,24,0.9967645465717381
llava,454,pmi,2,25,0.9967645465717381
llava,454,pmi,2,26,0.9967645465717381
llava,454,pmi,2,27,0.9967645465717381
llava,454,pmi,2,28,0.9967645465717381
llava,454,pmi,2,29,0.9967645465717381
llava,454,pmi,2,30,0.996804780995344
llava,454,pmi,2,31,0.996804780995344
llava,454,pmi,2,32,0.9969537261538673
llava,454,pmi,2,33,0.9969537261538673
llava,454,pmi,2,34,0.9969537261538673
llava,454,pmi,2,35,0.9969537261538673
llava,454,pmi,2,36,0.9969537261538673
llava,454,pmi,2,37,0.9969537261538673
llava,454,pmi,2,38,0.9969537261538673
llava,454,pmi,2,39,0.9969537261538673
llava,454,pmi,2,40,0.9969537261538673
llava,454,pmi,2,41,0.9969537261538673
llava,454,pmi,2,42,0.9969537261538673
llava,454,pmi,2,43,0.9969537261538673
llava,454,pmi,2,44,0.9969537261538673
llava,454,pmi,2,45,0.9969537261538673
llava,454,pmi,2,46,0.9969537261538673
llava,454,pmi,2,47,0.9969537261538673
llava,454,pmi,2,48,0.9969537261538673
llava,454,pmi,2,49,0.9969537261538673
llava,474,pmi,2,0,0.9759289119837634
llava,474,pmi,2,1,0.9841120556352896
llava,474,pmi,2,2,0.9829936975505165
llava,474,pmi,2,3,0.9932035379984816
llava,474,pmi,2,4,0.9932035379984816
llava,474,pmi,2,5,0.9952172986205255
llava,474,pmi,2,6,0.9950975102369288
llava,474,pmi,2,7,0.9950975102369288
llava,474,pmi,2,8,0.9989894144364184
llava,474,pmi,2,9,0.9989894144364184
llava,474,pmi,2,10,0.9989894144364184
llava,474,pmi,2,11,0.9989894144364184
llava,474,pmi,2,12,0.9989894144364184
llava,474,pmi,2,13,0.9989894144364184
llava,474,pmi,2,14,0.9989894144364184
llava,474,pmi,2,15,0.9989894144364184
llava,474,pmi,2,16,0.9989894144364184
llava,474,pmi,2,17,0.9989894144364184
llava,474,pmi,2,18,0.9993079638996493
llava,474,pmi,2,19,0.9993079638996493
llava,474,pmi,2,20,0.9993079638996493
llava,474,pmi,2,21,0.9993079638996493
llava,474,pmi,2,22,0.9993079638996493
llava,474,pmi,2,23,0.9993079638996493
llava,474,pmi,2,24,0.9993079638996493
llava,474,pmi,2,25,0.9993079638996493
llava,474,pmi,2,26,0.9993079638996493
llava,474,pmi,2,27,0.9994533658027649
llava,474,pmi,2,28,0.9994533658027649
llava,474,pmi,2,29,0.9994533658027649
llava,474,pmi,2,30,0.9994533658027649
llava,474,pmi,2,31,0.9994533658027649
llava,474,pmi,2,32,0.9994533658027649
llava,474,pmi,2,33,0.9994533658027649
llava,474,pmi,2,34,0.9994533658027649
llava,474,pmi,2,35,0.9994533658027649
llava,474,pmi,2,36,0.9994533658027649
llava,474,pmi,2,37,0.9994533658027649
llava,474,pmi,2,38,0.9998818267734384
llava,474,pmi,2,39,0.9998818267734384
llava,474,pmi,2,40,0.9998818267734384
llava,474,pmi,2,41,0.9998818267734384
llava,474,pmi,2,42,0.9998818267734384
llava,474,pmi,2,43,0.9998818267734384
llava,474,pmi,2,44,0.9998818267734384
llava,474,pmi,2,45,0.9998818267734384
llava,474,pmi,2,46,0.9998818267734384
llava,474,pmi,2,47,0.9998818267734384
llava,474,pmi,2,48,0.9998818267734384
llava,474,pmi,2,49,0.9998818267734384
llava,2,pmi,3,0,0.9544070094555348
llava,2,pmi,3,1,0.9745630059872303
llava,2,pmi,3,2,0.9796440556600645
llava,2,pmi,3,3,0.9796440556600645
llava,2,pmi,3,4,0.9850373871333608
llava,2,pmi,3,5,0.9843470472115297
llava,2,pmi,3,6,0.9905623000663322
llava,2,pmi,3,7,0.9902974689328993
llava,2,pmi,3,8,0.9905155131050775
llava,2,pmi,3,9,0.9905155131050775
llava,2,pmi,3,10,0.9905155131050775
llava,2,pmi,3,11,0.9904969590562241
llava,2,pmi,3,12,0.9907158506704165
llava,2,pmi,3,13,0.9909854883009249
llava,2,pmi,3,14,0.9921985435056256
llava,2,pmi,3,15,0.9921194939641981
llava,2,pmi,3,16,0.9924190558112778
llava,2,pmi,3,17,0.9925730410996858
llava,2,pmi,3,18,0.9931530318818651
llava,2,pmi,3,19,0.9931530318818651
llava,2,pmi,3,20,0.9932835170098611
llava,2,pmi,3,21,0.9933626981110902
llava,2,pmi,3,22,0.9936354156728979
llava,2,pmi,3,23,0.9936354156728979
llava,2,pmi,3,24,0.9936354156728979
llava,2,pmi,3,25,0.9936354156728979
llava,2,pmi,3,26,0.9936354156728979
llava,2,pmi,3,27,0.9936354156728979
llava,2,pmi,3,28,0.9954175200906243
llava,2,pmi,3,29,0.9953987437325554
llava,2,pmi,3,30,0.9955909939499589
llava,2,pmi,3,31,0.9957261046131809
llava,2,pmi,3,32,0.9961724327849196
llava,2,pmi,3,33,0.9961724327849196
llava,2,pmi,3,34,0.9968002144996826
llava,2,pmi,3,35,0.9968002144996826
llava,2,pmi,3,36,0.9971364976407529
llava,2,pmi,3,37,0.9973668316463092
llava,2,pmi,3,38,0.9972587496310741
llava,2,pmi,3,39,0.9972587496310741
llava,2,pmi,3,40,0.9972587496310741
llava,2,pmi,3,41,0.9972587496310741
llava,2,pmi,3,42,0.9972587496310741
llava,2,pmi,3,43,0.9972587496310741
llava,2,pmi,3,44,0.9973668316463092
llava,2,pmi,3,45,0.9974257990762636
llava,2,pmi,3,46,0.9977665647372111
llava,2,pmi,3,47,0.9977602035075694
llava,2,pmi,3,48,0.9977602035075694
llava,2,pmi,3,49,0.9977602035075694
llava,26,pmi,3,0,0.7677276099587346
llava,26,pmi,3,1,0.8198846189288407
llava,26,pmi,3,2,0.8187050120429592
llava,26,pmi,3,3,0.8082207735773321
llava,26,pmi,3,4,0.8082207735773321
llava,26,pmi,3,5,0.8084791967639695
llava,26,pmi,3,6,0.8094003804632135
llava,26,pmi,3,7,0.809229615840826
llava,26,pmi,3,8,0.8164502424341781
llava,26,pmi,3,9,0.8164502424341781
llava,26,pmi,3,10,0.8164502424341781
llava,26,pmi,3,11,0.8164502424341781
llava,26,pmi,3,12,0.813821022753959
llava,26,pmi,3,13,0.813821022753959
llava,26,pmi,3,14,0.813821022753959
llava,26,pmi,3,15,0.813821022753959
llava,26,pmi,3,16,0.813821022753959
llava,26,pmi,3,17,0.824689689699236
llava,26,pmi,3,18,0.8255222327895351
llava,26,pmi,3,19,0.8255222327895351
llava,26,pmi,3,20,0.8254410791862477
llava,26,pmi,3,21,0.8254410791862477
llava,26,pmi,3,22,0.8255140281117357
llava,26,pmi,3,23,0.8257969357408919
llava,26,pmi,3,24,0.829133769144883
llava,26,pmi,3,25,0.8293604261882312
llava,26,pmi,3,26,0.8292821174985296
llava,26,pmi,3,27,0.8292821174985296
llava,26,pmi,3,28,0.8292821174985296
llava,26,pmi,3,29,0.85364450250302
llava,26,pmi,3,30,0.85364450250302
llava,26,pmi,3,31,0.8544078184677675
llava,26,pmi,3,32,0.8544464254522468
llava,26,pmi,3,33,0.8630701654308194
llava,26,pmi,3,34,0.8634311675846398
llava,26,pmi,3,35,0.8635229744889715
llava,26,pmi,3,36,0.8635229744889715
llava,26,pmi,3,37,0.8643681165334341
llava,26,pmi,3,38,0.86436484185783
llava,26,pmi,3,39,0.865003647836479
llava,26,pmi,3,40,0.8764773210784693
llava,26,pmi,3,41,0.8764773210784693
llava,26,pmi,3,42,0.8764773210784693
llava,26,pmi,3,43,0.8919723231692214
llava,26,pmi,3,44,0.8919723231692214
llava,26,pmi,3,45,0.8919723231692214
llava,26,pmi,3,46,0.8936811392908698
llava,26,pmi,3,47,0.8999377124839358
llava,26,pmi,3,48,0.9027828805976443
llava,26,pmi,3,49,0.9027828805976443
llava,28,pmi,3,0,0.9654767513275146
llava,28,pmi,3,1,0.9847400279732439
llava,28,pmi,3,2,0.9842020242779822
llava,28,pmi,3,3,0.9842020242779822
llava,28,pmi,3,4,0.9849727828581413
llava,28,pmi,3,5,0.9849727828581413
llava,28,pmi,3,6,0.9870328155007807
llava,28,pmi,3,7,0.9870328155007807
llava,28,pmi,3,8,0.9883180019017812
llava,28,pmi,3,9,0.9980424413451919
llava,28,pmi,3,10,0.9980424413451919
llava,28,pmi,3,11,0.9980424413451919
llava,28,pmi,3,12,0.9980424413451919
llava,28,pmi,3,13,0.9980424413451919
llava,28,pmi,3,14,0.9980424413451919
llava,28,pmi,3,15,0.9980424413451919
llava,28,pmi,3,16,0.9980424413451919
llava,28,pmi,3,17,0.9980424413451919
llava,28,pmi,3,18,0.9985630510447618
llava,28,pmi,3,19,0.9987598645078527
llava,28,pmi,3,20,0.9987598645078527
llava,28,pmi,3,21,0.9987598645078527
llava,28,pmi,3,22,0.9987587857174801
llava,28,pmi,3,23,0.9987587857174801
llava,28,pmi,3,24,0.9987587857174801
llava,28,pmi,3,25,0.9987587857174801
llava,28,pmi,3,26,0.9987587857174801
llava,28,pmi,3,27,0.9987587857174801
llava,28,pmi,3,28,0.9987587857174801
llava,28,pmi,3,29,0.9987587857174801
llava,28,pmi,3,30,0.9987587857174801
llava,28,pmi,3,31,0.998759145314271
llava,28,pmi,3,32,0.998759145314271
llava,28,pmi,3,33,0.998759145314271
llava,28,pmi,3,34,0.998759145314271
llava,28,pmi,3,35,0.998759145314271
llava,28,pmi,3,36,0.998759145314271
llava,28,pmi,3,37,0.998759145314271
llava,28,pmi,3,38,0.998759145314271
llava,28,pmi,3,39,0.998759145314271
llava,28,pmi,3,40,0.998759145314271
llava,28,pmi,3,41,0.99947265372262
llava,28,pmi,3,42,0.99947265372262
llava,28,pmi,3,43,0.99947265372262
llava,28,pmi,3,44,0.99947265372262
llava,28,pmi,3,45,0.99947265372262
llava,28,pmi,3,46,0.99947265372262
llava,28,pmi,3,47,0.99947265372262
llava,28,pmi,3,48,0.99947265372262
llava,28,pmi,3,49,0.99947265372262
llava,96,pmi,3,0,0.9727984093551736
llava,96,pmi,3,1,0.983973981834683
llava,96,pmi,3,2,0.994993710313704
llava,96,pmi,3,3,0.9950858016102053
llava,96,pmi,3,4,0.9969095675684561
llava,96,pmi,3,5,0.9969363668062312
llava,96,pmi,3,6,0.9969363668062312
llava,96,pmi,3,7,0.9969885787473837
llava,96,pmi,3,8,0.9971632201995145
llava,96,pmi,3,9,0.9980326184956296
llava,96,pmi,3,10,0.9984341844111406
llava,96,pmi,3,11,0.9984805810121679
llava,96,pmi,3,12,0.9984961113596779
llava,96,pmi,3,13,0.9984961113596779
llava,96,pmi,3,14,0.9984961113596779
llava,96,pmi,3,15,0.9984961113596779
llava,96,pmi,3,16,0.9984961113596779
llava,96,pmi,3,17,0.9984961113596779
llava,96,pmi,3,18,0.9985212702524991
llava,96,pmi,3,19,0.9986509289666127
llava,96,pmi,3,20,0.9986509289666127
llava,96,pmi,3,21,0.9986509289666127
llava,96,pmi,3,22,0.9986509289666127
llava,96,pmi,3,23,0.9986509289666127
llava,96,pmi,3,24,0.9988458176218317
llava,96,pmi,3,25,0.9988458176218317
llava,96,pmi,3,26,0.9988458176218317
llava,96,pmi,3,27,0.9988458176218317
llava,96,pmi,3,28,0.9988458176218317
llava,96,pmi,3,29,0.9988458176218317
llava,96,pmi,3,30,0.9988458176218317
llava,96,pmi,3,31,0.9988458176218317
llava,96,pmi,3,32,0.998848450435166
llava,96,pmi,3,33,0.998862339652417
llava,96,pmi,3,34,0.9990590531992504
llava,96,pmi,3,35,0.9990590531992504
llava,96,pmi,3,36,0.9990590531992504
llava,96,pmi,3,37,0.9990698012752809
llava,96,pmi,3,38,0.9990698012752809
llava,96,pmi,3,39,0.9990698012752809
llava,96,pmi,3,40,0.9990698012752809
llava,96,pmi,3,41,0.9990698012752809
llava,96,pmi,3,42,0.9990698012752809
llava,96,pmi,3,43,0.9990698012752809
llava,96,pmi,3,44,0.9990698012752809
llava,96,pmi,3,45,0.9990698012752809
llava,96,pmi,3,46,0.9990698012752809
llava,96,pmi,3,47,0.9990698012752809
llava,96,pmi,3,48,0.9990698012752809
llava,96,pmi,3,49,0.9990698012752809
llava,196,pmi,3,0,0.9589297637209162
llava,196,pmi,3,1,0.9708406665661672
llava,196,pmi,3,2,0.9977131468039733
llava,196,pmi,3,3,0.9977131468039733
llava,196,pmi,3,4,0.9976097971827418
llava,196,pmi,3,5,0.9976097971827418
llava,196,pmi,3,6,0.9976097971827418
llava,196,pmi,3,7,0.9976097971827418
llava,196,pmi,3,8,0.9976097971827418
llava,196,pmi,3,9,0.9976097971827418
llava,196,pmi,3,10,0.9976097971827418
llava,196,pmi,3,11,0.9976097971827418
llava,196,pmi,3,12,0.9976097971827418
llava,196,pmi,3,13,0.9978553021813298
llava,196,pmi,3,14,0.9989214146638419
llava,196,pmi,3,15,0.9989214146638419
llava,196,pmi,3,16,0.9989214146638419
llava,196,pmi,3,17,0.9989214146638419
llava,196,pmi,3,18,0.9989214146638419
llava,196,pmi,3,19,0.9989214146638419
llava,196,pmi,3,20,0.9989214146638419
llava,196,pmi,3,21,0.9989671628396433
llava,196,pmi,3,22,0.999283189888115
llava,196,pmi,3,23,0.999283189888115
llava,196,pmi,3,24,0.999283189888115
llava,196,pmi,3,25,0.999283189888115
llava,196,pmi,3,26,0.999283189888115
llava,196,pmi,3,27,0.999283189888115
llava,196,pmi,3,28,0.999283189888115
llava,196,pmi,3,29,0.999283189888115
llava,196,pmi,3,30,0.999283189888115
llava,196,pmi,3,31,0.999283189888115
llava,196,pmi,3,32,0.999706833928197
llava,196,pmi,3,33,0.999706833928197
llava,196,pmi,3,34,0.999706833928197
llava,196,pmi,3,35,0.999706833928197
llava,196,pmi,3,36,0.9998143006552447
llava,196,pmi,3,37,0.9998143006552447
llava,196,pmi,3,38,0.9998143006552447
llava,196,pmi,3,39,0.9998143006552447
llava,196,pmi,3,40,0.9998143006552447
llava,196,pmi,3,41,0.9998143006552447
llava,196,pmi,3,42,0.9998177250584325
llava,196,pmi,3,43,0.9998177250584325
llava,196,pmi,3,44,0.9998177250584325
llava,196,pmi,3,45,0.9998177250584325
llava,196,pmi,3,46,0.9998177250584325
llava,196,pmi,3,47,0.9998177250584325
llava,196,pmi,3,48,0.9998177250584325
llava,196,pmi,3,49,0.9998177250584325
llava,278,pmi,3,0,0.8288355271021525
llava,278,pmi,3,1,0.8288355271021525
llava,278,pmi,3,2,0.9222029050191245
llava,278,pmi,3,3,0.9222029050191245
llava,278,pmi,3,4,0.9049260533879766
llava,278,pmi,3,5,0.9045988215456191
llava,278,pmi,3,6,0.9204478412215886
llava,278,pmi,3,7,0.970421652259438
llava,278,pmi,3,8,0.9712052433771858
llava,278,pmi,3,9,0.9714698762005246
llava,278,pmi,3,10,0.9714698762005246
llava,278,pmi,3,11,0.9773083820266668
llava,278,pmi,3,12,0.9775205467986228
llava,278,pmi,3,13,0.9830656785631804
llava,278,pmi,3,14,0.9864692167423699
llava,278,pmi,3,15,0.9858723221213883
llava,278,pmi,3,16,0.9909399346146174
llava,278,pmi,3,17,0.9917059459193478
llava,278,pmi,3,18,0.9933785778813313
llava,278,pmi,3,19,0.9936727228990635
llava,278,pmi,3,20,0.9936727228990635
llava,278,pmi,3,21,0.9936727228990635
llava,278,pmi,3,22,0.9936727228990635
llava,278,pmi,3,23,0.9950234880440447
llava,278,pmi,3,24,0.9950234880440447
llava,278,pmi,3,25,0.9950234880440447
llava,278,pmi,3,26,0.9952328775126862
llava,278,pmi,3,27,0.9952328775126862
llava,278,pmi,3,28,0.995618879621553
llava,278,pmi,3,29,0.995618879621553
llava,278,pmi,3,30,0.9955928727355413
llava,278,pmi,3,31,0.9953132105185996
llava,278,pmi,3,32,0.9953132105185996
llava,278,pmi,3,33,0.9956105855528097
llava,278,pmi,3,34,0.9956105855528097
llava,278,pmi,3,35,0.9967903361223324
llava,278,pmi,3,36,0.9967903361223324
llava,278,pmi,3,37,0.9969110050749745
llava,278,pmi,3,38,0.9969110050749745
llava,278,pmi,3,39,0.9969196740369783
llava,278,pmi,3,40,0.9969196740369783
llava,278,pmi,3,41,0.9968196754892842
llava,278,pmi,3,42,0.9968196754892842
llava,278,pmi,3,43,0.9968196754892842
llava,278,pmi,3,44,0.9968196754892842
llava,278,pmi,3,45,0.9972125622382851
llava,278,pmi,3,46,0.9972125622382851
llava,278,pmi,3,47,0.9974996162987866
llava,278,pmi,3,48,0.9974996162987866
llava,278,pmi,3,49,0.9974996162987866
llava,454,pmi,3,0,0.9243254772767815
llava,454,pmi,3,1,0.9787067455643272
llava,454,pmi,3,2,0.9771194523105036
llava,454,pmi,3,3,0.9893204518959384
llava,454,pmi,3,4,0.9953617659038244
llava,454,pmi,3,5,0.9955385566707086
llava,454,pmi,3,6,0.9955385566707086
llava,454,pmi,3,7,0.9955385566707086
llava,454,pmi,3,8,0.9955385566707086
llava,454,pmi,3,9,0.9959551483833478
llava,454,pmi,3,10,0.9959551483833478
llava,454,pmi,3,11,0.9959551483833478
llava,454,pmi,3,12,0.9972780575388798
llava,454,pmi,3,13,0.9972663845896585
llava,454,pmi,3,14,0.9972663845896585
llava,454,pmi,3,15,0.9972663845896585
llava,454,pmi,3,16,0.9984963581016852
llava,454,pmi,3,17,0.9984963581016852
llava,454,pmi,3,18,0.9984963581016852
llava,454,pmi,3,19,0.9993130366685582
llava,454,pmi,3,20,0.9993130366685582
llava,454,pmi,3,21,0.9993130366685582
llava,454,pmi,3,22,0.9993130366685582
llava,454,pmi,3,23,0.9993130366685582
llava,454,pmi,3,24,0.9993130366685582
llava,454,pmi,3,25,0.9993130366685582
llava,454,pmi,3,26,0.9993130366685582
llava,454,pmi,3,27,0.9993130366685582
llava,454,pmi,3,28,0.9993130366685582
llava,454,pmi,3,29,0.9993130366685582
llava,454,pmi,3,30,0.9993130366685582
llava,454,pmi,3,31,0.9993130366685582
llava,454,pmi,3,32,0.9993130366685582
llava,454,pmi,3,33,0.9993130366685582
llava,454,pmi,3,34,0.9993130366685582
llava,454,pmi,3,35,0.9993130366685582
llava,454,pmi,3,36,0.9993130366685582
llava,454,pmi,3,37,0.9993130366685582
llava,454,pmi,3,38,0.9993130366685582
llava,454,pmi,3,39,0.9993130366685582
llava,454,pmi,3,40,0.9993130366685582
llava,454,pmi,3,41,0.9993130366685582
llava,454,pmi,3,42,0.9993130366685582
llava,454,pmi,3,43,0.9993130366685582
llava,454,pmi,3,44,0.9993130366685582
llava,454,pmi,3,45,0.9993130366685582
llava,454,pmi,3,46,0.9993130366685582
llava,454,pmi,3,47,0.9993130366685582
llava,454,pmi,3,48,0.9993130366685582
llava,454,pmi,3,49,0.9993130366685582
llava,474,pmi,3,0,0.9679559066433956
llava,474,pmi,3,1,0.9685243914694238
llava,474,pmi,3,2,0.9893019028491128
llava,474,pmi,3,3,0.9934762519645474
llava,474,pmi,3,4,0.99370889852207
llava,474,pmi,3,5,0.9986499261123735
llava,474,pmi,3,6,0.9982648360308797
llava,474,pmi,3,7,0.9990119396351845
llava,474,pmi,3,8,0.9991926864145558
llava,474,pmi,3,9,0.9991926864145558
llava,474,pmi,3,10,0.9991926864145558
llava,474,pmi,3,11,0.9993668904483521
llava,474,pmi,3,12,0.9993312619245092
llava,474,pmi,3,13,0.9994157981275833
llava,474,pmi,3,14,0.9994157981275833
llava,474,pmi,3,15,0.9994157981275833
llava,474,pmi,3,16,0.9993698842425123
llava,474,pmi,3,17,0.9993698842425123
llava,474,pmi,3,18,0.9994492635249548
llava,474,pmi,3,19,0.9994492635249548
llava,474,pmi,3,20,0.9994580965400148
llava,474,pmi,3,21,0.9994505685208465
llava,474,pmi,3,22,0.9994505685208465
llava,474,pmi,3,23,0.9994505685208465
llava,474,pmi,3,24,0.9994505685208465
llava,474,pmi,3,25,0.9994505685208465
llava,474,pmi,3,26,0.9996858302914919
llava,474,pmi,3,27,0.9998930578074493
llava,474,pmi,3,28,0.9998930578074493
llava,474,pmi,3,29,0.9998930578074494
llava,474,pmi,3,30,0.9998930578074494
llava,474,pmi,3,31,0.9998930578074494
llava,474,pmi,3,32,0.9998930578074494
llava,474,pmi,3,33,0.9998930578074494
llava,474,pmi,3,34,0.9998930578074494
llava,474,pmi,3,35,0.9998930578074494
llava,474,pmi,3,36,0.9998958110131231
llava,474,pmi,3,37,0.9998958110131231
llava,474,pmi,3,38,0.9998958110131231
llava,474,pmi,3,39,0.9999526408887696
llava,474,pmi,3,40,0.9999526408887696
llava,474,pmi,3,41,0.9999526408887696
llava,474,pmi,3,42,0.9999526408887696
llava,474,pmi,3,43,0.9999526408887696
llava,474,pmi,3,44,0.9999526408887696
llava,474,pmi,3,45,0.9999526408887696
llava,474,pmi,3,46,0.9999526408887696
llava,474,pmi,3,47,0.9999526408887696
llava,474,pmi,3,48,0.9999526408887696
llava,474,pmi,3,49,0.9999526408887696
