walk,target,la,lt,seed_idx,n_acc,ham_start,ham_end,crossings,label_switches,margin_start,margin_end,cross_per_100,crossings_hyst
seed_0000_1779779762::0,ostrich,0,0,0,29,234,206,0,0,0.7905580997467041,1.4717323780059814,0.0,0
seed_0000_1779779762::1,ostrich,0,0,0,27,232,206,0,0,1.242729902267456,2.310926675796509,0.0,0
seed_0000_1779779762::10,ostrich,0,0,0,30,235,206,0,0,1.7295215129852295,2.689260721206665,0.0,0
seed_0000_1779779762::11,ostrich,0,0,0,30,232,203,0,0,1.5785572528839111,2.6859958171844482,0.0,0
seed_0000_1779779762::12,ostrich,0,0,0,29,233,205,0,0,1.6996655464172363,3.078965902328491,0.0,0
seed_0000_1779779762::13,ostrich,0,0,0,30,203,174,0,0,1.0081040859222412,1.3387725353240967,0.0,0
seed_0000_1779779762::14,ostrich,0,0,0,30,197,168,2,0,0.12411117553710938,1.8592607975006104,6.666666666666667,0
seed_0000_1779779762::15,ostrich,0,0,0,30,208,179,0,0,0.4519190788269043,1.3287348747253418,0.0,0
seed_0000_1779779762::16,ostrich,0,0,0,26,27,2,0,0,1.9252805709838867,2.2717385292053223,0.0,0
seed_0000_1779779762::17,ostrich,0,0,0,29,237,209,0,0,1.0754220485687256,1.815985918045044,0.0,0
seed_0000_1779779762::18,ostrich,0,0,0,30,238,209,0,0,1.3489351272583008,3.0473952293395996,0.0,0
seed_0000_1779779762::19,ostrich,0,0,0,28,237,210,0,0,1.6881837844848633,2.3703203201293945,0.0,0
seed_0000_1779779762::2,ostrich,0,0,0,30,235,206,0,0,1.2716827392578125,1.8539619445800781,0.0,0
seed_0000_1779779762::20,ostrich,0,0,0,30,236,207,0,0,0.9588038921356201,1.1727639436721802,0.0,0
seed_0000_1779779762::21,ostrich,0,0,0,29,236,208,0,0,1.0901484489440918,2.792710065841675,0.0,0
seed_0000_1779779762::22,ostrich,0,0,0,30,204,175,2,0,0.5782668590545654,2.6442031860351562,6.666666666666667,2
seed_0000_1779779762::23,ostrich,0,0,0,30,204,175,0,0,1.5101585388183594,1.5985743999481201,0.0,0
seed_0000_1779779762::24,ostrich,0,0,0,28,202,175,1,0,-0.019863128662109375,1.0802783966064453,3.5714285714285716,0
seed_0000_1779779762::25,ostrich,0,0,0,29,29,1,0,0,2.330293893814087,2.8723106384277344,0.0,0
seed_0000_1779779762::3,ostrich,0,0,0,25,236,212,0,0,1.1564576625823975,2.1965861320495605,0.0,0
seed_0000_1779779762::4,ostrich,0,0,0,30,232,203,0,0,0.6463263034820557,2.2009682655334473,0.0,0
seed_0000_1779779762::5,ostrich,0,0,0,30,205,176,0,0,1.7530643939971924,2.53420090675354,0.0,0
seed_0000_1779779762::6,ostrich,0,0,0,30,203,174,11,0,-0.3251934051513672,0.5750834941864014,36.666666666666664,0
seed_0000_1779779762::7,ostrich,0,0,0,24,28,5,0,0,2.67984676361084,2.644240617752075,0.0,0
seed_0000_1779779762::8,ostrich,0,0,0,30,230,201,0,0,0.3541758060455322,2.1078224182128906,0.0,0
seed_0000_1779779762::9,ostrich,0,0,0,30,235,206,0,0,1.5244512557983398,2.791632652282715,0.0,0
seed_0001_1779779762::0,ostrich,0,0,1,29,287,259,0,0,1.250913143157959,0.5220623016357422,0.0,0
seed_0001_1779779762::1,ostrich,0,0,1,28,287,260,0,0,1.6066200733184814,1.6420661211013794,0.0,0
seed_0001_1779779762::10,ostrich,0,0,1,27,290,264,0,0,2.589951753616333,3.0379042625427246,0.0,0
seed_0001_1779779762::11,ostrich,0,0,1,30,252,223,0,0,1.9518377780914307,3.4856104850769043,0.0,0
seed_0001_1779779762::12,ostrich,0,0,1,30,237,208,0,0,1.1057100296020508,1.2209672927856445,0.0,0
seed_0001_1779779762::13,ostrich,0,0,1,17,18,2,0,0,1.9682831764221191,2.0584497451782227,0.0,0
seed_0001_1779779762::14,ostrich,0,0,1,17,17,1,0,0,2.1991195678710938,1.6411341428756714,0.0,0
seed_0001_1779779762::15,ostrich,0,0,1,30,288,259,0,0,1.7258622646331787,2.3084774017333984,0.0,0
seed_0001_1779779762::16,ostrich,0,0,1,30,288,259,0,0,2.979736566543579,2.8871219158172607,0.0,0
seed_0001_1779779762::17,ostrich,0,0,1,30,288,259,0,0,1.5964272022247314,2.2318201065063477,0.0,0
seed_0001_1779779762::18,ostrich,0,0,1,30,252,223,0,0,2.54675555229187,2.8939387798309326,0.0,0
seed_0001_1779779762::19,ostrich,0,0,1,30,232,203,0,0,2.8054070472717285,2.058011054992676,0.0,0
seed_0001_1779779762::2,ostrich,0,0,1,28,288,261,0,0,3.1075491905212402,2.433692216873169,0.0,0
seed_0001_1779779762::20,ostrich,0,0,1,30,235,206,0,0,2.005247116088867,2.3549792766571045,0.0,0
seed_0001_1779779762::21,ostrich,0,0,1,17,18,2,0,0,2.446108341217041,1.0656569004058838,0.0,0
seed_0001_1779779762::3,ostrich,0,0,1,30,241,212,0,0,2.5892021656036377,2.108686923980713,0.0,0
seed_0001_1779779762::4,ostrich,0,0,1,30,233,204,0,0,0.4399096965789795,0.43892550468444824,0.0,0
seed_0001_1779779762::5,ostrich,0,0,1,19,19,1,0,0,2.363860845565796,1.2225122451782227,0.0,0
seed_0001_1779779762::6,ostrich,0,0,1,20,20,1,0,0,2.563483953475952,1.2225122451782227,0.0,0
seed_0001_1779779762::7,ostrich,0,0,1,30,290,261,0,0,2.190990447998047,2.3626480102539062,0.0,0
seed_0001_1779779762::8,ostrich,0,0,1,29,288,260,0,0,2.7453980445861816,2.5625736713409424,0.0,0
seed_0001_1779779762::9,ostrich,0,0,1,30,289,260,0,0,1.3294222354888916,1.511723518371582,0.0,0
seed_0002_1779796697::0,ostrich,0,0,2,30,231,202,3,0,-0.030913829803466797,0.8130369186401367,10.0,0
seed_0002_1779796697::1,ostrich,0,0,2,27,231,205,0,0,1.1123414039611816,2.5658621788024902,0.0,0
seed_0002_1779796697::10,ostrich,0,0,2,30,233,204,0,0,1.2560288906097412,2.0535178184509277,0.0,0
seed_0002_1779796697::11,ostrich,0,0,2,28,232,205,0,0,0.6839642524719238,2.110168933868408,0.0,0
seed_0002_1779796697::12,ostrich,0,0,2,30,231,202,0,0,1.5471444129943848,2.336510419845581,0.0,0
seed_0002_1779796697::13,ostrich,0,0,2,29,233,205,0,0,0.13530278205871582,1.845266342163086,0.0,0
seed_0002_1779796697::14,ostrich,0,0,2,27,207,181,0,0,0.9840619564056396,1.8785006999969482,0.0,0
seed_0002_1779796697::15,ostrich,0,0,2,22,207,186,0,0,2.2020108699798584,3.215853452682495,0.0,0
seed_0002_1779796697::16,ostrich,0,0,2,29,205,177,0,0,1.237452745437622,2.4838128089904785,0.0,0
seed_0002_1779796697::17,ostrich,0,0,2,30,29,0,2,0,1.8708794116973877,0.515131950378418,6.666666666666667,0
seed_0002_1779796697::18,ostrich,0,0,2,30,235,206,11,0,-0.14783668518066406,0.07455325126647949,36.666666666666664,1
seed_0002_1779796697::19,ostrich,0,0,2,30,233,204,0,0,0.3891565799713135,1.5376458168029785,0.0,0
seed_0002_1779796697::2,ostrich,0,0,2,26,234,209,0,0,1.777597427368164,2.8144125938415527,0.0,0
seed_0002_1779796697::20,ostrich,0,0,2,30,235,206,0,0,1.5885365009307861,1.0872163772583008,0.0,0
seed_0002_1779796697::21,ostrich,0,0,2,30,235,206,2,0,0.25694918632507324,0.2912271022796631,6.666666666666667,0
seed_0002_1779796697::22,ostrich,0,0,2,30,231,202,0,0,0.7370641231536865,1.6957933902740479,0.0,0
seed_0002_1779796697::23,ostrich,0,0,2,30,202,173,0,0,1.2302179336547852,1.7851274013519287,0.0,0
seed_0002_1779796697::24,ostrich,0,0,2,30,204,175,0,0,0.36405062675476074,2.229512929916382,0.0,0
seed_0002_1779796697::25,ostrich,0,0,2,30,202,173,0,0,0.33471083641052246,0.5170321464538574,0.0,0
seed_0002_1779796697::26,ostrich,0,0,2,30,29,0,2,0,0.7221066951751709,0.515131950378418,6.666666666666667,2
seed_0002_1779796697::3,ostrich,0,0,2,30,233,204,0,0,2.5133793354034424,2.2425849437713623,0.0,0
seed_0002_1779796697::4,ostrich,0,0,2,26,234,209,0,0,0.6108958721160889,1.9363261461257935,0.0,0
seed_0002_1779796697::5,ostrich,0,0,2,30,212,183,0,0,2.295987844467163,2.066260576248169,0.0,0
seed_0002_1779796697::6,ostrich,0,0,2,24,208,185,0,0,2.766522169113159,3.018176794052124,0.0,0
seed_0002_1779796697::7,ostrich,0,0,2,27,204,178,0,0,1.331254482269287,2.606391191482544,0.0,0
seed_0002_1779796697::8,ostrich,0,0,2,29,30,2,1,0,1.0616207122802734,-0.23949432373046875,3.4482758620689653,0
seed_0002_1779796697::9,ostrich,0,0,2,20,233,214,0,0,2.109511137008667,2.940153121948242,0.0,0
seed_0003_1779794022::0,ostrich,0,1,3,30,237,208,0,0,0.812596321105957,2.350954055786133,0.0,0
seed_0003_1779794022::1,ostrich,0,1,3,30,236,207,0,0,0.41080713272094727,2.8473236560821533,0.0,0
seed_0003_1779794022::10,ostrich,0,1,3,26,235,210,0,0,0.9262204170227051,1.9748296737670898,0.0,0
seed_0003_1779794022::11,ostrich,0,1,3,19,236,218,0,0,0.8417575359344482,2.0616209506988525,0.0,0
seed_0003_1779794022::12,ostrich,0,1,3,15,234,220,0,0,2.6111042499542236,2.641406774520874,0.0,0
seed_0003_1779794022::13,ostrich,0,1,3,30,207,178,0,0,0.7147793769836426,3.112112283706665,0.0,0
seed_0003_1779794022::14,ostrich,0,1,3,30,206,177,0,0,0.409104585647583,2.6945483684539795,0.0,0
seed_0003_1779794022::15,ostrich,0,1,3,11,191,181,0,0,2.637298583984375,2.352964401245117,0.0,0
seed_0003_1779794022::16,ostrich,0,1,3,27,237,211,0,0,0.951707124710083,0.9540121555328369,0.0,0
seed_0003_1779794022::17,ostrich,0,1,3,29,235,207,0,0,1.1660146713256836,2.0356125831604004,0.0,0
seed_0003_1779794022::18,ostrich,0,1,3,29,235,207,0,0,1.485522985458374,2.0361690521240234,0.0,0
seed_0003_1779794022::19,ostrich,0,1,3,25,237,213,0,0,0.9981122016906738,2.5407323837280273,0.0,0
seed_0003_1779794022::2,ostrich,0,1,3,28,235,208,0,0,0.8312299251556396,1.2200329303741455,0.0,0
seed_0003_1779794022::20,ostrich,0,1,3,30,207,178,0,0,1.8373866081237793,1.8197259902954102,0.0,0
seed_0003_1779794022::21,ostrich,0,1,3,30,204,175,0,0,1.0019521713256836,2.336256504058838,0.0,0
seed_0003_1779794022::22,ostrich,0,1,3,11,213,203,0,0,2.9321951866149902,3.7658498287200928,0.0,0
seed_0003_1779794022::23,ostrich,0,1,3,23,24,2,0,0,2.5129921436309814,3.988445281982422,0.0,0
seed_0003_1779794022::3,ostrich,0,1,3,30,237,208,0,0,0.6594710350036621,1.163184404373169,0.0,0
seed_0003_1779794022::4,ostrich,0,1,3,30,235,206,0,0,0.5011172294616699,2.9656169414520264,0.0,0
seed_0003_1779794022::5,ostrich,0,1,3,30,201,172,0,0,0.5971791744232178,2.785726547241211,0.0,0
seed_0003_1779794022::6,ostrich,0,1,3,28,209,182,0,0,1.655618667602539,2.857213020324707,0.0,0
seed_0003_1779794022::7,ostrich,0,1,3,24,196,173,0,0,1.20292329788208,2.250886917114258,0.0,0
seed_0003_1779794022::8,ostrich,0,1,3,29,236,208,0,0,2.093183994293213,3.186096668243408,0.0,0
seed_0003_1779794022::9,ostrich,0,1,3,23,235,213,0,0,1.0511093139648438,2.1891746520996094,0.0,0
seed_0004_1779812704::0,ostrich,0,1,4,29,288,260,0,0,2.1453888416290283,2.542222261428833,0.0,0
seed_0004_1779812704::1,ostrich,0,1,4,30,287,258,0,0,1.7092499732971191,1.8457262516021729,0.0,0
seed_0004_1779812704::10,ostrich,0,1,4,22,289,268,0,0,3.1730895042419434,2.364708185195923,0.0,0
seed_0004_1779812704::11,ostrich,0,1,4,30,235,206,0,0,2.5125625133514404,1.6886322498321533,0.0,0
seed_0004_1779812704::12,ostrich,0,1,4,30,240,211,0,0,2.8399646282196045,2.7643189430236816,0.0,0
seed_0004_1779812704::13,ostrich,0,1,4,18,17,0,0,0,1.6397969722747803,2.6453306674957275,0.0,0
seed_0004_1779812704::14,ostrich,0,1,4,29,285,257,0,0,2.9410347938537598,2.7133595943450928,0.0,0
seed_0004_1779812704::15,ostrich,0,1,4,29,289,261,0,0,2.583538055419922,2.0107686519622803,0.0,0
seed_0004_1779812704::16,ostrich,0,1,4,30,285,256,0,0,3.0554299354553223,2.7199182510375977,0.0,0
seed_0004_1779812704::17,ostrich,0,1,4,30,244,215,0,0,1.7683753967285156,2.253223419189453,0.0,0
seed_0004_1779812704::18,ostrich,0,1,4,29,236,208,0,0,4.067032814025879,3.261850357055664,0.0,0
seed_0004_1779812704::19,ostrich,0,1,4,30,230,201,0,0,3.0204827785491943,2.576336145401001,0.0,0
seed_0004_1779812704::2,ostrich,0,1,4,30,285,256,0,0,3.1630029678344727,2.083307981491089,0.0,0
seed_0004_1779812704::20,ostrich,0,1,4,20,19,0,0,0,0.8341732025146484,2.6453306674957275,0.0,0
seed_0004_1779812704::21,ostrich,0,1,4,20,19,0,0,0,2.830395460128784,2.6453306674957275,0.0,0
seed_0004_1779812704::3,ostrich,0,1,4,27,242,216,0,0,2.3712337017059326,1.589085578918457,0.0,0
seed_0004_1779812704::4,ostrich,0,1,4,27,227,201,0,0,2.5744519233703613,2.688122272491455,0.0,0
seed_0004_1779812704::5,ostrich,0,1,4,18,252,235,0,0,1.9111990928649902,1.0549578666687012,0.0,0
seed_0004_1779812704::6,ostrich,0,1,4,17,16,0,0,0,1.3404409885406494,1.894007682800293,0.0,0
seed_0004_1779812704::7,ostrich,0,1,4,30,288,259,0,0,3.524658679962158,4.193329811096191,0.0,0
seed_0004_1779812704::8,ostrich,0,1,4,27,287,261,0,0,2.226447343826294,1.1012539863586426,0.0,0
seed_0004_1779812704::9,ostrich,0,1,4,30,286,257,0,0,2.110640048980713,2.1356568336486816,0.0,0
seed_0005_1779808731::0,ostrich,0,1,5,24,233,210,0,0,0.9862675666809082,1.7763237953186035,0.0,0
seed_0005_1779808731::1,ostrich,0,1,5,29,231,203,0,0,1.384045124053955,2.7596240043640137,0.0,0
seed_0005_1779808731::10,ostrich,0,1,5,30,234,205,0,0,1.1169040203094482,3.235466480255127,0.0,0
seed_0005_1779808731::11,ostrich,0,1,5,30,233,204,1,0,-0.06527161598205566,1.3659062385559082,3.3333333333333335,0
seed_0005_1779808731::12,ostrich,0,1,5,28,234,207,0,0,0.7815656661987305,2.066234588623047,0.0,0
seed_0005_1779808731::13,ostrich,0,1,5,26,212,187,0,0,1.210508108139038,1.338608741760254,0.0,0
seed_0005_1779808731::14,ostrich,0,1,5,30,204,175,0,0,0.6312770843505859,2.129424810409546,0.0,0
seed_0005_1779808731::15,ostrich,0,1,5,30,232,203,0,0,0.1990985870361328,1.7481739521026611,0.0,0
seed_0005_1779808731::16,ostrich,0,1,5,30,232,203,4,0,0.4022996425628662,1.3426964282989502,13.333333333333334,2
seed_0005_1779808731::17,ostrich,0,1,5,30,231,202,4,0,0.042172908782958984,1.8898258209228516,13.333333333333334,0
seed_0005_1779808731::18,ostrich,0,1,5,26,231,206,0,0,1.7615036964416504,2.9653894901275635,0.0,0
seed_0005_1779808731::19,ostrich,0,1,5,30,232,203,0,0,0.41930079460144043,1.9751633405685425,0.0,0
seed_0005_1779808731::2,ostrich,0,1,5,30,233,204,0,0,0.3568387031555176,2.5937764644622803,0.0,0
seed_0005_1779808731::20,ostrich,0,1,5,30,209,180,0,0,0.47100305557250977,2.1088688373565674,0.0,0
seed_0005_1779808731::21,ostrich,0,1,5,30,209,180,6,0,0.15147852897644043,0.726264238357544,20.0,0
seed_0005_1779808731::22,ostrich,0,1,5,29,198,170,0,0,1.1517786979675293,2.8791422843933105,0.0,0
seed_0005_1779808731::23,ostrich,0,1,5,10,15,6,0,0,1.8406999111175537,1.7431294918060303,0.0,0
seed_0005_1779808731::3,ostrich,0,1,5,24,231,208,0,0,1.1891381740570068,1.8254175186157227,0.0,0
seed_0005_1779808731::4,ostrich,0,1,5,27,233,207,0,0,2.359401226043701,3.714850664138794,0.0,0
seed_0005_1779808731::5,ostrich,0,1,5,28,200,173,0,0,1.6236673593521118,2.1132211685180664,0.0,0
seed_0005_1779808731::6,ostrich,0,1,5,30,201,172,0,0,1.4828336238861084,2.161111831665039,0.0,0
seed_0005_1779808731::7,ostrich,0,1,5,30,209,180,5,0,-0.12012195587158203,1.124269962310791,16.666666666666668,0
seed_0005_1779808731::8,ostrich,0,1,5,17,234,218,0,0,1.8604838848114014,2.5665433406829834,0.0,0
seed_0005_1779808731::9,ostrich,0,1,5,25,233,209,0,0,0.6562161445617676,2.202928304672241,0.0,0
seed_0006_1779825618::0,ostrich,1,0,6,30,237,208,0,0,1.884277105331421,2.261259078979492,0.0,0
seed_0006_1779825618::1,ostrich,1,0,6,22,237,216,0,0,0.46604347229003906,1.8766196966171265,0.0,0
seed_0006_1779825618::10,ostrich,1,0,6,27,237,211,0,0,2.53584623336792,2.819963216781616,0.0,0
seed_0006_1779825618::11,ostrich,1,0,6,30,237,208,0,0,2.2138705253601074,3.0657553672790527,0.0,0
seed_0006_1779825618::12,ostrich,1,0,6,30,213,184,0,0,1.4872629642486572,1.53617262840271,0.0,0
seed_0006_1779825618::13,ostrich,1,0,6,29,200,172,0,0,0.34099340438842773,2.2213938236236572,0.0,0
seed_0006_1779825618::14,ostrich,1,0,6,30,201,172,0,0,0.4763038158416748,0.7647900581359863,0.0,0
seed_0006_1779825618::15,ostrich,1,0,6,22,22,1,0,0,2.147144317626953,0.4045298099517822,0.0,0
seed_0006_1779825618::16,ostrich,1,0,6,23,22,0,0,0,1.5286672115325928,0.4113960266113281,0.0,0
seed_0006_1779825618::17,ostrich,1,0,6,23,236,214,0,0,2.1695570945739746,2.302152395248413,0.0,0
seed_0006_1779825618::18,ostrich,1,0,6,30,236,207,0,0,1.9061424732208252,3.2330853939056396,0.0,0
seed_0006_1779825618::19,ostrich,1,0,6,30,238,209,0,0,0.8377697467803955,0.6640787124633789,0.0,0
seed_0006_1779825618::2,ostrich,1,0,6,30,239,210,0,0,0.801140308380127,0.4729156494140625,0.0,0
seed_0006_1779825618::20,ostrich,1,0,6,30,236,207,0,0,0.08860468864440918,0.3235173225402832,0.0,0
seed_0006_1779825618::21,ostrich,1,0,6,30,207,178,6,0,0.10213232040405273,1.3948702812194824,20.0,1
seed_0006_1779825618::22,ostrich,1,0,6,30,197,168,0,0,1.885906457901001,1.5716958045959473,0.0,0
seed_0006_1779825618::23,ostrich,1,0,6,30,217,188,0,0,0.6637120246887207,0.526963472366333,0.0,0
seed_0006_1779825618::24,ostrich,1,0,6,22,22,1,0,0,1.4389305114746094,0.09365057945251465,0.0,0
seed_0006_1779825618::3,ostrich,1,0,6,29,238,210,0,0,2.5266871452331543,2.6976377964019775,0.0,0
seed_0006_1779825618::4,ostrich,1,0,6,30,202,173,9,0,-0.12251543998718262,0.10386347770690918,30.0,1
seed_0006_1779825618::5,ostrich,1,0,6,30,206,177,0,0,2.5850155353546143,1.1041266918182373,0.0,0
seed_0006_1779825618::6,ostrich,1,0,6,30,198,169,10,0,0.032269954681396484,0.53312087059021,33.333333333333336,0
seed_0006_1779825618::7,ostrich,1,0,6,30,239,210,9,0,0.8799238204956055,-0.11972999572753906,30.0,0
seed_0006_1779825618::8,ostrich,1,0,6,30,237,208,0,0,0.7741262912750244,1.100576639175415,0.0,0
seed_0006_1779825618::9,ostrich,1,0,6,28,237,210,0,0,1.2055954933166504,2.7083957195281982,0.0,0
seed_0007_1779823735::0,ostrich,1,0,7,30,283,254,0,0,2.4012656211853027,1.9284982681274414,0.0,0
seed_0007_1779823735::1,ostrich,1,0,7,30,286,257,0,0,2.292673110961914,2.4071569442749023,0.0,0
seed_0007_1779823735::10,ostrich,1,0,7,30,236,207,0,0,0.9536676406860352,0.8382272720336914,0.0,0
seed_0007_1779823735::11,ostrich,1,0,7,30,284,255,0,0,2.465125799179077,2.0599358081817627,0.0,0
seed_0007_1779823735::12,ostrich,1,0,7,30,286,257,0,0,3.4075794219970703,3.1852164268493652,0.0,0
seed_0007_1779823735::13,ostrich,1,0,7,30,285,256,0,0,2.709885835647583,2.1526262760162354,0.0,0
seed_0007_1779823735::14,ostrich,1,0,7,29,234,206,0,0,3.294093132019043,2.7229292392730713,0.0,0
seed_0007_1779823735::15,ostrich,1,0,7,30,239,210,0,0,2.2785160541534424,1.1631011962890625,0.0,0
seed_0007_1779823735::16,ostrich,1,0,7,30,244,215,0,0,2.3065524101257324,1.465639591217041,0.0,0
seed_0007_1779823735::17,ostrich,1,0,7,18,19,2,0,0,1.9084255695343018,0.4103398323059082,0.0,0
seed_0007_1779823735::2,ostrich,1,0,7,30,287,258,0,0,2.5769574642181396,2.512645959854126,0.0,0
seed_0007_1779823735::3,ostrich,1,0,7,30,245,216,0,0,2.2014193534851074,2.056652784347534,0.0,0
seed_0007_1779823735::4,ostrich,1,0,7,30,240,211,0,0,2.5104541778564453,2.5595321655273438,0.0,0
seed_0007_1779823735::5,ostrich,1,0,7,19,18,0,0,0,2.0050048828125,0.38115859031677246,0.0,0
seed_0007_1779823735::6,ostrich,1,0,7,30,289,260,0,0,2.6765544414520264,1.647214412689209,0.0,0
seed_0007_1779823735::7,ostrich,1,0,7,18,287,270,0,0,2.7968833446502686,3.041569232940674,0.0,0
seed_0007_1779823735::8,ostrich,1,0,7,30,285,256,0,0,2.5450572967529297,2.5522232055664062,0.0,0
seed_0007_1779823735::9,ostrich,1,0,7,30,249,220,0,0,2.5983872413635254,2.4830703735351562,0.0,0
seed_0008_1779843581::0,ostrich,1,0,8,30,237,208,0,0,0.81756591796875,1.7605340480804443,0.0,0
seed_0008_1779843581::1,ostrich,1,0,8,30,234,205,4,0,0.7527244091033936,1.2607243061065674,13.333333333333334,0
seed_0008_1779843581::10,ostrich,1,0,8,25,237,213,0,0,1.2867050170898438,1.8010339736938477,0.0,0
seed_0008_1779843581::11,ostrich,1,0,8,30,238,209,2,0,0.25505661964416504,0.23657965660095215,6.666666666666667,0
seed_0008_1779843581::12,ostrich,1,0,8,30,235,206,0,0,0.9321811199188232,1.6145987510681152,0.0,0
seed_0008_1779843581::13,ostrich,1,0,8,30,218,189,0,0,0.4624197483062744,2.1582844257354736,0.0,0
seed_0008_1779843581::14,ostrich,1,0,8,30,207,178,0,0,0.8288168907165527,1.4981889724731445,0.0,0
seed_0008_1779843581::15,ostrich,1,0,8,30,209,180,6,0,0.29213953018188477,0.40743589401245117,20.0,0
seed_0008_1779843581::16,ostrich,1,0,8,24,23,0,0,0,1.9154176712036133,0.8897998332977295,0.0,0
seed_0008_1779843581::17,ostrich,1,0,8,30,236,207,0,0,1.617621660232544,3.151329755783081,0.0,0
seed_0008_1779843581::18,ostrich,1,0,8,30,238,209,0,0,1.1623051166534424,2.4331746101379395,0.0,0
seed_0008_1779843581::19,ostrich,1,0,8,26,235,210,0,0,2.1946682929992676,2.491028070449829,0.0,0
seed_0008_1779843581::2,ostrich,1,0,8,30,235,206,3,0,-0.16077637672424316,0.8706226348876953,10.0,1
seed_0008_1779843581::20,ostrich,1,0,8,30,237,208,0,0,0.6242985725402832,2.464663028717041,0.0,0
seed_0008_1779843581::21,ostrich,1,0,8,30,235,206,0,0,1.0712997913360596,2.702497959136963,0.0,0
seed_0008_1779843581::22,ostrich,1,0,8,26,210,185,0,0,2.316784381866455,2.3536620140075684,0.0,0
seed_0008_1779843581::23,ostrich,1,0,8,24,214,191,0,0,2.5761666297912598,2.754734516143799,0.0,0
seed_0008_1779843581::24,ostrich,1,0,8,24,23,0,0,0,2.1410601139068604,0.9161603450775146,0.0,0
seed_0008_1779843581::25,ostrich,1,0,8,25,24,0,0,0,1.9649147987365723,0.9161603450775146,0.0,0
seed_0008_1779843581::3,ostrich,1,0,8,30,237,208,0,0,1.7198069095611572,1.8791444301605225,0.0,0
seed_0008_1779843581::4,ostrich,1,0,8,30,236,207,0,0,2.729266881942749,3.3277812004089355,0.0,0
seed_0008_1779843581::5,ostrich,1,0,8,30,207,178,1,0,-0.5085132122039795,0.7825140953063965,3.3333333333333335,1
seed_0008_1779843581::6,ostrich,1,0,8,30,195,166,0,0,1.1168622970581055,1.8777849674224854,0.0,0
seed_0008_1779843581::7,ostrich,1,0,8,25,206,182,0,0,0.8444881439208984,1.8891786336898804,0.0,0
seed_0008_1779843581::8,ostrich,1,0,8,30,237,208,0,0,1.748427152633667,2.20379376411438,0.0,0
seed_0008_1779843581::9,ostrich,1,0,8,30,238,209,0,0,0.7546460628509521,1.9614534378051758,0.0,0
seed_0009_1779838222::0,ostrich,1,1,9,30,233,204,0,0,0.3741769790649414,1.3335471153259277,0.0,0
seed_0009_1779838222::1,ostrich,1,1,9,30,235,206,1,0,-0.24511003494262695,1.1228389739990234,3.3333333333333335,0
seed_0009_1779838222::10,ostrich,1,1,9,30,235,206,0,0,1.4088315963745117,2.562739610671997,0.0,0
seed_0009_1779838222::11,ostrich,1,1,9,28,236,209,0,0,0.27855372428894043,1.5372339487075806,0.0,0
seed_0009_1779838222::12,ostrich,1,1,9,28,235,208,0,0,1.0133450031280518,1.5624101161956787,0.0,0
seed_0009_1779838222::13,ostrich,1,1,9,30,235,206,0,0,0.8148772716522217,1.6188724040985107,0.0,0
seed_0009_1779838222::14,ostrich,1,1,9,19,207,189,0,0,1.8720793724060059,2.431856155395508,0.0,0
seed_0009_1779838222::15,ostrich,1,1,9,23,204,182,0,0,2.617084503173828,2.8119208812713623,0.0,0
seed_0009_1779838222::16,ostrich,1,1,9,30,204,175,0,0,1.161839485168457,1.4236948490142822,0.0,0
seed_0009_1779838222::17,ostrich,1,1,9,24,24,1,0,0,2.0600063800811768,3.5511422157287598,0.0,0
seed_0009_1779838222::18,ostrich,1,1,9,22,24,3,0,0,2.705065965652466,2.6250271797180176,0.0,0
seed_0009_1779838222::19,ostrich,1,1,9,28,234,207,0,0,0.4983358383178711,2.034001588821411,0.0,0
seed_0009_1779838222::2,ostrich,1,1,9,26,234,209,0,0,0.7175359725952148,2.516035556793213,0.0,0
seed_0009_1779838222::20,ostrich,1,1,9,29,237,209,0,0,1.3646125793457031,1.7270689010620117,0.0,0
seed_0009_1779838222::21,ostrich,1,1,9,25,232,208,0,0,3.1969704627990723,3.211899518966675,0.0,0
seed_0009_1779838222::22,ostrich,1,1,9,30,237,208,0,0,0.9396710395812988,2.4599034786224365,0.0,0
seed_0009_1779838222::23,ostrich,1,1,9,30,236,207,8,0,0.3371434211730957,0.9940640926361084,26.666666666666668,0
seed_0009_1779838222::24,ostrich,1,1,9,29,198,170,0,0,2.942678689956665,4.508216857910156,0.0,0
seed_0009_1779838222::25,ostrich,1,1,9,29,209,181,0,0,1.0668792724609375,1.418910026550293,0.0,0
seed_0009_1779838222::26,ostrich,1,1,9,19,24,6,0,0,2.23868465423584,2.71504807472229,0.0,0
seed_0009_1779838222::27,ostrich,1,1,9,19,23,5,0,0,2.5080583095550537,2.9041759967803955,0.0,0
seed_0009_1779838222::3,ostrich,1,1,9,30,236,207,0,0,1.0728323459625244,2.6137876510620117,0.0,0
seed_0009_1779838222::4,ostrich,1,1,9,25,234,210,0,0,1.1358182430267334,2.384082794189453,0.0,0
seed_0009_1779838222::5,ostrich,1,1,9,29,201,173,0,0,0.8147439956665039,1.0533356666564941,0.0,0
seed_0009_1779838222::6,ostrich,1,1,9,30,210,181,0,0,1.242488145828247,2.5782742500305176,0.0,0
seed_0009_1779838222::7,ostrich,1,1,9,29,209,181,0,0,1.7087156772613525,2.566838026046753,0.0,0
seed_0009_1779838222::8,ostrich,1,1,9,20,21,2,0,0,2.642094850540161,3.442660093307495,0.0,0
seed_0009_1779838222::9,ostrich,1,1,9,30,234,205,0,0,0.8149552345275879,2.4734086990356445,0.0,0
seed_0010_1779858298::0,ostrich,1,1,10,30,285,256,0,0,2.535236358642578,1.9626975059509277,0.0,0
seed_0010_1779858298::1,ostrich,1,1,10,27,287,261,0,0,2.42106032371521,2.320173978805542,0.0,0
seed_0010_1779858298::10,ostrich,1,1,10,27,288,262,0,0,4.414017200469971,3.2521865367889404,0.0,0
seed_0010_1779858298::11,ostrich,1,1,10,29,240,212,0,0,3.1163089275360107,3.1732075214385986,0.0,0
seed_0010_1779858298::12,ostrich,1,1,10,30,235,206,0,0,3.433640956878662,2.5679781436920166,0.0,0
seed_0010_1779858298::13,ostrich,1,1,10,30,240,211,0,0,3.303913116455078,2.783399820327759,0.0,0
seed_0010_1779858298::14,ostrich,1,1,10,19,20,2,0,0,1.5890922546386719,2.091033458709717,0.0,0
seed_0010_1779858298::15,ostrich,1,1,10,30,287,258,0,0,3.206697702407837,2.7249979972839355,0.0,0
seed_0010_1779858298::16,ostrich,1,1,10,30,288,259,0,0,2.9694995880126953,2.691823959350586,0.0,0
seed_0010_1779858298::17,ostrich,1,1,10,30,288,259,0,0,0.9307971000671387,1.2728314399719238,0.0,0
seed_0010_1779858298::18,ostrich,1,1,10,28,288,261,0,0,2.371273994445801,2.6221296787261963,0.0,0
seed_0010_1779858298::19,ostrich,1,1,10,22,241,220,0,0,3.2529404163360596,2.8587942123413086,0.0,0
seed_0010_1779858298::2,ostrich,1,1,10,22,287,266,0,0,2.540825605392456,2.5664708614349365,0.0,0
seed_0010_1779858298::20,ostrich,1,1,10,30,240,211,0,0,3.0417439937591553,2.895413637161255,0.0,0
seed_0010_1779858298::21,ostrich,1,1,10,19,20,2,0,0,3.2058427333831787,2.5846779346466064,0.0,0
seed_0010_1779858298::22,ostrich,1,1,10,20,20,1,0,0,2.4706172943115234,3.1609513759613037,0.0,0
seed_0010_1779858298::3,ostrich,1,1,10,26,288,263,0,0,2.940239191055298,3.3214662075042725,0.0,0
seed_0010_1779858298::4,ostrich,1,1,10,30,246,217,0,0,1.3814947605133057,2.4617581367492676,0.0,0
seed_0010_1779858298::5,ostrich,1,1,10,30,239,210,0,0,3.0895612239837646,2.8559470176696777,0.0,0
seed_0010_1779858298::6,ostrich,1,1,10,21,22,2,0,0,2.7549548149108887,3.0950927734375,0.0,0
seed_0010_1779858298::7,ostrich,1,1,10,23,23,1,0,0,2.242701530456543,3.1609513759613037,0.0,0
seed_0010_1779858298::8,ostrich,1,1,10,30,289,260,0,0,3.5802268981933594,3.3156564235687256,0.0,0
seed_0010_1779858298::9,ostrich,1,1,10,29,290,262,0,0,2.0502514839172363,2.269198417663574,0.0,0
seed_0011_1779854570::0,ostrich,1,1,11,20,233,214,0,0,2.0630993843078613,1.851158857345581,0.0,0
seed_0011_1779854570::1,ostrich,1,1,11,25,232,208,0,0,0.9887182712554932,1.9113943576812744,0.0,0
seed_0011_1779854570::10,ostrich,1,1,11,30,231,202,0,0,0.5503671169281006,2.070636510848999,0.0,0
seed_0011_1779854570::11,ostrich,1,1,11,29,232,204,0,0,1.898176670074463,3.066629648208618,0.0,0
seed_0011_1779854570::12,ostrich,1,1,11,30,231,202,0,0,0.6252849102020264,1.97542405128479,0.0,0
seed_0011_1779854570::13,ostrich,1,1,11,26,204,179,0,0,1.971778154373169,3.196270227432251,0.0,0
seed_0011_1779854570::14,ostrich,1,1,11,30,211,182,0,0,1.13840651512146,1.6851015090942383,0.0,0
seed_0011_1779854570::15,ostrich,1,1,11,29,210,182,0,0,1.366034984588623,2.245344877243042,0.0,0
seed_0011_1779854570::16,ostrich,1,1,11,27,232,206,0,0,2.94161319732666,3.2039036750793457,0.0,0
seed_0011_1779854570::17,ostrich,1,1,11,29,232,204,0,0,0.7587499618530273,1.0740149021148682,0.0,0
seed_0011_1779854570::18,ostrich,1,1,11,30,233,204,0,0,0.6845965385437012,3.2544641494750977,0.0,0
seed_0011_1779854570::19,ostrich,1,1,11,26,233,208,0,0,1.6548385620117188,2.568417549133301,0.0,0
seed_0011_1779854570::2,ostrich,1,1,11,29,232,204,0,0,0.5820083618164062,2.3408491611480713,0.0,0
seed_0011_1779854570::20,ostrich,1,1,11,30,232,203,0,0,1.6810822486877441,2.2269861698150635,0.0,0
seed_0011_1779854570::21,ostrich,1,1,11,30,204,175,0,0,0.3871471881866455,0.9904289245605469,0.0,0
seed_0011_1779854570::22,ostrich,1,1,11,30,215,186,3,0,-0.043495893478393555,2.723376750946045,10.0,0
seed_0011_1779854570::23,ostrich,1,1,11,30,209,180,5,0,-0.1442711353302002,2.729053258895874,16.666666666666668,0
seed_0011_1779854570::3,ostrich,1,1,11,24,231,208,0,0,3.012371778488159,3.484790563583374,0.0,0
seed_0011_1779854570::4,ostrich,1,1,11,29,195,167,0,0,0.3303182125091553,2.4334452152252197,0.0,0
seed_0011_1779854570::5,ostrich,1,1,11,29,215,187,0,0,0.5565247535705566,2.259753465652466,0.0,0
seed_0011_1779854570::6,ostrich,1,1,11,30,202,173,0,0,0.3841826915740967,1.991595983505249,0.0,0
seed_0011_1779854570::7,ostrich,1,1,11,13,14,2,0,0,2.62235164642334,1.041208267211914,0.0,0
seed_0011_1779854570::8,ostrich,1,1,11,30,233,204,0,0,1.3337152004241943,2.1814615726470947,0.0,0
seed_0011_1779854570::9,ostrich,1,1,11,29,232,204,0,0,0.5464386940002441,1.5445077419281006,0.0,0
seed_0012_1779872483::0,green iguana,0,0,12,30,232,203,0,4,0.9452202320098877,1.0796406269073486,0.0,0
seed_0012_1779872483::1,green iguana,0,0,12,30,233,204,8,0,-0.5218431949615479,-0.12749290466308594,26.666666666666668,0
seed_0012_1779872483::10,green iguana,0,0,12,30,235,206,0,0,0.29610133171081543,0.2506527900695801,0.0,0
seed_0012_1779872483::11,green iguana,0,0,12,30,230,201,14,0,-0.02158331871032715,-0.01292729377746582,46.666666666666664,0
seed_0012_1779872483::12,green iguana,0,0,12,30,233,204,8,0,0.20821166038513184,0.225783109664917,26.666666666666668,0
seed_0012_1779872483::13,green iguana,0,0,12,25,233,209,0,0,0.4816913604736328,0.14175760746002197,0.0,0
seed_0012_1779872483::14,green iguana,0,0,12,22,205,184,0,0,0.8533895015716553,0.8684017658233643,0.0,0
seed_0012_1779872483::15,green iguana,0,0,12,30,209,180,0,0,-1.146028995513916,-0.26372718811035156,0.0,0
seed_0012_1779872483::16,green iguana,0,0,12,30,234,205,0,0,-0.705847978591919,-0.9896688461303711,0.0,0
seed_0012_1779872483::17,green iguana,0,0,12,30,234,205,8,0,-0.274799108505249,-0.6464037895202637,26.666666666666668,0
seed_0012_1779872483::18,green iguana,0,0,12,29,234,206,7,0,0.1039133071899414,-0.060448408126831055,24.137931034482758,0
seed_0012_1779872483::19,green iguana,0,0,12,29,232,204,5,0,0.6646585464477539,-0.11317920684814453,17.24137931034483,0
seed_0012_1779872483::2,green iguana,0,0,12,30,232,203,9,0,0.5743471384048462,-0.04106450080871582,30.0,0
seed_0012_1779872483::20,green iguana,0,0,12,30,233,204,3,0,0.04247331619262695,-0.2715151309967041,10.0,1
seed_0012_1779872483::21,green iguana,0,0,12,30,201,172,4,0,-0.5110721588134766,-0.4805471897125244,13.333333333333334,0
seed_0012_1779872483::22,green iguana,0,0,12,27,199,173,0,0,0.9274890422821045,0.3327186107635498,0.0,0
seed_0012_1779872483::23,green iguana,0,0,12,30,206,177,2,0,-0.036185503005981445,-0.4540860652923584,6.666666666666667,0
seed_0012_1779872483::3,green iguana,0,0,12,30,233,204,4,0,0.6731810569763184,0.021770715713500977,13.333333333333334,0
seed_0012_1779872483::4,green iguana,0,0,12,30,231,202,0,0,-0.8098297119140625,-0.8189995288848877,0.0,0
seed_0012_1779872483::5,green iguana,0,0,12,30,209,180,9,0,0.3322117328643799,-0.579608678817749,30.0,1
seed_0012_1779872483::6,green iguana,0,0,12,30,201,172,0,0,1.110842227935791,0.8663249015808105,0.0,0
seed_0012_1779872483::7,green iguana,0,0,12,30,207,178,4,0,0.6227591037750244,0.3042764663696289,13.333333333333334,0
seed_0012_1779872483::8,green iguana,0,0,12,27,26,0,1,6,1.0153734683990479,-0.6261131763458252,3.7037037037037037,1
seed_0012_1779872483::9,green iguana,0,0,12,26,25,0,1,3,1.9420706033706665,-0.6261131763458252,3.8461538461538463,1
seed_0013_1779870048::0,green iguana,0,0,13,30,283,254,0,0,0.9574344158172607,1.3659498691558838,0.0,0
seed_0013_1779870048::1,green iguana,0,0,13,30,282,253,0,9,1.3756850957870483,0.7867727279663086,0.0,0
seed_0013_1779870048::10,green iguana,0,0,13,30,281,252,0,0,0.4794478416442871,0.419572114944458,0.0,0
seed_0013_1779870048::11,green iguana,0,0,13,30,283,254,6,0,0.10541152954101562,0.26784777641296387,20.0,0
seed_0013_1779870048::12,green iguana,0,0,13,30,283,254,0,4,1.1076242923736572,1.145817756652832,0.0,0
seed_0013_1779870048::13,green iguana,0,0,13,30,282,253,2,4,0.7096836566925049,0.8685956001281738,6.666666666666667,0
seed_0013_1779870048::14,green iguana,0,0,13,30,284,255,0,2,1.1134929656982422,0.7766819000244141,0.0,0
seed_0013_1779870048::15,green iguana,0,0,13,30,231,202,5,0,-0.31348085403442383,0.47646570205688477,16.666666666666668,0
seed_0013_1779870048::16,green iguana,0,0,13,30,246,217,0,3,1.0878937244415283,1.3270485401153564,0.0,0
seed_0013_1779870048::17,green iguana,0,0,13,30,246,217,0,0,0.5638353824615479,0.5873608589172363,0.0,0
seed_0013_1779870048::18,green iguana,0,0,13,30,33,4,3,2,1.0819873809814453,-0.6600432395935059,10.0,1
seed_0013_1779870048::19,green iguana,0,0,13,30,32,3,5,0,1.107555866241455,-0.6600432395935059,16.666666666666668,1
seed_0013_1779870048::2,green iguana,0,0,13,30,284,255,0,2,0.7262418270111084,0.7975630760192871,0.0,0
seed_0013_1779870048::20,green iguana,0,0,13,30,278,249,0,0,1.0651593208312988,0.8282020092010498,0.0,0
seed_0013_1779870048::21,green iguana,0,0,13,30,281,252,0,6,0.7454299926757812,0.4737579822540283,0.0,0
seed_0013_1779870048::22,green iguana,0,0,13,30,285,256,0,7,1.4512876272201538,1.2285444736480713,0.0,0
seed_0013_1779870048::23,green iguana,0,0,13,30,283,254,1,4,0.7996230125427246,-0.05389118194580078,3.3333333333333335,0
seed_0013_1779870048::24,green iguana,0,0,13,30,282,253,0,6,0.9636447429656982,0.5947563648223877,0.0,0
seed_0013_1779870048::25,green iguana,0,0,13,30,246,217,0,0,-0.5398173332214355,-0.2562744617462158,0.0,0
seed_0013_1779870048::26,green iguana,0,0,13,30,234,205,5,0,0.31226634979248047,-0.3966407775878906,16.666666666666668,1
seed_0013_1779870048::27,green iguana,0,0,13,30,243,214,1,0,0.8487453460693359,-0.10754537582397461,3.3333333333333335,0
seed_0013_1779870048::28,green iguana,0,0,13,30,33,4,1,0,0.6545412540435791,-0.6600432395935059,3.3333333333333335,1
seed_0013_1779870048::29,green iguana,0,0,13,30,33,4,1,2,0.8279910087585449,-0.6600432395935059,3.3333333333333335,1
seed_0013_1779870048::3,green iguana,0,0,13,30,283,254,0,0,0.5911407470703125,0.4737818241119385,0.0,0
seed_0013_1779870048::4,green iguana,0,0,13,30,280,251,0,3,1.2339390516281128,0.3776116371154785,0.0,0
seed_0013_1779870048::5,green iguana,0,0,13,30,234,205,0,0,0.8206889629364014,0.5293891429901123,0.0,0
seed_0013_1779870048::6,green iguana,0,0,13,30,233,204,5,2,0.7168586254119873,-0.12106561660766602,16.666666666666668,0
seed_0013_1779870048::7,green iguana,0,0,13,30,242,213,0,0,0.647040605545044,0.7541556358337402,0.0,0
seed_0013_1779870048::8,green iguana,0,0,13,30,33,4,1,0,1.1746020317077637,-0.6600432395935059,3.3333333333333335,1
seed_0013_1779870048::9,green iguana,0,0,13,30,32,3,1,0,1.0046429634094238,-0.6600432395935059,3.3333333333333335,1
seed_0014_1779884961::0,green iguana,0,0,14,30,235,206,6,5,0.21915769577026367,0.8150923252105713,20.0,0
seed_0014_1779884961::1,green iguana,0,0,14,30,236,207,0,0,-0.5135886669158936,-0.3438756465911865,0.0,0
seed_0014_1779884961::10,green iguana,0,0,14,30,232,203,2,0,-0.9514658451080322,-0.20910882949829102,6.666666666666667,0
seed_0014_1779884961::11,green iguana,0,0,14,30,234,205,0,0,-0.14556145668029785,-0.7801511287689209,0.0,0
seed_0014_1779884961::12,green iguana,0,0,14,30,232,203,9,1,-0.04726672172546387,0.9608476161956787,30.0,2
seed_0014_1779884961::13,green iguana,0,0,14,30,231,202,0,6,1.3508250713348389,1.4598650932312012,0.0,0
seed_0014_1779884961::14,green iguana,0,0,14,30,231,202,6,0,-0.5361480712890625,-0.05976462364196777,20.0,1
seed_0014_1779884961::15,green iguana,0,0,14,30,208,179,5,0,0.0899507999420166,-0.7136070728302002,16.666666666666668,1
seed_0014_1779884961::16,green iguana,0,0,14,30,194,165,0,0,0.12194418907165527,0.3765370845794678,0.0,0
seed_0014_1779884961::17,green iguana,0,0,14,30,204,175,0,0,0.8677136898040771,0.9781100749969482,0.0,0
seed_0014_1779884961::18,green iguana,0,0,14,28,27,0,1,5,1.335042953491211,-0.3507843017578125,3.5714285714285716,0
seed_0014_1779884961::19,green iguana,0,0,14,29,28,0,1,1,1.3250181674957275,-0.3507843017578125,3.4482758620689653,0
seed_0014_1779884961::2,green iguana,0,0,14,30,236,207,7,0,0.5510373115539551,-0.4440286159515381,23.333333333333332,1
seed_0014_1779884961::20,green iguana,0,0,14,30,230,201,6,0,0.694284200668335,0.9652984142303467,20.0,2
seed_0014_1779884961::21,green iguana,0,0,14,30,232,203,2,11,0.9662046432495117,0.7030293941497803,6.666666666666667,0
seed_0014_1779884961::22,green iguana,0,0,14,30,232,203,0,2,0.29356908798217773,0.1219015121459961,0.0,0
seed_0014_1779884961::23,green iguana,0,0,14,30,231,202,0,5,1.0037870407104492,0.6228115558624268,0.0,0
seed_0014_1779884961::24,green iguana,0,0,14,30,233,204,8,0,0.36841344833374023,1.059268832206726,26.666666666666668,2
seed_0014_1779884961::25,green iguana,0,0,14,30,209,180,0,6,1.0115025043487549,1.0774160623550415,0.0,0
seed_0014_1779884961::26,green iguana,0,0,14,30,210,181,0,0,-1.0985126495361328,-0.9591948986053467,0.0,0
seed_0014_1779884961::27,green iguana,0,0,14,30,206,177,1,2,0.35018396377563477,-0.2155616283416748,3.3333333333333335,1
seed_0014_1779884961::28,green iguana,0,0,14,28,27,0,1,3,1.1973638534545898,-0.3507843017578125,3.5714285714285716,0
seed_0014_1779884961::29,green iguana,0,0,14,28,27,0,1,0,0.41435742378234863,-0.3507843017578125,3.5714285714285716,0
seed_0014_1779884961::3,green iguana,0,0,14,30,233,204,9,0,-0.40503644943237305,0.5369038581848145,30.0,1
seed_0014_1779884961::4,green iguana,0,0,14,30,235,206,4,0,0.023143529891967773,0.005765199661254883,13.333333333333334,0
seed_0014_1779884961::5,green iguana,0,0,14,30,200,171,0,0,-0.6434311866760254,-0.44743990898132324,0.0,0
seed_0014_1779884961::6,green iguana,0,0,14,30,209,180,11,0,-0.4812774658203125,0.5255649089813232,36.666666666666664,3
seed_0014_1779884961::7,green iguana,0,0,14,30,211,182,5,0,-0.1949930191040039,0.04167580604553223,16.666666666666668,1
seed_0014_1779884961::8,green iguana,0,0,14,30,30,1,1,2,0.7312724590301514,-1.6750011444091797,3.3333333333333335,1
seed_0014_1779884961::9,green iguana,0,0,14,30,29,0,1,2,0.9365012645721436,-1.6750011444091797,3.3333333333333335,1
seed_0015_1779886296::0,green iguana,0,1,15,30,233,204,0,2,0.4999048709869385,0.5796177387237549,0.0,0
seed_0015_1779886296::1,green iguana,0,1,15,30,231,202,2,0,-0.15753388404846191,-0.5366895198822021,6.666666666666667,0
seed_0015_1779886296::10,green iguana,0,1,15,30,232,203,2,0,-0.20070266723632812,-0.7424194812774658,6.666666666666667,2
seed_0015_1779886296::11,green iguana,0,1,15,30,232,203,1,0,0.6189975738525391,-0.714303731918335,3.3333333333333335,1
seed_0015_1779886296::12,green iguana,0,1,15,30,235,206,3,0,0.26910948753356934,-0.4062671661376953,10.0,1
seed_0015_1779886296::13,green iguana,0,1,15,30,232,203,0,0,-0.14876532554626465,-0.3502044677734375,0.0,0
seed_0015_1779886296::14,green iguana,0,1,15,30,232,203,0,5,1.3801429271697998,0.5245890617370605,0.0,0
seed_0015_1779886296::15,green iguana,0,1,15,30,199,170,0,0,0.6810293197631836,0.7032525539398193,0.0,0
seed_0015_1779886296::16,green iguana,0,1,15,30,204,175,0,0,-0.45326924324035645,-1.329681634902954,0.0,0
seed_0015_1779886296::17,green iguana,0,1,15,30,207,178,0,10,0.8502517938613892,0.862402081489563,0.0,0
seed_0015_1779886296::18,green iguana,0,1,15,30,36,7,7,3,1.1976232528686523,-0.4597182273864746,23.333333333333332,1
seed_0015_1779886296::19,green iguana,0,1,15,30,37,8,1,2,0.9986300468444824,-0.1907029151916504,3.3333333333333335,1
seed_0015_1779886296::2,green iguana,0,1,15,30,230,201,5,0,0.6474332809448242,-0.014804601669311523,16.666666666666668,0
seed_0015_1779886296::20,green iguana,0,1,15,30,231,202,2,0,-0.5908033847808838,-0.6784846782684326,6.666666666666667,0
seed_0015_1779886296::21,green iguana,0,1,15,30,231,202,1,11,0.9590836763381958,-0.4441037178039551,3.3333333333333335,1
seed_0015_1779886296::22,green iguana,0,1,15,30,232,203,0,10,0.8577659130096436,1.0304255485534668,0.0,0
seed_0015_1779886296::23,green iguana,0,1,15,30,230,201,8,0,-0.1511669158935547,-0.37067198753356934,26.666666666666668,0
seed_0015_1779886296::24,green iguana,0,1,15,30,226,197,6,0,-0.5404112339019775,-0.9385592937469482,20.0,0
seed_0015_1779886296::25,green iguana,0,1,15,30,207,178,0,0,1.2368690967559814,1.3105740547180176,0.0,0
seed_0015_1779886296::26,green iguana,0,1,15,30,207,178,0,0,1.6496752500534058,1.460880160331726,0.0,0
seed_0015_1779886296::27,green iguana,0,1,15,30,217,188,3,0,0.5323085784912109,-0.27547359466552734,10.0,0
seed_0015_1779886296::28,green iguana,0,1,15,30,38,9,3,1,1.0678901672363281,-1.8625099658966064,10.0,1
seed_0015_1779886296::29,green iguana,0,1,15,30,39,10,3,0,0.6606736183166504,-0.9876523017883301,10.0,1
seed_0015_1779886296::3,green iguana,0,1,15,30,230,201,0,0,-0.20027565956115723,-0.36634182929992676,0.0,0
seed_0015_1779886296::4,green iguana,0,1,15,30,233,204,0,0,-0.33692359924316406,-0.6159768104553223,0.0,0
seed_0015_1779886296::5,green iguana,0,1,15,30,201,172,2,0,0.09789729118347168,0.34638071060180664,6.666666666666667,0
seed_0015_1779886296::6,green iguana,0,1,15,30,209,180,4,0,0.4003145694732666,0.4123356342315674,13.333333333333334,2
seed_0015_1779886296::7,green iguana,0,1,15,30,209,180,6,0,0.3370702266693115,0.0051081180572509766,20.0,1
seed_0015_1779886296::8,green iguana,0,1,15,30,36,7,5,0,0.970069169998169,-0.4597182273864746,16.666666666666668,1
seed_0015_1779886296::9,green iguana,0,1,15,30,38,9,1,3,1.293187141418457,-0.6121623516082764,3.3333333333333335,1
seed_0016_1779899585::0,green iguana,0,1,16,30,279,250,2,0,1.0526506900787354,0.0925607681274414,6.666666666666667,0
seed_0016_1779899585::1,green iguana,0,1,16,30,281,252,0,13,1.1264946460723877,1.1077215671539307,0.0,0
seed_0016_1779899585::10,green iguana,0,1,16,30,281,252,0,14,1.0938575267791748,1.1054649353027344,0.0,0
seed_0016_1779899585::11,green iguana,0,1,16,30,284,255,0,11,0.5514853000640869,1.1663620471954346,0.0,0
seed_0016_1779899585::12,green iguana,0,1,16,30,282,253,0,0,0.6412723064422607,0.805992841720581,0.0,0
seed_0016_1779899585::13,green iguana,0,1,16,30,284,255,0,0,0.5270633697509766,0.6056842803955078,0.0,0
seed_0016_1779899585::14,green iguana,0,1,16,30,282,253,0,0,0.7027380466461182,0.46199631690979004,0.0,0
seed_0016_1779899585::15,green iguana,0,1,16,30,247,218,3,0,0.10373663902282715,-0.3979048728942871,10.0,1
seed_0016_1779899585::16,green iguana,0,1,16,30,247,218,0,0,0.9778518676757812,1.0197696685791016,0.0,0
seed_0016_1779899585::17,green iguana,0,1,16,30,244,215,0,0,1.2364064455032349,1.2137565612792969,0.0,0
seed_0016_1779899585::18,green iguana,0,1,16,30,35,6,1,0,0.538823127746582,-0.7123026847839355,3.3333333333333335,1
seed_0016_1779899585::19,green iguana,0,1,16,30,35,6,3,0,0.9715523719787598,-0.7123026847839355,10.0,1
seed_0016_1779899585::2,green iguana,0,1,16,30,282,253,0,14,0.8683247566223145,1.0379624366760254,0.0,0
seed_0016_1779899585::20,green iguana,0,1,16,30,284,255,0,0,1.33296799659729,0.8263115882873535,0.0,0
seed_0016_1779899585::21,green iguana,0,1,16,30,283,254,0,0,0.708585262298584,0.6498918533325195,0.0,0
seed_0016_1779899585::22,green iguana,0,1,16,30,284,255,0,6,1.0007678270339966,1.0450891256332397,0.0,0
seed_0016_1779899585::23,green iguana,0,1,16,30,284,255,0,0,0.7196519374847412,1.0022094249725342,0.0,0
seed_0016_1779899585::24,green iguana,0,1,16,30,282,253,0,0,0.6284184455871582,0.9962339401245117,0.0,0
seed_0016_1779899585::25,green iguana,0,1,16,30,246,217,0,9,1.0979211330413818,0.6660044193267822,0.0,0
seed_0016_1779899585::26,green iguana,0,1,16,30,242,213,2,0,0.3248023986816406,0.11494112014770508,6.666666666666667,2
seed_0016_1779899585::27,green iguana,0,1,16,30,242,213,0,7,0.9949150085449219,1.242229700088501,0.0,0
seed_0016_1779899585::28,green iguana,0,1,16,30,35,6,1,3,1.5035743713378906,-0.4685361385345459,3.3333333333333335,1
seed_0016_1779899585::29,green iguana,0,1,16,30,35,6,1,5,1.1471362113952637,-0.4685361385345459,3.3333333333333335,1
seed_0016_1779899585::3,green iguana,0,1,16,30,276,247,12,0,0.2801487445831299,0.0480043888092041,40.0,0
seed_0016_1779899585::4,green iguana,0,1,16,30,277,248,0,7,1.2384867668151855,0.9679884910583496,0.0,0
seed_0016_1779899585::5,green iguana,0,1,16,30,238,209,0,8,1.020998477935791,1.2100276947021484,0.0,0
seed_0016_1779899585::6,green iguana,0,1,16,30,231,202,0,0,1.3086094856262207,1.1037986278533936,0.0,0
seed_0016_1779899585::7,green iguana,0,1,16,30,247,218,0,7,1.1453042030334473,0.8904800415039062,0.0,0
seed_0016_1779899585::8,green iguana,0,1,16,30,36,7,1,0,0.8353214263916016,-0.7123026847839355,3.3333333333333335,1
seed_0016_1779899585::9,green iguana,0,1,16,30,37,8,3,1,1.4709265232086182,-0.7123026847839355,10.0,1
seed_0017_1779900659::0,green iguana,0,1,17,30,228,199,0,0,-0.2963294982910156,-0.2223348617553711,0.0,0
seed_0017_1779900659::1,green iguana,0,1,17,30,230,201,8,0,0.293210506439209,0.38486266136169434,26.666666666666668,0
seed_0017_1779900659::10,green iguana,0,1,17,30,226,197,0,0,-0.6226582527160645,-0.48473262786865234,0.0,0
seed_0017_1779900659::11,green iguana,0,1,17,30,229,200,0,0,0.7235579490661621,0.5026025772094727,0.0,0
seed_0017_1779900659::12,green iguana,0,1,17,30,230,201,6,0,0.28259992599487305,0.1434171199798584,20.0,1
seed_0017_1779900659::13,green iguana,0,1,17,30,229,200,0,13,0.893134355545044,0.5949888229370117,0.0,0
seed_0017_1779900659::14,green iguana,0,1,17,30,228,199,0,0,-0.6571404933929443,-0.7307834625244141,0.0,0
seed_0017_1779900659::15,green iguana,0,1,17,30,201,172,1,0,-0.6188604831695557,0.12489771842956543,3.3333333333333335,0
seed_0017_1779900659::16,green iguana,0,1,17,30,210,181,1,0,-0.41144847869873047,0.13593006134033203,3.3333333333333335,0
seed_0017_1779900659::17,green iguana,0,1,17,30,196,167,2,0,-0.19443440437316895,-0.3888838291168213,6.666666666666667,0
seed_0017_1779900659::18,green iguana,0,1,17,30,37,8,1,1,1.6745344400405884,-2.0121748447418213,3.3333333333333335,1
seed_0017_1779900659::19,green iguana,0,1,17,30,38,9,1,4,1.0122129917144775,-2.0121748447418213,3.3333333333333335,1
seed_0017_1779900659::2,green iguana,0,1,17,30,228,199,3,0,0.4280128479003906,-0.2638571262359619,10.0,0
seed_0017_1779900659::20,green iguana,0,1,17,30,233,204,0,0,1.0634403228759766,0.43607306480407715,0.0,0
seed_0017_1779900659::21,green iguana,0,1,17,30,227,198,5,0,0.13725543022155762,-0.7771023511886597,16.666666666666668,2
seed_0017_1779900659::22,green iguana,0,1,17,30,228,199,0,11,1.1973795890808105,1.0065727233886719,0.0,0
seed_0017_1779900659::23,green iguana,0,1,17,30,229,200,0,0,-0.5698785781860352,-0.3060784339904785,0.0,0
seed_0017_1779900659::24,green iguana,0,1,17,30,228,199,0,0,0.837723970413208,0.8430955410003662,0.0,0
seed_0017_1779900659::25,green iguana,0,1,17,30,199,170,2,0,0.3631927967071533,0.5101675987243652,6.666666666666667,0
seed_0017_1779900659::26,green iguana,0,1,17,30,211,182,13,0,-0.11338281631469727,0.26546454429626465,43.333333333333336,0
seed_0017_1779900659::27,green iguana,0,1,17,30,198,169,0,0,1.1330187320709229,0.9435045719146729,0.0,0
seed_0017_1779900659::28,green iguana,0,1,17,30,36,7,1,6,0.9784965515136719,-2.0121748447418213,3.3333333333333335,1
seed_0017_1779900659::29,green iguana,0,1,17,30,38,9,1,2,0.7855124473571777,-2.0121748447418213,3.3333333333333335,1
seed_0017_1779900659::3,green iguana,0,1,17,30,231,202,4,0,-0.05579185485839844,-0.31855320930480957,13.333333333333334,1
seed_0017_1779900659::4,green iguana,0,1,17,30,230,201,0,0,-0.8062958717346191,-0.6064369678497314,0.0,0
seed_0017_1779900659::5,green iguana,0,1,17,30,204,175,2,4,0.4224429130554199,0.9290382862091064,6.666666666666667,0
seed_0017_1779900659::6,green iguana,0,1,17,30,200,171,2,0,0.10061097145080566,0.3333461284637451,6.666666666666667,0
seed_0017_1779900659::7,green iguana,0,1,17,30,204,175,8,0,0.1134183406829834,0.02217388153076172,26.666666666666668,1
seed_0017_1779900659::8,green iguana,0,1,17,24,23,0,1,3,1.4231107234954834,-1.6138408184051514,4.166666666666667,1
seed_0017_1779900659::9,green iguana,0,1,17,25,24,0,1,5,0.9781224727630615,-1.6138408184051514,4.0,1
seed_0018_1779913977::0,green iguana,0,2,18,30,236,207,2,0,-1.1345417499542236,-0.38909173011779785,6.666666666666667,0
seed_0018_1779913977::1,green iguana,0,2,18,30,235,206,5,0,0.06567049026489258,-0.1925210952758789,16.666666666666668,0
seed_0018_1779913977::10,green iguana,0,2,18,30,236,207,12,0,0.025781631469726562,0.0713813304901123,40.0,1
seed_0018_1779913977::11,green iguana,0,2,18,30,204,175,11,0,0.17976808547973633,-0.7166459560394287,36.666666666666664,0
seed_0018_1779913977::12,green iguana,0,2,18,30,195,166,3,0,0.30709147453308105,-0.5360851287841797,10.0,0
seed_0018_1779913977::13,green iguana,0,2,18,30,201,172,0,0,-0.6291224956512451,-0.9649646282196045,0.0,0
seed_0018_1779913977::14,green iguana,0,2,18,21,22,2,2,0,1.1870195865631104,0.2912788391113281,9.523809523809524,0
seed_0018_1779913977::15,green iguana,0,2,18,11,22,12,0,0,0.8834373950958252,1.0093190670013428,0.0,0
seed_0018_1779913977::16,green iguana,0,2,18,30,235,206,4,0,0.14176416397094727,0.09900259971618652,13.333333333333334,0
seed_0018_1779913977::17,green iguana,0,2,18,30,235,206,4,0,-0.2717773914337158,-0.33930516242980957,13.333333333333334,0
seed_0018_1779913977::18,green iguana,0,2,18,30,236,207,2,0,-0.21903443336486816,-0.3825066089630127,6.666666666666667,1
seed_0018_1779913977::19,green iguana,0,2,18,30,235,206,2,0,-0.21965932846069336,-0.5178115367889404,6.666666666666667,0
seed_0018_1779913977::2,green iguana,0,2,18,29,233,205,0,0,0.6011693477630615,0.34892964363098145,0.0,0
seed_0018_1779913977::20,green iguana,0,2,18,30,234,205,14,0,-0.2251734733581543,-0.8353769779205322,46.666666666666664,0
seed_0018_1779913977::21,green iguana,0,2,18,29,206,178,0,0,0.5158183574676514,0.5159966945648193,0.0,0
seed_0018_1779913977::22,green iguana,0,2,18,30,207,178,8,0,0.8581119775772095,0.049309492111206055,26.666666666666668,2
seed_0018_1779913977::23,green iguana,0,2,18,21,21,1,2,0,0.3925936222076416,0.7451863288879395,9.523809523809524,0
seed_0018_1779913977::24,green iguana,0,2,18,20,21,2,0,0,0.6430695056915283,0.45079827308654785,0.0,0
seed_0018_1779913977::3,green iguana,0,2,18,30,235,206,0,0,-0.27185916900634766,-0.04298973083496094,0.0,0
seed_0018_1779913977::4,green iguana,0,2,18,30,204,175,0,0,0.3503744602203369,0.6475818157196045,0.0,0
seed_0018_1779913977::5,green iguana,0,2,18,24,204,181,0,0,0.684901237487793,0.758760929107666,0.0,0
seed_0018_1779913977::6,green iguana,0,2,18,30,235,206,2,0,0.4064640998840332,0.33460187911987305,6.666666666666667,0
seed_0018_1779913977::7,green iguana,0,2,18,30,236,207,6,0,0.15776848793029785,0.17439913749694824,20.0,0
seed_0018_1779913977::8,green iguana,0,2,18,30,236,207,6,0,-0.09356522560119629,-0.19319367408752441,20.0,1
seed_0018_1779913977::9,green iguana,0,2,18,30,235,206,2,0,-0.5915799140930176,-0.9722263813018799,6.666666666666667,2
seed_0019_1779914598::0,green iguana,0,2,19,30,288,259,0,0,0.869347333908081,0.701148509979248,0.0,0
seed_0019_1779914598::1,green iguana,0,2,19,30,289,260,0,0,0.6761400699615479,0.731489896774292,0.0,0
seed_0019_1779914598::10,green iguana,0,2,19,30,287,258,0,6,0.9552373886108398,1.168696641921997,0.0,0
seed_0019_1779914598::11,green iguana,0,2,19,30,287,258,0,0,0.5531818866729736,0.09936332702636719,0.0,0
seed_0019_1779914598::12,green iguana,0,2,19,30,286,257,0,2,0.4252626895904541,0.7284870147705078,0.0,0
seed_0019_1779914598::13,green iguana,0,2,19,30,286,257,0,0,0.7136745452880859,0.998507022857666,0.0,0
seed_0019_1779914598::14,green iguana,0,2,19,30,288,259,0,10,1.2461576461791992,0.7558667659759521,0.0,0
seed_0019_1779914598::15,green iguana,0,2,19,30,252,223,1,0,0.5127739906311035,-0.3206443786621094,3.3333333333333335,0
seed_0019_1779914598::16,green iguana,0,2,19,30,244,215,0,0,1.3957538604736328,0.9616298675537109,0.0,0
seed_0019_1779914598::17,green iguana,0,2,19,30,241,212,0,4,0.8257501125335693,0.5707170963287354,0.0,0
seed_0019_1779914598::18,green iguana,0,2,19,21,20,0,1,1,1.4120395183563232,-0.5795388221740723,4.761904761904762,1
seed_0019_1779914598::19,green iguana,0,2,19,21,20,0,1,2,0.743671178817749,-0.5795388221740723,4.761904761904762,1
seed_0019_1779914598::2,green iguana,0,2,19,30,286,257,2,0,0.832918643951416,0.46373486518859863,6.666666666666667,0
seed_0019_1779914598::20,green iguana,0,2,19,30,289,260,0,4,0.8751649856567383,1.289337158203125,0.0,0
seed_0019_1779914598::21,green iguana,0,2,19,30,288,259,0,0,0.46889638900756836,0.8001961708068848,0.0,0
seed_0019_1779914598::22,green iguana,0,2,19,30,288,259,0,9,1.3570373058319092,0.9228920936584473,0.0,0
seed_0019_1779914598::23,green iguana,0,2,19,30,289,260,0,0,0.7672414779663086,0.47484278678894043,0.0,0
seed_0019_1779914598::24,green iguana,0,2,19,30,288,259,0,9,1.1371822357177734,1.393796443939209,0.0,0
seed_0019_1779914598::25,green iguana,0,2,19,30,248,219,0,8,1.09523344039917,0.8933391571044922,0.0,0
seed_0019_1779914598::26,green iguana,0,2,19,30,240,211,0,6,1.1611487865447998,1.181736707687378,0.0,0
seed_0019_1779914598::27,green iguana,0,2,19,30,244,215,12,0,0.3766937255859375,0.307300329208374,40.0,0
seed_0019_1779914598::28,green iguana,0,2,19,24,23,0,1,1,1.4556306600570679,-0.5795388221740723,4.166666666666667,1
seed_0019_1779914598::29,green iguana,0,2,19,24,23,0,1,0,1.415647029876709,-0.5795388221740723,4.166666666666667,1
seed_0019_1779914598::3,green iguana,0,2,19,30,288,259,0,0,0.5203909873962402,0.5309686660766602,0.0,0
seed_0019_1779914598::4,green iguana,0,2,19,30,289,260,3,0,0.11862635612487793,-0.1602480411529541,10.0,0
seed_0019_1779914598::5,green iguana,0,2,19,30,240,211,0,0,0.8194048404693604,0.9474697113037109,0.0,0
seed_0019_1779914598::6,green iguana,0,2,19,30,230,201,0,2,0.9919393062591553,0.5843229293823242,0.0,0
seed_0019_1779914598::7,green iguana,0,2,19,30,243,214,0,2,0.832481861114502,1.2607669830322266,0.0,0
seed_0019_1779914598::8,green iguana,0,2,19,23,22,0,1,0,0.6638035774230957,-0.5795388221740723,4.3478260869565215,1
seed_0019_1779914598::9,green iguana,0,2,19,24,23,0,1,0,0.9903123378753662,-0.5795388221740723,4.166666666666667,1
seed_0020_1779928083::0,green iguana,0,2,20,30,233,204,4,0,-0.06129574775695801,-0.1408076286315918,13.333333333333334,0
seed_0020_1779928083::1,green iguana,0,2,20,28,233,206,0,0,0.8430466651916504,0.2974848747253418,0.0,0
seed_0020_1779928083::10,green iguana,0,2,20,30,234,205,2,0,0.4246864318847656,0.364119291305542,6.666666666666667,0
seed_0020_1779928083::11,green iguana,0,2,20,29,234,206,4,0,0.2788207530975342,0.061377525329589844,13.793103448275861,0
seed_0020_1779928083::12,green iguana,0,2,20,29,233,205,8,0,0.03972315788269043,0.5472840070724487,27.586206896551722,1
seed_0020_1779928083::13,green iguana,0,2,20,30,207,178,4,0,-0.523500919342041,-0.7179362773895264,13.333333333333334,2
seed_0020_1779928083::14,green iguana,0,2,20,30,210,181,0,0,-0.5072684288024902,-0.681126594543457,0.0,0
seed_0020_1779928083::15,green iguana,0,2,20,28,198,171,0,0,0.09042954444885254,0.830848217010498,0.0,0
seed_0020_1779928083::16,green iguana,0,2,20,14,18,5,2,0,0.3707740306854248,1.075334906578064,14.285714285714286,0
seed_0020_1779928083::17,green iguana,0,2,20,30,233,204,5,0,-0.4055774211883545,0.5397684574127197,16.666666666666668,1
seed_0020_1779928083::18,green iguana,0,2,20,30,234,205,0,0,0.5810074806213379,0.9057357311248779,0.0,0
seed_0020_1779928083::19,green iguana,0,2,20,30,235,206,6,0,-0.09924197196960449,-0.11282849311828613,20.0,0
seed_0020_1779928083::2,green iguana,0,2,20,30,234,205,11,0,0.28729867935180664,-0.5649433135986328,36.666666666666664,0
seed_0020_1779928083::20,green iguana,0,2,20,30,234,205,0,0,-0.8749940395355225,-0.8997552394866943,0.0,0
seed_0020_1779928083::21,green iguana,0,2,20,30,200,171,3,0,-0.1667172908782959,0.4230082035064697,10.0,1
seed_0020_1779928083::22,green iguana,0,2,20,26,202,177,0,0,1.3607289791107178,0.2562704086303711,0.0,0
seed_0020_1779928083::23,green iguana,0,2,20,30,201,172,4,0,-0.5097254514694214,-0.7239271402359009,13.333333333333334,0
seed_0020_1779928083::24,green iguana,0,2,20,17,17,1,0,0,0.5968766212463379,1.3047103881835938,0.0,0
seed_0020_1779928083::3,green iguana,0,2,20,30,233,204,8,0,-0.23197388648986816,-0.24937796592712402,26.666666666666668,0
seed_0020_1779928083::4,green iguana,0,2,20,25,234,210,0,0,0.9667668342590332,1.1868715286254883,0.0,0
seed_0020_1779928083::5,green iguana,0,2,20,30,200,171,5,0,0.6046547889709473,-0.25994372367858887,16.666666666666668,1
seed_0020_1779928083::6,green iguana,0,2,20,30,205,176,4,0,-0.008295774459838867,-0.5766594409942627,13.333333333333334,0
seed_0020_1779928083::7,green iguana,0,2,20,30,210,181,1,0,-1.139801025390625,0.5972516536712646,3.3333333333333335,1
seed_0020_1779928083::8,green iguana,0,2,20,19,20,2,2,0,1.0540142059326172,0.12774920463562012,10.526315789473685,1
seed_0020_1779928083::9,green iguana,0,2,20,20,20,1,0,0,0.5631873607635498,1.3047103881835938,0.0,0
seed_0021_1779931262::0,green iguana,1,0,21,30,237,208,2,7,0.06748461723327637,1.645998239517212,6.666666666666667,0
seed_0021_1779931262::1,green iguana,1,0,21,30,234,205,7,0,-0.13503646850585938,0.05124473571777344,23.333333333333332,0
seed_0021_1779931262::10,green iguana,1,0,21,30,234,205,4,0,0.4565463066101074,0.31285691261291504,13.333333333333334,0
seed_0021_1779931262::11,green iguana,1,0,21,30,235,206,1,4,0.8108170032501221,-0.013226032257080078,3.3333333333333335,0
seed_0021_1779931262::12,green iguana,1,0,21,30,236,207,0,10,0.7313587665557861,0.7766783237457275,0.0,0
seed_0021_1779931262::13,green iguana,1,0,21,30,237,208,8,0,0.11835098266601562,0.5088181495666504,26.666666666666668,1
seed_0021_1779931262::14,green iguana,1,0,21,30,236,207,0,0,-0.520653247833252,-0.4818549156188965,0.0,0
seed_0021_1779931262::15,green iguana,1,0,21,30,199,170,0,11,1.0082244873046875,0.7869975566864014,0.0,0
seed_0021_1779931262::16,green iguana,1,0,21,30,203,174,8,0,-0.4613335132598877,-0.4683549404144287,26.666666666666668,0
seed_0021_1779931262::17,green iguana,1,0,21,30,203,174,0,0,0.8202364444732666,0.40623974800109863,0.0,0
seed_0021_1779931262::18,green iguana,1,0,21,27,26,0,1,3,1.2967758178710938,-0.4231438636779785,3.7037037037037037,1
seed_0021_1779931262::19,green iguana,1,0,21,28,27,0,3,6,1.272313117980957,-0.4231438636779785,10.714285714285714,1
seed_0021_1779931262::2,green iguana,1,0,21,30,235,206,3,0,0.4078211784362793,-0.7822310924530029,10.0,1
seed_0021_1779931262::20,green iguana,1,0,21,30,236,207,2,2,0.8307158946990967,0.785757303237915,6.666666666666667,0
seed_0021_1779931262::21,green iguana,1,0,21,30,237,208,0,12,0.9365391731262207,0.7588703632354736,0.0,0
seed_0021_1779931262::22,green iguana,1,0,21,30,236,207,0,0,-0.1732497215270996,-0.17754316329956055,0.0,0
seed_0021_1779931262::23,green iguana,1,0,21,30,235,206,9,0,-0.2692115306854248,0.24660086631774902,30.0,0
seed_0021_1779931262::24,green iguana,1,0,21,30,235,206,0,4,0.9031481742858887,0.6723830699920654,0.0,0
seed_0021_1779931262::25,green iguana,1,0,21,30,199,170,0,0,-0.9938440322875977,-0.900637149810791,0.0,0
seed_0021_1779931262::26,green iguana,1,0,21,30,195,166,0,6,0.819939374923706,0.26673412322998047,0.0,0
seed_0021_1779931262::27,green iguana,1,0,21,30,209,180,2,0,-0.10840582847595215,-0.4081239700317383,6.666666666666667,0
seed_0021_1779931262::28,green iguana,1,0,21,27,26,0,1,4,0.3193340301513672,-0.4231438636779785,3.7037037037037037,1
seed_0021_1779931262::29,green iguana,1,0,21,28,27,0,3,5,1.3080661296844482,-0.4231438636779785,10.714285714285714,1
seed_0021_1779931262::3,green iguana,1,0,21,30,235,206,4,0,-0.1695408821105957,-0.14832472801208496,13.333333333333334,0
seed_0021_1779931262::4,green iguana,1,0,21,30,237,208,0,12,1.0030418634414673,0.9942132234573364,0.0,0
seed_0021_1779931262::5,green iguana,1,0,21,30,208,179,8,0,-0.5591301918029785,-0.030852556228637695,26.666666666666668,0
seed_0021_1779931262::6,green iguana,1,0,21,30,206,177,0,0,-0.713951826095581,-0.8862912654876709,0.0,0
seed_0021_1779931262::7,green iguana,1,0,21,30,205,176,4,0,0.1946578025817871,0.6643474102020264,13.333333333333334,0
seed_0021_1779931262::8,green iguana,1,0,21,30,29,0,1,1,1.3389195203781128,-0.4227182865142822,3.3333333333333335,1
seed_0021_1779931262::9,green iguana,1,0,21,30,29,0,1,4,0.9067797660827637,-0.4227182865142822,3.3333333333333335,1
seed_0022_1779943150::0,green iguana,1,0,22,30,290,261,0,4,0.6644442081451416,0.3932681083679199,0.0,0
seed_0022_1779943150::1,green iguana,1,0,22,30,290,261,0,13,0.8953258991241455,1.2176191806793213,0.0,0
seed_0022_1779943150::10,green iguana,1,0,22,30,288,259,0,11,1.0779608488082886,0.9616057872772217,0.0,0
seed_0022_1779943150::11,green iguana,1,0,22,30,291,262,0,0,1.1803207397460938,1.1058084964752197,0.0,0
seed_0022_1779943150::12,green iguana,1,0,22,30,288,259,2,0,0.26179981231689453,0.8659396171569824,6.666666666666667,0
seed_0022_1779943150::13,green iguana,1,0,22,30,289,260,0,0,1.0724689960479736,0.7893040180206299,0.0,0
seed_0022_1779943150::14,green iguana,1,0,22,30,287,258,0,1,0.5884041786193848,1.244497537612915,0.0,0
seed_0022_1779943150::15,green iguana,1,0,22,30,245,216,0,0,0.7713921070098877,0.6809470653533936,0.0,0
seed_0022_1779943150::16,green iguana,1,0,22,30,249,220,0,2,1.3461461067199707,1.121544361114502,0.0,0
seed_0022_1779943150::17,green iguana,1,0,22,30,237,208,0,5,0.802454948425293,1.0617622137069702,0.0,0
seed_0022_1779943150::18,green iguana,1,0,22,21,20,0,1,2,0.6732478141784668,-1.0341968536376953,4.761904761904762,1
seed_0022_1779943150::19,green iguana,1,0,22,23,22,0,1,2,0.6494319438934326,-1.0341968536376953,4.3478260869565215,1
seed_0022_1779943150::2,green iguana,1,0,22,30,290,261,0,0,0.7286396026611328,0.4597139358520508,0.0,0
seed_0022_1779943150::20,green iguana,1,0,22,30,288,259,0,3,0.6671605110168457,1.4310449361801147,0.0,0
seed_0022_1779943150::21,green iguana,1,0,22,30,287,258,0,12,1.0938279628753662,1.0766730308532715,0.0,0
seed_0022_1779943150::22,green iguana,1,0,22,30,287,258,0,0,0.49188899993896484,0.685441255569458,0.0,0
seed_0022_1779943150::23,green iguana,1,0,22,30,289,260,0,2,0.6119523048400879,0.8903980255126953,0.0,0
seed_0022_1779943150::24,green iguana,1,0,22,30,285,256,0,5,0.9777843952178955,1.3614012002944946,0.0,0
seed_0022_1779943150::25,green iguana,1,0,22,30,243,214,0,13,0.9278788566589355,1.118298053741455,0.0,0
seed_0022_1779943150::26,green iguana,1,0,22,30,234,205,0,0,0.27126216888427734,0.3706066608428955,0.0,0
seed_0022_1779943150::27,green iguana,1,0,22,30,249,220,0,1,1.7551367282867432,1.0514044761657715,0.0,0
seed_0022_1779943150::28,green iguana,1,0,22,24,23,0,3,0,1.069300889968872,-1.0341968536376953,12.5,1
seed_0022_1779943150::29,green iguana,1,0,22,23,22,0,1,4,1.212629795074463,-1.0341968536376953,4.3478260869565215,1
seed_0022_1779943150::3,green iguana,1,0,22,30,288,259,0,9,1.4608488082885742,1.1763250827789307,0.0,0
seed_0022_1779943150::4,green iguana,1,0,22,30,291,262,0,0,0.9063882827758789,0.9783115386962891,0.0,0
seed_0022_1779943150::5,green iguana,1,0,22,30,244,215,0,0,0.3938586711883545,0.8463835716247559,0.0,0
seed_0022_1779943150::6,green iguana,1,0,22,30,243,214,6,0,1.042027235031128,0.13882875442504883,20.0,1
seed_0022_1779943150::7,green iguana,1,0,22,30,244,215,0,6,1.1020818948745728,1.2008723020553589,0.0,0
seed_0022_1779943150::8,green iguana,1,0,22,21,20,0,1,2,0.6923682689666748,-1.0341968536376953,4.761904761904762,1
seed_0022_1779943150::9,green iguana,1,0,22,22,21,0,1,1,0.9608585834503174,-1.0341968536376953,4.545454545454546,1
seed_0023_1779949141::0,green iguana,1,0,23,30,234,205,4,0,0.6836881637573242,0.8181154727935791,13.333333333333334,0
seed_0023_1779949141::1,green iguana,1,0,23,30,236,207,5,0,0.34801363945007324,-0.1091470718383789,16.666666666666668,0
seed_0023_1779949141::10,green iguana,1,0,23,30,235,206,0,0,-0.7180471420288086,-1.0677728652954102,0.0,0
seed_0023_1779949141::11,green iguana,1,0,23,30,235,206,7,3,-0.0019121170043945312,1.1177136898040771,23.333333333333332,0
seed_0023_1779949141::12,green iguana,1,0,23,30,235,206,3,4,0.8573861122131348,-0.008801460266113281,10.0,0
seed_0023_1779949141::13,green iguana,1,0,23,30,236,207,0,0,0.7499034404754639,0.23889875411987305,0.0,0
seed_0023_1779949141::14,green iguana,1,0,23,30,236,207,0,0,1.1782424449920654,0.886603593826294,0.0,0
seed_0023_1779949141::15,green iguana,1,0,23,30,198,169,0,6,0.7535187005996704,0.7131383419036865,0.0,0
seed_0023_1779949141::16,green iguana,1,0,23,30,206,177,0,0,0.4825606346130371,0.42307591438293457,0.0,0
seed_0023_1779949141::17,green iguana,1,0,23,30,188,159,9,0,0.17406582832336426,-0.10617899894714355,30.0,0
seed_0023_1779949141::18,green iguana,1,0,23,28,27,0,1,2,0.1653742790222168,-0.107696533203125,3.5714285714285716,1
seed_0023_1779949141::19,green iguana,1,0,23,28,27,0,5,6,0.9834368228912354,-0.107696533203125,17.857142857142858,0
seed_0023_1779949141::2,green iguana,1,0,23,30,235,206,0,0,0.9159910678863525,0.09484076499938965,0.0,0
seed_0023_1779949141::20,green iguana,1,0,23,30,235,206,2,0,0.4048278331756592,0.16814780235290527,6.666666666666667,0
seed_0023_1779949141::21,green iguana,1,0,23,30,233,204,2,0,0.6135766506195068,0.5343446731567383,6.666666666666667,0
seed_0023_1779949141::22,green iguana,1,0,23,30,234,205,0,0,0.5208113193511963,0.8198871612548828,0.0,0
seed_0023_1779949141::23,green iguana,1,0,23,30,232,203,0,5,1.105926513671875,1.0973660945892334,0.0,0
seed_0023_1779949141::24,green iguana,1,0,23,30,235,206,1,0,0.5701966285705566,-0.14425063133239746,3.3333333333333335,0
seed_0023_1779949141::25,green iguana,1,0,23,30,204,175,0,0,0.7127423286437988,0.5587432384490967,0.0,0
seed_0023_1779949141::26,green iguana,1,0,23,30,209,180,0,0,0.35249900817871094,1.0884747505187988,0.0,0
seed_0023_1779949141::27,green iguana,1,0,23,30,203,174,0,3,1.0301406383514404,1.459664225578308,0.0,0
seed_0023_1779949141::28,green iguana,1,0,23,28,27,0,1,8,0.8445644378662109,-0.2612745761871338,3.5714285714285716,0
seed_0023_1779949141::29,green iguana,1,0,23,27,26,0,1,3,0.9224382638931274,-0.2612745761871338,3.7037037037037037,0
seed_0023_1779949141::3,green iguana,1,0,23,30,235,206,0,9,1.3507680892944336,0.47647929191589355,0.0,0
seed_0023_1779949141::4,green iguana,1,0,23,30,232,203,4,0,-0.6147749423980713,-0.8528108596801758,13.333333333333334,0
seed_0023_1779949141::5,green iguana,1,0,23,30,199,170,3,5,1.4177452325820923,-0.7311930656433105,10.0,1
seed_0023_1779949141::6,green iguana,1,0,23,30,202,173,0,0,1.3393816947937012,1.3187497854232788,0.0,0
seed_0023_1779949141::7,green iguana,1,0,23,30,210,181,0,0,-1.102182149887085,-1.0493693351745605,0.0,0
seed_0023_1779949141::8,green iguana,1,0,23,29,28,0,3,6,0.9781680107116699,-0.23408222198486328,10.344827586206897,0
seed_0023_1779949141::9,green iguana,1,0,23,30,29,0,1,2,0.7927758693695068,-0.23408222198486328,3.3333333333333335,0
seed_0024_1779959809::0,green iguana,1,1,24,30,229,200,7,1,1.0111525058746338,-0.4585704803466797,23.333333333333332,1
seed_0024_1779959809::1,green iguana,1,1,24,30,232,203,0,0,-0.739058256149292,-0.9252684116363525,0.0,0
seed_0024_1779959809::10,green iguana,1,1,24,30,233,204,0,9,1.222893476486206,0.9791991710662842,0.0,0
seed_0024_1779959809::11,green iguana,1,1,24,30,232,203,0,4,0.9268481731414795,0.3330998420715332,0.0,0
seed_0024_1779959809::12,green iguana,1,1,24,30,232,203,0,0,-0.660099983215332,-0.8775935173034668,0.0,0
seed_0024_1779959809::13,green iguana,1,1,24,30,229,200,5,0,0.5459599494934082,-0.12463212013244629,16.666666666666668,1
seed_0024_1779959809::14,green iguana,1,1,24,30,233,204,0,7,1.4154083728790283,0.7990322113037109,0.0,0
seed_0024_1779959809::15,green iguana,1,1,24,30,211,182,0,10,0.8423658609390259,0.648975133895874,0.0,0
seed_0024_1779959809::16,green iguana,1,1,24,30,205,176,0,0,1.222625732421875,1.200866460800171,0.0,0
seed_0024_1779959809::17,green iguana,1,1,24,30,204,175,4,0,0.2399122714996338,0.3311290740966797,13.333333333333334,0
seed_0024_1779959809::18,green iguana,1,1,24,25,24,0,1,10,0.814408540725708,-0.47148823738098145,4.0,1
seed_0024_1779959809::19,green iguana,1,1,24,26,25,0,3,2,0.6122143268585205,-0.47148823738098145,11.538461538461538,1
seed_0024_1779959809::2,green iguana,1,1,24,30,230,201,0,0,0.042870283126831055,0.15526866912841797,0.0,0
seed_0024_1779959809::20,green iguana,1,1,24,30,234,205,0,0,1.2947494983673096,1.255589485168457,0.0,0
seed_0024_1779959809::21,green iguana,1,1,24,30,233,204,0,0,0.8832800388336182,1.1173095703125,0.0,0
seed_0024_1779959809::22,green iguana,1,1,24,30,235,206,0,12,0.8880436420440674,0.785982608795166,0.0,0
seed_0024_1779959809::23,green iguana,1,1,24,30,233,204,4,0,-0.2929809093475342,-1.045990228652954,13.333333333333334,0
seed_0024_1779959809::24,green iguana,1,1,24,30,234,205,11,0,0.2834446430206299,-0.1168816089630127,36.666666666666664,0
seed_0024_1779959809::25,green iguana,1,1,24,30,206,177,7,0,0.07940101623535156,-0.5920541286468506,23.333333333333332,0
seed_0024_1779959809::26,green iguana,1,1,24,30,209,180,12,0,0.29256224632263184,0.17713046073913574,40.0,0
seed_0024_1779959809::27,green iguana,1,1,24,30,194,165,0,0,0.9155553579330444,0.6283930540084839,0.0,0
seed_0024_1779959809::28,green iguana,1,1,24,30,39,10,0,7,1.0517841577529907,0.6367127895355225,0.0,0
seed_0024_1779959809::29,green iguana,1,1,24,30,39,10,0,2,0.8042547702789307,0.686704158782959,0.0,0
seed_0024_1779959809::3,green iguana,1,1,24,30,231,202,0,4,1.1131591796875,0.4120340347290039,0.0,0
seed_0024_1779959809::4,green iguana,1,1,24,30,231,202,6,7,0.9710839986801147,0.6649813652038574,20.0,0
seed_0024_1779959809::5,green iguana,1,1,24,30,205,176,0,0,-0.9315409660339355,-0.5147778987884521,0.0,0
seed_0024_1779959809::6,green iguana,1,1,24,30,202,173,8,0,-0.04969429969787598,-0.7191541194915771,26.666666666666668,0
seed_0024_1779959809::7,green iguana,1,1,24,30,201,172,8,0,-0.9453444480895996,-0.3134734630584717,26.666666666666668,3
seed_0024_1779959809::8,green iguana,1,1,24,30,39,10,0,1,1.383839726448059,0.10808897018432617,0.0,0
seed_0024_1779959809::9,green iguana,1,1,24,30,40,11,0,7,1.3712481260299683,0.8749334812164307,0.0,0
seed_0025_1779966185::0,green iguana,1,1,25,30,287,258,0,0,0.5236637592315674,0.9932396411895752,0.0,0
seed_0025_1779966185::1,green iguana,1,1,25,30,287,258,0,0,0.5325727462768555,0.8371589183807373,0.0,0
seed_0025_1779966185::10,green iguana,1,1,25,30,285,256,0,4,0.8727030754089355,0.549126386642456,0.0,0
seed_0025_1779966185::11,green iguana,1,1,25,30,286,257,0,0,0.14903020858764648,0.7201931476593018,0.0,0
seed_0025_1779966185::12,green iguana,1,1,25,30,286,257,0,5,1.0232503414154053,1.5732293128967285,0.0,0
seed_0025_1779966185::13,green iguana,1,1,25,30,288,259,0,0,0.70896315574646,1.190619945526123,0.0,0
seed_0025_1779966185::14,green iguana,1,1,25,30,288,259,0,5,0.9923124313354492,1.5162482261657715,0.0,0
seed_0025_1779966185::15,green iguana,1,1,25,30,243,214,0,0,1.1199405193328857,0.8790478706359863,0.0,0
seed_0025_1779966185::16,green iguana,1,1,25,30,243,214,0,0,0.3970973491668701,0.15027475357055664,0.0,0
seed_0025_1779966185::17,green iguana,1,1,25,30,233,204,0,0,1.1352787017822266,1.0223488807678223,0.0,0
seed_0025_1779966185::18,green iguana,1,1,25,20,19,0,1,0,1.292726993560791,-0.4078402519226074,5.0,1
seed_0025_1779966185::19,green iguana,1,1,25,19,18,0,1,0,0.7741587162017822,-0.4078402519226074,5.2631578947368425,1
seed_0025_1779966185::2,green iguana,1,1,25,30,287,258,0,4,0.7938847541809082,0.8451738357543945,0.0,0
seed_0025_1779966185::20,green iguana,1,1,25,30,287,258,0,6,1.1189863681793213,1.234750509262085,0.0,0
seed_0025_1779966185::21,green iguana,1,1,25,30,287,258,0,0,0.7391271591186523,0.6874377727508545,0.0,0
seed_0025_1779966185::22,green iguana,1,1,25,30,288,259,0,0,0.4875786304473877,1.2457027435302734,0.0,0
seed_0025_1779966185::23,green iguana,1,1,25,30,288,259,0,4,0.7053678035736084,0.7274825572967529,0.0,0
seed_0025_1779966185::24,green iguana,1,1,25,30,289,260,0,4,0.20525765419006348,0.7188894748687744,0.0,0
seed_0025_1779966185::25,green iguana,1,1,25,30,229,200,0,13,1.187290906906128,1.1307311058044434,0.0,0
seed_0025_1779966185::26,green iguana,1,1,25,30,240,211,0,0,0.7717609405517578,0.8361794948577881,0.0,0
seed_0025_1779966185::27,green iguana,1,1,25,30,251,222,0,0,1.0750207901000977,0.570441722869873,0.0,0
seed_0025_1779966185::28,green iguana,1,1,25,20,19,0,1,1,1.8656861782073975,-0.4078402519226074,5.0,1
seed_0025_1779966185::29,green iguana,1,1,25,20,19,0,1,0,1.1658697128295898,-0.4078402519226074,5.0,1
seed_0025_1779966185::3,green iguana,1,1,25,30,285,256,0,0,1.3737516403198242,1.5534965991973877,0.0,0
seed_0025_1779966185::4,green iguana,1,1,25,30,288,259,0,7,0.4945192337036133,1.3789658546447754,0.0,0
seed_0025_1779966185::5,green iguana,1,1,25,30,251,222,0,0,1.2499456405639648,0.728222131729126,0.0,0
seed_0025_1779966185::6,green iguana,1,1,25,30,244,215,0,0,0.831301212310791,0.7527625560760498,0.0,0
seed_0025_1779966185::7,green iguana,1,1,25,30,257,228,0,0,0.45345354080200195,1.128645420074463,0.0,0
seed_0025_1779966185::8,green iguana,1,1,25,21,20,0,1,3,1.808192491531372,-0.4078402519226074,4.761904761904762,1
seed_0025_1779966185::9,green iguana,1,1,25,20,19,0,1,0,1.1050734519958496,-0.4078402519226074,5.0,1
seed_0026_1779976995::0,green iguana,1,1,26,30,231,202,0,0,-0.5081162452697754,-0.6093120574951172,0.0,0
seed_0026_1779976995::1,green iguana,1,1,26,30,229,200,0,0,0.2552342414855957,0.31586670875549316,0.0,0
seed_0026_1779976995::10,green iguana,1,1,26,30,230,201,2,0,-0.553288459777832,-0.8572213649749756,6.666666666666667,0
seed_0026_1779976995::11,green iguana,1,1,26,30,231,202,4,0,-0.7022321224212646,-0.9489340782165527,13.333333333333334,0
seed_0026_1779976995::12,green iguana,1,1,26,30,229,200,7,0,-0.17983555793762207,0.6764225959777832,23.333333333333332,0
seed_0026_1779976995::13,green iguana,1,1,26,30,232,203,0,0,0.469588041305542,0.6964313983917236,0.0,0
seed_0026_1779976995::14,green iguana,1,1,26,30,207,178,0,0,0.505967378616333,0.43274688720703125,0.0,0
seed_0026_1779976995::15,green iguana,1,1,26,30,204,175,3,0,-0.9892892837524414,0.5226900577545166,10.0,3
seed_0026_1779976995::16,green iguana,1,1,26,20,204,185,2,0,0.6550400257110596,0.2775005102157593,10.0,2
seed_0026_1779976995::17,green iguana,1,1,26,13,16,4,2,0,0.8656303882598877,0.4768707752227783,15.384615384615385,0
seed_0026_1779976995::18,green iguana,1,1,26,30,232,203,0,0,0.45653557777404785,0.32094240188598633,0.0,0
seed_0026_1779976995::19,green iguana,1,1,26,30,231,202,2,0,0.43163609504699707,0.375293493270874,6.666666666666667,0
seed_0026_1779976995::2,green iguana,1,1,26,27,232,206,1,0,0.882291316986084,-0.09609127044677734,3.7037037037037037,0
seed_0026_1779976995::20,green iguana,1,1,26,28,228,201,4,0,0.6048040390014648,0.09660601615905762,14.285714285714286,0
seed_0026_1779976995::21,green iguana,1,1,26,28,232,205,6,0,0.05189085006713867,0.07203507423400879,21.428571428571427,0
seed_0026_1779976995::22,green iguana,1,1,26,30,231,202,2,0,0.6172001361846924,0.47098326683044434,6.666666666666667,0
seed_0026_1779976995::23,green iguana,1,1,26,30,200,171,8,0,-0.009491682052612305,-0.3673665523529053,26.666666666666668,2
seed_0026_1779976995::24,green iguana,1,1,26,30,208,179,7,0,0.09826970100402832,-0.5212044715881348,23.333333333333332,1
seed_0026_1779976995::25,green iguana,1,1,26,22,23,2,0,0,1.057849407196045,0.45054054260253906,0.0,0
seed_0026_1779976995::3,green iguana,1,1,26,30,231,202,6,0,0.14198970794677734,0.5342586040496826,20.0,0
seed_0026_1779976995::4,green iguana,1,1,26,30,205,176,2,0,-0.5517480373382568,-0.5722854137420654,6.666666666666667,0
seed_0026_1779976995::5,green iguana,1,1,26,29,202,174,7,0,0.8025927543640137,-0.10116338729858398,24.137931034482758,0
seed_0026_1779976995::6,green iguana,1,1,26,30,208,179,8,0,-0.00016355514526367188,-0.2803013324737549,26.666666666666668,0
seed_0026_1779976995::7,green iguana,1,1,26,16,16,1,0,0,0.6479222774505615,0.46517086029052734,0.0,0
seed_0026_1779976995::8,green iguana,1,1,26,15,16,2,0,0,0.829603910446167,0.5047407150268555,0.0,0
seed_0026_1779976995::9,green iguana,1,1,26,30,230,201,1,0,-0.04549884796142578,0.6571404933929443,3.3333333333333335,0
seed_0027_1779981692::0,green iguana,1,2,27,30,234,205,2,4,1.0540859699249268,0.6712994575500488,6.666666666666667,0
seed_0027_1779981692::1,green iguana,1,2,27,30,232,203,5,0,0.43089985847473145,-0.12586498260498047,16.666666666666668,1
seed_0027_1779981692::10,green iguana,1,2,27,30,232,203,7,0,-0.08795785903930664,0.3128330707550049,23.333333333333332,1
seed_0027_1779981692::11,green iguana,1,2,27,30,232,203,0,0,0.6174726486206055,0.585486888885498,0.0,0
seed_0027_1779981692::12,green iguana,1,2,27,30,231,202,3,0,-0.4409956932067871,0.024730920791625977,10.0,1
seed_0027_1779981692::13,green iguana,1,2,27,30,235,206,0,0,-0.28206896781921387,-0.4808323383331299,0.0,0
seed_0027_1779981692::14,green iguana,1,2,27,29,199,171,1,0,0.44254422187805176,-0.5384612083435059,3.4482758620689653,1
seed_0027_1779981692::15,green iguana,1,2,27,30,205,176,8,0,-0.35118913650512695,-0.16758966445922852,26.666666666666668,3
seed_0027_1779981692::16,green iguana,1,2,27,30,205,176,2,0,0.6266920566558838,0.15136384963989258,6.666666666666667,0
seed_0027_1779981692::17,green iguana,1,2,27,18,23,6,0,0,0.5628750324249268,0.38818860054016113,0.0,0
seed_0027_1779981692::18,green iguana,1,2,27,30,231,202,9,0,0.08311629295349121,-0.15628552436828613,30.0,1
seed_0027_1779981692::19,green iguana,1,2,27,30,233,204,0,0,-1.1007354259490967,-0.9839687347412109,0.0,0
seed_0027_1779981692::2,green iguana,1,2,27,30,233,204,5,2,0.1410048007965088,-0.05404496192932129,16.666666666666668,1
seed_0027_1779981692::20,green iguana,1,2,27,30,234,205,0,0,-0.6550402641296387,-0.7306230068206787,0.0,0
seed_0027_1779981692::21,green iguana,1,2,27,30,235,206,0,2,0.9679615497589111,0.7985141277313232,0.0,0
seed_0027_1779981692::22,green iguana,1,2,27,30,234,205,0,0,0.518930196762085,0.8378617763519287,0.0,0
seed_0027_1779981692::23,green iguana,1,2,27,30,207,178,2,0,-0.4279303550720215,-0.8771975040435791,6.666666666666667,0
seed_0027_1779981692::24,green iguana,1,2,27,30,206,177,6,0,0.15244269371032715,0.6328275203704834,20.0,4
seed_0027_1779981692::25,green iguana,1,2,27,30,200,171,0,0,1.076049566268921,0.4475374221801758,0.0,0
seed_0027_1779981692::26,green iguana,1,2,27,23,22,0,1,0,1.1199042797088623,-0.03718376159667969,4.3478260869565215,1
seed_0027_1779981692::27,green iguana,1,2,27,23,22,0,1,0,0.4661436080932617,-0.03718376159667969,4.3478260869565215,1
seed_0027_1779981692::3,green iguana,1,2,27,30,233,204,6,0,-0.5040855407714844,-0.02686333656311035,20.0,1
seed_0027_1779981692::4,green iguana,1,2,27,30,233,204,2,0,-0.011059045791625977,-0.5414369106292725,6.666666666666667,0
seed_0027_1779981692::5,green iguana,1,2,27,30,203,174,0,0,-0.7562527656555176,-0.46518993377685547,0.0,0
seed_0027_1779981692::6,green iguana,1,2,27,30,209,180,0,0,0.13266348838806152,0.5950074195861816,0.0,0
seed_0027_1779981692::7,green iguana,1,2,27,30,201,172,6,0,0.10373044013977051,0.0364835262298584,20.0,1
seed_0027_1779981692::8,green iguana,1,2,27,27,26,0,1,1,1.658692479133606,-0.11752796173095703,3.7037037037037037,0
seed_0027_1779981692::9,green iguana,1,2,27,26,25,0,3,1,2.0193934440612793,-0.11752796173095703,11.538461538461538,0
seed_0028_1779993131::0,green iguana,1,2,28,30,287,258,0,13,1.2537184953689575,0.9148242473602295,0.0,0
seed_0028_1779993131::1,green iguana,1,2,28,30,286,257,0,10,1.2034885883331299,1.4212737083435059,0.0,0
seed_0028_1779993131::10,green iguana,1,2,28,30,292,263,0,0,0.8065247535705566,0.6083431243896484,0.0,0
seed_0028_1779993131::11,green iguana,1,2,28,30,291,262,0,0,0.5293877124786377,0.7107598781585693,0.0,0
seed_0028_1779993131::12,green iguana,1,2,28,30,290,261,2,0,1.1164779663085938,0.36796140670776367,6.666666666666667,0
seed_0028_1779993131::13,green iguana,1,2,28,30,292,263,0,0,0.7281754016876221,0.7969682216644287,0.0,0
seed_0028_1779993131::14,green iguana,1,2,28,30,291,262,0,0,0.4818413257598877,0.5106499195098877,0.0,0
seed_0028_1779993131::15,green iguana,1,2,28,30,232,203,0,0,0.8645915985107422,1.0043244361877441,0.0,0
seed_0028_1779993131::16,green iguana,1,2,28,30,241,212,0,14,0.9690355062484741,0.7351453304290771,0.0,0
seed_0028_1779993131::17,green iguana,1,2,28,30,244,215,0,0,1.0458347797393799,1.203071117401123,0.0,0
seed_0028_1779993131::18,green iguana,1,2,28,23,22,0,1,0,0.9021790027618408,-1.106386423110962,4.3478260869565215,1
seed_0028_1779993131::19,green iguana,1,2,28,22,21,0,6,0,-0.16486096382141113,-1.106386423110962,27.272727272727273,1
seed_0028_1779993131::2,green iguana,1,2,28,30,286,257,6,0,0.010131120681762695,0.5937001705169678,20.0,0
seed_0028_1779993131::20,green iguana,1,2,28,30,291,262,0,5,0.5667750835418701,1.0817670822143555,0.0,0
seed_0028_1779993131::21,green iguana,1,2,28,30,292,263,0,0,1.0023884773254395,0.9063985347747803,0.0,0
seed_0028_1779993131::22,green iguana,1,2,28,30,291,262,0,0,0.865941047668457,0.637598991394043,0.0,0
seed_0028_1779993131::23,green iguana,1,2,28,30,291,262,0,2,0.9545128345489502,0.8106117248535156,0.0,0
seed_0028_1779993131::24,green iguana,1,2,28,30,289,260,0,2,0.7929811477661133,0.6537139415740967,0.0,0
seed_0028_1779993131::25,green iguana,1,2,28,30,240,211,0,0,0.6651091575622559,0.6546781063079834,0.0,0
seed_0028_1779993131::26,green iguana,1,2,28,30,244,215,6,0,0.5153930187225342,0.07797741889953613,20.0,0
seed_0028_1779993131::27,green iguana,1,2,28,30,245,216,3,0,-0.1145927906036377,0.37941765785217285,10.0,0
seed_0028_1779993131::28,green iguana,1,2,28,24,23,0,1,0,0.7317256927490234,-1.106386423110962,4.166666666666667,1
seed_0028_1779993131::29,green iguana,1,2,28,24,23,0,1,2,0.38924479484558105,-1.106386423110962,4.166666666666667,1
seed_0028_1779993131::3,green iguana,1,2,28,30,288,259,0,0,0.9144241809844971,1.152055025100708,0.0,0
seed_0028_1779993131::4,green iguana,1,2,28,30,289,260,0,17,1.1574091911315918,1.078397512435913,0.0,0
seed_0028_1779993131::5,green iguana,1,2,28,30,238,209,0,0,0.7831041812896729,0.7129819393157959,0.0,0
seed_0028_1779993131::6,green iguana,1,2,28,30,237,208,1,2,0.6109955310821533,-0.16754579544067383,3.3333333333333335,0
seed_0028_1779993131::7,green iguana,1,2,28,30,237,208,0,0,0.25373029708862305,0.6157262325286865,0.0,0
seed_0028_1779993131::8,green iguana,1,2,28,22,21,0,3,0,1.0867125988006592,-0.7332372665405273,13.636363636363637,1
seed_0028_1779993131::9,green iguana,1,2,28,21,20,0,1,3,1.5795910358428955,-0.7332372665405273,4.761904761904762,1
seed_0029_1779998847::0,green iguana,1,2,29,30,234,205,0,0,-0.8022186756134033,-0.13397812843322754,0.0,0
seed_0029_1779998847::1,green iguana,1,2,29,30,234,205,0,0,-0.5458402633666992,-0.11742568016052246,0.0,0
seed_0029_1779998847::10,green iguana,1,2,29,30,232,203,0,0,0.5457518100738525,0.3032255172729492,0.0,0
seed_0029_1779998847::11,green iguana,1,2,29,30,202,173,0,0,-0.6638545989990234,-0.6844522953033447,0.0,0
seed_0029_1779998847::12,green iguana,1,2,29,30,205,176,0,0,1.3153400421142578,0.758091926574707,0.0,0
seed_0029_1779998847::13,green iguana,1,2,29,30,199,170,0,0,-0.7864341735839844,-0.7986702919006348,0.0,0
seed_0029_1779998847::14,green iguana,1,2,29,24,23,0,0,0,0.6979241371154785,0.5562083721160889,0.0,0
seed_0029_1779998847::15,green iguana,1,2,29,23,23,1,0,0,0.8123891353607178,0.47678613662719727,0.0,0
seed_0029_1779998847::16,green iguana,1,2,29,30,232,203,0,0,-1.1754565238952637,-0.952892541885376,0.0,0
seed_0029_1779998847::17,green iguana,1,2,29,30,235,206,11,0,-0.04025149345397949,0.11665034294128418,36.666666666666664,0
seed_0029_1779998847::18,green iguana,1,2,29,30,233,204,2,0,-0.12646770477294922,-0.10016083717346191,6.666666666666667,2
seed_0029_1779998847::19,green iguana,1,2,29,30,232,203,5,0,0.6202337741851807,-0.47092437744140625,16.666666666666668,1
seed_0029_1779998847::2,green iguana,1,2,29,30,234,205,0,0,-0.7486686706542969,-0.9644577503204346,0.0,0
seed_0029_1779998847::20,green iguana,1,2,29,24,209,186,0,0,1.0765717029571533,0.9401774406433105,0.0,0
seed_0029_1779998847::21,green iguana,1,2,29,30,198,169,1,0,0.6664893627166748,-0.6737005710601807,3.3333333333333335,1
seed_0029_1779998847::22,green iguana,1,2,29,22,22,1,0,0,1.1321039199829102,0.08895730972290039,0.0,0
seed_0029_1779998847::3,green iguana,1,2,29,29,232,204,0,0,0.754608154296875,0.7690398693084717,0.0,0
seed_0029_1779998847::4,green iguana,1,2,29,30,232,203,3,0,0.4893770217895508,-0.13852214813232422,10.0,1
seed_0029_1779998847::5,green iguana,1,2,29,30,201,172,6,0,-0.0853276252746582,-0.17570185661315918,20.0,0
seed_0029_1779998847::6,green iguana,1,2,29,30,201,172,0,0,0.6825077533721924,0.5782926082611084,0.0,0
seed_0029_1779998847::7,green iguana,1,2,29,30,202,173,8,0,0.198411226272583,0.22428202629089355,26.666666666666668,0
seed_0029_1779998847::8,green iguana,1,2,29,30,235,206,7,0,0.06823039054870605,-0.3209681510925293,23.333333333333332,0
seed_0029_1779998847::9,green iguana,1,2,29,29,233,205,3,0,0.40375614166259766,-0.7049844264984131,10.344827586206897,3
seed_0030_1780009894::0,green iguana,2,0,30,22,232,211,5,0,0.9239951372146606,-0.0799555778503418,22.727272727272727,0
seed_0030_1780009894::1,green iguana,2,0,30,30,232,203,5,0,0.02593541145324707,-0.1600632667541504,16.666666666666668,1
seed_0030_1780009894::10,green iguana,2,0,30,30,232,203,10,0,0.4072990417480469,0.67640221118927,33.333333333333336,2
seed_0030_1780009894::11,green iguana,2,0,30,30,232,203,6,0,-0.49994421005249023,-0.05724811553955078,20.0,0
seed_0030_1780009894::12,green iguana,2,0,30,29,208,180,6,0,0.4947800636291504,0.05410003662109375,20.689655172413794,0
seed_0030_1780009894::13,green iguana,2,0,30,30,206,177,5,0,-0.16749978065490723,0.999869704246521,16.666666666666668,0
seed_0030_1780009894::14,green iguana,2,0,30,17,19,3,0,0,0.6421432495117188,0.9715931415557861,0.0,0
seed_0030_1780009894::15,green iguana,2,0,30,29,230,202,10,0,-0.38887906074523926,-0.3267335891723633,34.48275862068966,1
seed_0030_1780009894::16,green iguana,2,0,30,30,231,202,0,0,0.29744911193847656,0.27572059631347656,0.0,0
seed_0030_1780009894::17,green iguana,2,0,30,29,232,204,0,0,1.0167067050933838,1.0253660678863525,0.0,0
seed_0030_1780009894::18,green iguana,2,0,30,30,232,203,2,0,0.3481571674346924,0.79510498046875,6.666666666666667,1
seed_0030_1780009894::19,green iguana,2,0,30,30,233,204,3,0,-0.33504772186279297,0.02463078498840332,10.0,1
seed_0030_1780009894::2,green iguana,2,0,30,30,232,203,4,0,0.49117207527160645,0.8278512954711914,13.333333333333334,2
seed_0030_1780009894::20,green iguana,2,0,30,30,201,172,4,0,-1.32356858253479,-0.035042524337768555,13.333333333333334,0
seed_0030_1780009894::21,green iguana,2,0,30,30,201,172,4,0,0.4488639831542969,0.09682703018188477,13.333333333333334,1
seed_0030_1780009894::22,green iguana,2,0,30,25,202,178,1,0,0.9330122470855713,-0.24031352996826172,4.0,0
seed_0030_1780009894::3,green iguana,2,0,30,30,233,204,0,0,0.36461520195007324,0.6862046718597412,0.0,0
seed_0030_1780009894::4,green iguana,2,0,30,30,232,203,2,0,0.6334295272827148,0.28501319885253906,6.666666666666667,2
seed_0030_1780009894::5,green iguana,2,0,30,30,201,172,0,0,0.443709135055542,0.424823522567749,0.0,0
seed_0030_1780009894::6,green iguana,2,0,30,30,205,176,7,0,0.4990084171295166,-0.36864519119262695,23.333333333333332,0
seed_0030_1780009894::7,green iguana,2,0,30,25,197,173,0,0,0.732745885848999,0.46973276138305664,0.0,0
seed_0030_1780009894::8,green iguana,2,0,30,30,233,204,4,0,-0.1590099334716797,-0.3229246139526367,13.333333333333334,0
seed_0030_1780009894::9,green iguana,2,0,30,29,232,204,7,0,0.7009435892105103,-0.48781728744506836,24.137931034482758,1
seed_0031_1780011438::0,green iguana,2,0,31,30,288,259,0,0,0.5831849575042725,0.7155332565307617,0.0,0
seed_0031_1780011438::1,green iguana,2,0,31,29,289,261,0,0,1.0403342247009277,0.6905245780944824,0.0,0
seed_0031_1780011438::10,green iguana,2,0,31,30,289,260,0,0,0.5418896675109863,1.259235143661499,0.0,0
seed_0031_1780011438::11,green iguana,2,0,31,28,287,260,0,0,0.9493682384490967,0.6155602931976318,0.0,0
seed_0031_1780011438::12,green iguana,2,0,31,28,288,261,0,0,0.7078440189361572,0.5462968349456787,0.0,0
seed_0031_1780011438::13,green iguana,2,0,31,25,286,262,0,0,0.8984129428863525,0.9906089305877686,0.0,0
seed_0031_1780011438::14,green iguana,2,0,31,30,239,210,0,0,0.28882384300231934,0.3659501075744629,0.0,0
seed_0031_1780011438::15,green iguana,2,0,31,23,248,226,0,0,0.9900977611541748,0.9205892086029053,0.0,0
seed_0031_1780011438::16,green iguana,2,0,31,10,13,4,0,0,0.611299991607666,0.9354934692382812,0.0,0
seed_0031_1780011438::17,green iguana,2,0,31,28,289,262,0,0,1.2165579795837402,0.7377312183380127,0.0,0
seed_0031_1780011438::18,green iguana,2,0,31,30,288,259,0,0,1.0633454322814941,0.9197711944580078,0.0,0
seed_0031_1780011438::19,green iguana,2,0,31,20,286,267,0,0,1.0813426971435547,1.2017672061920166,0.0,0
seed_0031_1780011438::2,green iguana,2,0,31,30,286,257,0,0,1.0182278156280518,0.9972434043884277,0.0,0
seed_0031_1780011438::20,green iguana,2,0,31,29,244,216,0,0,0.6906528472900391,0.7408552169799805,0.0,0
seed_0031_1780011438::21,green iguana,2,0,31,29,250,222,0,0,0.8756468296051025,1.4287145137786865,0.0,0
seed_0031_1780011438::22,green iguana,2,0,31,15,16,2,0,0,0.8092539310455322,0.702263593673706,0.0,0
seed_0031_1780011438::23,green iguana,2,0,31,17,17,1,1,0,-0.1237025260925293,1.062371015548706,5.882352941176471,0
seed_0031_1780011438::3,green iguana,2,0,31,19,287,269,0,0,1.1438958644866943,1.2568800449371338,0.0,0
seed_0031_1780011438::4,green iguana,2,0,31,28,254,227,0,0,0.8020780086517334,1.0047619342803955,0.0,0
seed_0031_1780011438::5,green iguana,2,0,31,23,238,216,0,0,1.0763282775878906,1.1518867015838623,0.0,0
seed_0031_1780011438::6,green iguana,2,0,31,30,240,211,0,0,1.104151725769043,1.025348424911499,0.0,0
seed_0031_1780011438::7,green iguana,2,0,31,15,17,3,0,0,1.122366189956665,1.0738091468811035,0.0,0
seed_0031_1780011438::8,green iguana,2,0,31,16,17,2,0,0,1.1002163887023926,0.576704740524292,0.0,0
seed_0031_1780011438::9,green iguana,2,0,31,23,288,266,0,0,1.1487007141113281,1.2625155448913574,0.0,0
seed_0032_1780024232::0,green iguana,2,0,32,30,233,204,4,0,0.5202703475952148,0.25550341606140137,13.333333333333334,0
seed_0032_1780024232::1,green iguana,2,0,32,30,235,206,12,0,-0.011261224746704102,-0.08819460868835449,40.0,0
seed_0032_1780024232::10,green iguana,2,0,32,30,234,205,2,0,-0.8447377681732178,-0.6839892864227295,6.666666666666667,0
seed_0032_1780024232::11,green iguana,2,0,32,30,233,204,11,0,0.0006477832794189453,-0.2735450267791748,36.666666666666664,0
seed_0032_1780024232::12,green iguana,2,0,32,29,204,176,0,0,1.0789103507995605,0.7668638229370117,0.0,0
seed_0032_1780024232::13,green iguana,2,0,32,30,202,173,1,0,0.11647415161132812,-0.42430877685546875,3.3333333333333335,1
seed_0032_1780024232::14,green iguana,2,0,32,29,201,173,0,0,1.0150322914123535,0.6432766914367676,0.0,0
seed_0032_1780024232::15,green iguana,2,0,32,12,16,5,0,0,0.8386876583099365,0.20398688316345215,0.0,0
seed_0032_1780024232::16,green iguana,2,0,32,30,234,205,3,0,-0.728079080581665,0.21358966827392578,10.0,1
seed_0032_1780024232::17,green iguana,2,0,32,30,233,204,10,0,0.5789890289306641,0.0010018348693847656,33.333333333333336,1
seed_0032_1780024232::18,green iguana,2,0,32,29,233,205,0,0,0.7994461059570312,1.059476613998413,0.0,0
seed_0032_1780024232::19,green iguana,2,0,32,30,233,204,0,0,0.5466217994689941,0.8520545959472656,0.0,0
seed_0032_1780024232::2,green iguana,2,0,32,30,234,205,3,0,0.5965518951416016,-0.13711881637573242,10.0,0
seed_0032_1780024232::20,green iguana,2,0,32,23,234,212,4,0,1.0183792114257812,0.33972930908203125,17.391304347826086,0
seed_0032_1780024232::21,green iguana,2,0,32,25,212,188,0,0,0.6154730319976807,0.2595336437225342,0.0,0
seed_0032_1780024232::22,green iguana,2,0,32,30,199,170,0,0,-0.8399791717529297,-0.7831695079803467,0.0,0
seed_0032_1780024232::23,green iguana,2,0,32,30,212,183,1,0,0.6537950038909912,-0.2738974094390869,3.3333333333333335,1
seed_0032_1780024232::24,green iguana,2,0,32,15,17,3,0,0,0.7117676734924316,1.2925102710723877,0.0,0
seed_0032_1780024232::25,green iguana,2,0,32,15,18,4,0,0,0.7031185626983643,0.8201291561126709,0.0,0
seed_0032_1780024232::3,green iguana,2,0,32,30,192,163,0,0,0.6972039937973022,0.3874797821044922,0.0,0
seed_0032_1780024232::4,green iguana,2,0,32,30,208,179,8,0,0.3940246105194092,0.003939151763916016,26.666666666666668,0
seed_0032_1780024232::5,green iguana,2,0,32,18,20,3,0,0,0.8086855411529541,1.1953508853912354,0.0,0
seed_0032_1780024232::6,green iguana,2,0,32,18,19,2,0,0,0.9615740776062012,1.2249877452850342,0.0,0
seed_0032_1780024232::7,green iguana,2,0,32,30,232,203,1,0,-0.9977564811706543,0.37758946418762207,3.3333333333333335,1
seed_0032_1780024232::8,green iguana,2,0,32,30,233,204,0,0,-0.5559535026550293,-0.968630313873291,0.0,0
seed_0032_1780024232::9,green iguana,2,0,32,27,234,208,2,0,1.003007411956787,0.6306095123291016,7.407407407407407,0
seed_0033_1780025132::0,green iguana,2,1,33,30,228,199,3,0,0.19734883308410645,-0.049152374267578125,10.0,0
seed_0033_1780025132::1,green iguana,2,1,33,30,230,201,10,0,0.28089404106140137,0.24962615966796875,33.333333333333336,0
seed_0033_1780025132::10,green iguana,2,1,33,30,206,177,1,0,-0.9456896781921387,1.0039458274841309,3.3333333333333335,1
seed_0033_1780025132::11,green iguana,2,1,33,18,203,186,1,0,1.051464319229126,-0.2169649600982666,5.555555555555555,1
seed_0033_1780025132::12,green iguana,2,1,33,30,201,172,2,0,-0.7777705192565918,-0.3702116012573242,6.666666666666667,0
seed_0033_1780025132::13,green iguana,2,1,33,13,15,3,0,0,0.8159778118133545,0.8514654636383057,0.0,0
seed_0033_1780025132::14,green iguana,2,1,33,14,16,3,0,0,0.9295217990875244,0.7615487575531006,0.0,0
seed_0033_1780025132::15,green iguana,2,1,33,30,230,201,5,0,-0.5679545402526855,0.5721244812011719,16.666666666666668,1
seed_0033_1780025132::16,green iguana,2,1,33,25,232,208,0,0,0.8072004318237305,0.6641201972961426,0.0,0
seed_0033_1780025132::17,green iguana,2,1,33,30,231,202,0,0,0.5365676879882812,1.0726497173309326,0.0,0
seed_0033_1780025132::18,green iguana,2,1,33,30,231,202,3,0,-0.3494839668273926,0.45209336280822754,10.0,3
seed_0033_1780025132::19,green iguana,2,1,33,30,203,174,0,0,-0.24764657020568848,-0.28463220596313477,0.0,0
seed_0033_1780025132::2,green iguana,2,1,33,30,231,202,7,0,-0.37076401710510254,0.7890517711639404,23.333333333333332,3
seed_0033_1780025132::20,green iguana,2,1,33,30,216,187,0,0,0.364917516708374,0.8821239471435547,0.0,0
seed_0033_1780025132::21,green iguana,2,1,33,30,204,175,1,0,0.554326057434082,-0.20238351821899414,3.3333333333333335,0
seed_0033_1780025132::3,green iguana,2,1,33,30,230,201,0,0,0.8128442764282227,0.5813124179840088,0.0,0
seed_0033_1780025132::4,green iguana,2,1,33,25,207,183,0,0,0.9904015064239502,1.1599383354187012,0.0,0
seed_0033_1780025132::5,green iguana,2,1,33,30,207,178,4,0,0.8613767623901367,0.24197864532470703,13.333333333333334,0
seed_0033_1780025132::6,green iguana,2,1,33,16,201,186,0,0,0.8371343612670898,0.7520990371704102,0.0,0
seed_0033_1780025132::7,green iguana,2,1,33,30,230,201,3,0,0.41977357864379883,-0.04986071586608887,10.0,1
seed_0033_1780025132::8,green iguana,2,1,33,29,229,201,2,0,0.4603149890899658,0.4186666011810303,6.896551724137931,0
seed_0033_1780025132::9,green iguana,2,1,33,30,228,199,0,0,0.5905890464782715,0.7185404300689697,0.0,0
seed_0034_1780039061::0,green iguana,2,1,34,30,289,260,3,0,-0.010996818542480469,0.7627639770507812,10.0,1
seed_0034_1780039061::1,green iguana,2,1,34,30,291,262,0,0,0.6562254428863525,0.9435546398162842,0.0,0
seed_0034_1780039061::10,green iguana,2,1,34,30,289,260,2,0,0.17782831192016602,0.12513995170593262,6.666666666666667,0
seed_0034_1780039061::11,green iguana,2,1,34,24,239,216,0,0,0.40519118309020996,1.245469093322754,0.0,0
seed_0034_1780039061::12,green iguana,2,1,34,30,240,211,0,0,0.42954015731811523,0.7599794864654541,0.0,0
seed_0034_1780039061::13,green iguana,2,1,34,30,240,211,0,0,0.7294299602508545,1.3025972843170166,0.0,0
seed_0034_1780039061::14,green iguana,2,1,34,24,25,2,0,0,1.0704562664031982,1.2380039691925049,0.0,0
seed_0034_1780039061::15,green iguana,2,1,34,26,289,264,0,0,0.8158707618713379,1.0964601039886475,0.0,0
seed_0034_1780039061::16,green iguana,2,1,34,30,291,262,0,0,0.24191975593566895,0.8940191268920898,0.0,0
seed_0034_1780039061::17,green iguana,2,1,34,28,236,209,0,0,1.300459384918213,1.8218750953674316,0.0,0
seed_0034_1780039061::18,green iguana,2,1,34,30,240,211,0,0,0.8887767791748047,1.2227275371551514,0.0,0
seed_0034_1780039061::19,green iguana,2,1,34,21,22,2,0,0,0.5914173126220703,1.162576675415039,0.0,0
seed_0034_1780039061::2,green iguana,2,1,34,28,288,261,0,0,0.7329163551330566,0.5102787017822266,0.0,0
seed_0034_1780039061::20,green iguana,2,1,34,23,23,1,0,0,1.1562259197235107,1.4835894107818604,0.0,0
seed_0034_1780039061::3,green iguana,2,1,34,30,290,261,0,0,0.959820032119751,0.4684009552001953,0.0,0
seed_0034_1780039061::4,green iguana,2,1,34,30,288,259,0,0,0.6694867610931396,0.7574470043182373,0.0,0
seed_0034_1780039061::5,green iguana,2,1,34,30,241,212,0,0,1.1467857360839844,0.6473827362060547,0.0,0
seed_0034_1780039061::6,green iguana,2,1,34,30,248,219,13,0,-0.2959482669830322,0.6416959762573242,43.333333333333336,0
seed_0034_1780039061::7,green iguana,2,1,34,29,237,209,0,0,0.3810861110687256,1.3702678680419922,0.0,0
seed_0034_1780039061::8,green iguana,2,1,34,28,291,264,0,0,1.0940682888031006,1.2064144611358643,0.0,0
seed_0034_1780039061::9,green iguana,2,1,34,30,290,261,0,0,0.9569809436798096,1.0702862739562988,0.0,0
seed_0035_1780038236::0,green iguana,2,1,35,30,233,204,7,0,0.30457568168640137,-0.004944324493408203,23.333333333333332,0
seed_0035_1780038236::1,green iguana,2,1,35,27,233,207,0,0,0.7027289867401123,0.7749037742614746,0.0,0
seed_0035_1780038236::10,green iguana,2,1,35,30,233,204,0,0,-1.0958524942398071,-0.581749439239502,0.0,0
seed_0035_1780038236::11,green iguana,2,1,35,30,234,205,0,0,-0.7715072631835938,-0.984846830368042,0.0,0
seed_0035_1780038236::12,green iguana,2,1,35,17,235,219,0,0,0.370098352432251,0.38511061668395996,0.0,0
seed_0035_1780038236::13,green iguana,2,1,35,30,198,169,8,0,0.09386205673217773,0.09655070304870605,26.666666666666668,0
seed_0035_1780038236::14,green iguana,2,1,35,30,190,161,10,0,0.235304594039917,0.030292510986328125,33.333333333333336,0
seed_0035_1780038236::15,green iguana,2,1,35,30,199,170,0,0,-0.8140788078308105,-0.5775110721588135,0.0,0
seed_0035_1780038236::16,green iguana,2,1,35,24,24,1,0,0,0.9821662902832031,1.2616212368011475,0.0,0
seed_0035_1780038236::17,green iguana,2,1,35,30,234,205,6,0,-0.6008851528167725,-0.20407772064208984,20.0,0
seed_0035_1780038236::18,green iguana,2,1,35,30,233,204,5,0,-0.775320291519165,0.2316734790802002,16.666666666666668,1
seed_0035_1780038236::19,green iguana,2,1,35,30,234,205,5,0,0.22059357166290283,-0.22516608238220215,16.666666666666668,1
seed_0035_1780038236::2,green iguana,2,1,35,30,235,206,2,0,-0.034946441650390625,-0.5426807403564453,6.666666666666667,1
seed_0035_1780038236::20,green iguana,2,1,35,30,233,204,4,0,-0.4641115665435791,-0.7942056655883789,13.333333333333334,2
seed_0035_1780038236::21,green iguana,2,1,35,30,199,170,1,0,0.25290918350219727,-0.5279338359832764,3.3333333333333335,1
seed_0035_1780038236::22,green iguana,2,1,35,20,192,173,0,0,1.6101760864257812,1.6776243448257446,0.0,0
seed_0035_1780038236::23,green iguana,2,1,35,30,213,184,0,0,0.8382484912872314,0.6889266967773438,0.0,0
seed_0035_1780038236::24,green iguana,2,1,35,23,23,1,0,0,0.8080117702484131,1.2616212368011475,0.0,0
seed_0035_1780038236::3,green iguana,2,1,35,30,234,205,4,0,0.08644413948059082,0.0840449333190918,13.333333333333334,0
seed_0035_1780038236::4,green iguana,2,1,35,30,233,204,8,0,-0.10038065910339355,-0.0840914249420166,26.666666666666668,0
seed_0035_1780038236::5,green iguana,2,1,35,25,205,181,0,0,1.0522043704986572,0.38401269912719727,0.0,0
seed_0035_1780038236::6,green iguana,2,1,35,28,211,184,3,0,0.2864546775817871,-0.06437015533447266,10.714285714285714,0
seed_0035_1780038236::7,green iguana,2,1,35,30,202,173,0,0,0.3935225009918213,0.5139553546905518,0.0,0
seed_0035_1780038236::8,green iguana,2,1,35,18,19,2,0,0,0.8131246566772461,0.3742377758026123,0.0,0
seed_0035_1780038236::9,green iguana,2,1,35,30,234,205,5,0,0.18776965141296387,-0.09594845771789551,16.666666666666668,0
seed_0036_1780052734::0,green iguana,2,2,36,30,233,204,4,0,0.8468704223632812,0.2505912780761719,13.333333333333334,0
seed_0036_1780052734::1,green iguana,2,2,36,29,232,204,2,0,0.8237347602844238,0.018157005310058594,6.896551724137931,0
seed_0036_1780052734::10,green iguana,2,2,36,30,232,203,8,0,0.3628619909286499,0.06921792030334473,26.666666666666668,0
seed_0036_1780052734::11,green iguana,2,2,36,30,232,203,0,0,-1.1591992378234863,-1.0000474452972412,0.0,0
seed_0036_1780052734::12,green iguana,2,2,36,30,234,205,3,0,0.8192416429519653,-0.08182001113891602,10.0,1
seed_0036_1780052734::13,green iguana,2,2,36,30,231,202,0,0,-0.8177487850189209,-0.7176833152770996,0.0,0
seed_0036_1780052734::14,green iguana,2,2,36,30,199,170,9,0,-0.19901013374328613,0.4096956253051758,30.0,1
seed_0036_1780052734::15,green iguana,2,2,36,29,207,179,0,0,0.977806568145752,0.6884498596191406,0.0,0
seed_0036_1780052734::16,green iguana,2,2,36,26,201,176,0,0,0.9042543172836304,0.4017453193664551,0.0,0
seed_0036_1780052734::17,green iguana,2,2,36,25,28,4,0,0,0.9469702243804932,1.0601427555084229,0.0,0
seed_0036_1780052734::18,green iguana,2,2,36,16,232,217,0,0,0.9644017219543457,0.701555609703064,0.0,0
seed_0036_1780052734::19,green iguana,2,2,36,30,232,203,0,0,-0.48362016677856445,-0.5745022296905518,0.0,0
seed_0036_1780052734::2,green iguana,2,2,36,30,232,203,9,0,-0.03764533996582031,0.010876655578613281,30.0,0
seed_0036_1780052734::20,green iguana,2,2,36,30,233,204,2,0,0.23959636688232422,0.3596782684326172,6.666666666666667,0
seed_0036_1780052734::21,green iguana,2,2,36,30,231,202,0,0,-1.14736008644104,-1.1735949516296387,0.0,0
seed_0036_1780052734::22,green iguana,2,2,36,30,234,205,4,0,-0.5771007537841797,-0.5878064632415771,13.333333333333334,0
seed_0036_1780052734::23,green iguana,2,2,36,22,207,186,0,0,1.4571373462677002,1.1210017204284668,0.0,0
seed_0036_1780052734::24,green iguana,2,2,36,30,210,181,7,0,-0.14549994468688965,0.2975137233734131,23.333333333333332,0
seed_0036_1780052734::25,green iguana,2,2,36,30,209,180,0,0,0.852306604385376,0.973200798034668,0.0,0
seed_0036_1780052734::26,green iguana,2,2,36,23,26,4,0,0,0.4285900592803955,0.7028064727783203,0.0,0
seed_0036_1780052734::27,green iguana,2,2,36,26,27,2,0,0,0.792410135269165,1.090792179107666,0.0,0
seed_0036_1780052734::3,green iguana,2,2,36,30,231,202,2,0,-0.3500094413757324,-0.5036108493804932,6.666666666666667,0
seed_0036_1780052734::4,green iguana,2,2,36,28,232,205,6,0,0.3067934513092041,0.07126712799072266,21.428571428571427,0
seed_0036_1780052734::5,green iguana,2,2,36,28,203,176,0,0,1.2865126132965088,0.974184513092041,0.0,0
seed_0036_1780052734::6,green iguana,2,2,36,30,205,176,0,0,0.7768380641937256,0.28753662109375,0.0,0
seed_0036_1780052734::7,green iguana,2,2,36,30,210,181,9,0,-0.261460542678833,0.13165068626403809,30.0,1
seed_0036_1780052734::8,green iguana,2,2,36,22,25,4,0,0,0.5364828109741211,1.4210927486419678,0.0,0
seed_0036_1780052734::9,green iguana,2,2,36,22,25,4,0,0,0.8642725944519043,1.4486923217773438,0.0,0
seed_0037_1780054076::0,green iguana,2,2,37,29,285,257,0,0,0.7255830764770508,0.6954345703125,0.0,0
seed_0037_1780054076::1,green iguana,2,2,37,23,284,262,0,0,0.874809741973877,0.971693754196167,0.0,0
seed_0037_1780054076::10,green iguana,2,2,37,22,287,266,0,0,0.5570399761199951,0.5878455638885498,0.0,0
seed_0037_1780054076::11,green iguana,2,2,37,30,237,208,0,0,0.23209333419799805,0.5196404457092285,0.0,0
seed_0037_1780054076::12,green iguana,2,2,37,30,243,214,0,0,0.4925069808959961,0.7602598667144775,0.0,0
seed_0037_1780054076::13,green iguana,2,2,37,30,242,213,0,0,0.548954963684082,0.9643166065216064,0.0,0
seed_0037_1780054076::14,green iguana,2,2,37,17,18,2,0,0,1.2985916137695312,0.7951576709747314,0.0,0
seed_0037_1780054076::15,green iguana,2,2,37,15,16,2,0,0,1.0596585273742676,0.34951019287109375,0.0,0
seed_0037_1780054076::16,green iguana,2,2,37,28,286,259,0,0,0.8450360298156738,0.8674764633178711,0.0,0
seed_0037_1780054076::17,green iguana,2,2,37,30,285,256,0,0,0.6126115322113037,0.5375916957855225,0.0,0
seed_0037_1780054076::18,green iguana,2,2,37,29,286,258,0,0,0.7363463640213013,0.8120012283325195,0.0,0
seed_0037_1780054076::19,green iguana,2,2,37,21,286,266,0,0,0.9928874969482422,1.3441078662872314,0.0,0
seed_0037_1780054076::2,green iguana,2,2,37,25,284,260,0,0,0.698822021484375,1.06899094581604,0.0,0
seed_0037_1780054076::20,green iguana,2,2,37,30,243,214,0,0,1.3701322078704834,1.4352686405181885,0.0,0
seed_0037_1780054076::21,green iguana,2,2,37,30,244,215,4,0,0.1256396770477295,0.5137062072753906,13.333333333333334,0
seed_0037_1780054076::22,green iguana,2,2,37,16,16,1,0,0,1.0655183792114258,0.38193774223327637,0.0,0
seed_0037_1780054076::23,green iguana,2,2,37,12,17,6,0,0,1.3726420402526855,1.421870470046997,0.0,0
seed_0037_1780054076::3,green iguana,2,2,37,6,284,279,0,0,1.019852876663208,1.225174903869629,0.0,0
seed_0037_1780054076::4,green iguana,2,2,37,30,246,217,2,0,0.09362268447875977,0.8328778743743896,6.666666666666667,0
seed_0037_1780054076::5,green iguana,2,2,37,30,238,209,10,0,-0.1428053379058838,-0.13966012001037598,33.333333333333336,0
seed_0037_1780054076::6,green iguana,2,2,37,29,256,228,0,0,1.2199115753173828,1.1771972179412842,0.0,0
seed_0037_1780054076::7,green iguana,2,2,37,18,20,3,0,0,1.194187879562378,0.33614611625671387,0.0,0
seed_0037_1780054076::8,green iguana,2,2,37,15,19,5,0,0,1.2267000675201416,1.2722845077514648,0.0,0
seed_0037_1780054076::9,green iguana,2,2,37,30,286,257,0,0,1.0104875564575195,0.9945075511932373,0.0,0
seed_0038_1780069542::0,green iguana,2,2,38,28,230,203,0,0,0.8431606292724609,0.20989489555358887,0.0,0
seed_0038_1780069542::1,green iguana,2,2,38,30,230,201,10,0,-0.013567209243774414,-0.5744166374206543,33.333333333333336,1
seed_0038_1780069542::10,green iguana,2,2,38,30,232,203,1,0,0.4535987377166748,-0.1800518035888672,3.3333333333333335,0
seed_0038_1780069542::11,green iguana,2,2,38,29,233,205,13,0,0.6164077520370483,-0.10205531120300293,44.827586206896555,0
seed_0038_1780069542::12,green iguana,2,2,38,30,200,171,9,0,0.6043610572814941,-0.18924283981323242,30.0,2
seed_0038_1780069542::13,green iguana,2,2,38,30,203,174,3,0,-0.024512290954589844,0.4327278137207031,10.0,0
seed_0038_1780069542::14,green iguana,2,2,38,21,22,2,0,0,1.1193342208862305,0.4533050060272217,0.0,0
seed_0038_1780069542::15,green iguana,2,2,38,30,236,207,4,0,0.4872758388519287,0.32629919052124023,13.333333333333334,0
seed_0038_1780069542::16,green iguana,2,2,38,30,236,207,3,0,0.4792509078979492,-0.4175758361816406,10.0,1
seed_0038_1780069542::17,green iguana,2,2,38,30,233,204,4,0,-0.34671735763549805,-0.6633057594299316,13.333333333333334,1
seed_0038_1780069542::18,green iguana,2,2,38,30,236,207,4,0,-0.18167901039123535,-0.0015120506286621094,13.333333333333334,1
seed_0038_1780069542::19,green iguana,2,2,38,30,201,172,0,0,0.247056245803833,0.5695919990539551,0.0,0
seed_0038_1780069542::2,green iguana,2,2,38,30,231,202,0,0,-0.35045385360717773,-0.31574225425720215,0.0,0
seed_0038_1780069542::20,green iguana,2,2,38,30,204,175,0,0,0.5949578285217285,0.435194730758667,0.0,0
seed_0038_1780069542::21,green iguana,2,2,38,30,208,179,9,0,-0.32261133193969727,0.16485285758972168,30.0,3
seed_0038_1780069542::22,green iguana,2,2,38,19,26,8,0,0,0.7022452354431152,0.9389450550079346,0.0,0
seed_0038_1780069542::3,green iguana,2,2,38,30,229,200,11,0,0.9069342613220215,-0.32547426223754883,36.666666666666664,2
seed_0038_1780069542::4,green iguana,2,2,38,30,230,201,6,0,-0.04152536392211914,-0.9192187786102295,20.0,0
seed_0038_1780069542::5,green iguana,2,2,38,30,201,172,6,0,-0.26100587844848633,-0.18911242485046387,20.0,1
seed_0038_1780069542::6,green iguana,2,2,38,30,204,175,2,0,0.10925602912902832,0.3454103469848633,6.666666666666667,0
seed_0038_1780069542::7,green iguana,2,2,38,30,199,170,3,0,-0.6433889865875244,0.06030726432800293,10.0,0
seed_0038_1780069542::8,green iguana,2,2,38,23,23,1,0,0,0.2669534683227539,0.7574989795684814,0.0,0
seed_0038_1780069542::9,green iguana,2,2,38,30,231,202,1,0,0.3234410285949707,-0.9676005840301514,3.3333333333333335,1
seed_0039_1780067455::0,boa constrictor,0,0,39,30,198,169,0,0,0.23658597469329834,0.7528339624404907,0.0,0
seed_0039_1780067455::1,boa constrictor,0,0,39,22,31,10,0,0,0.6157059669494629,0.3155393600463867,0.0,0
seed_0039_1780067455::2,boa constrictor,0,0,39,24,31,8,0,0,0.07851386070251465,0.18460416793823242,0.0,0
seed_0039_1780067455::3,boa constrictor,0,0,39,23,235,213,0,0,0.2000865936279297,0.5055446624755859,0.0,0
seed_0039_1780067455::4,boa constrictor,0,0,39,29,208,180,0,0,0.3951162099838257,0.08150053024291992,0.0,0
seed_0039_1780067455::5,boa constrictor,0,0,39,24,206,183,0,0,0.1415475606918335,0.284548282623291,0.0,0
seed_0039_1780067455::6,boa constrictor,0,0,39,8,194,187,0,0,0.05421781539916992,0.0038890838623046875,0.0,0
seed_0039_1780067455::7,boa constrictor,0,0,39,14,21,8,0,0,0.1302337646484375,0.31038832664489746,0.0,0
seed_0039_1780067455::8,boa constrictor,0,0,39,16,22,7,0,0,0.13432705402374268,0.0938882827758789,0.0,0
seed_0040_1780090517::0,boa constrictor,0,0,40,30,286,257,0,0,0.647475004196167,0.5779269933700562,0.0,0
seed_0040_1780090517::1,boa constrictor,0,0,40,29,287,259,0,0,0.188798189163208,0.2208695411682129,0.0,0
seed_0040_1780090517::2,boa constrictor,0,0,40,13,19,7,0,0,0.2044159173965454,0.12423300743103027,0.0,0
seed_0040_1780090517::3,boa constrictor,0,0,40,29,287,259,0,0,0.15421724319458008,0.3958132266998291,0.0,0
seed_0040_1780090517::4,boa constrictor,0,0,40,18,255,238,0,0,0.03622555732727051,0.07628881931304932,0.0,0
seed_0040_1780090517::5,boa constrictor,0,0,40,15,18,4,0,0,0.06328105926513672,0.12133383750915527,0.0,0
seed_0040_1780090517::6,boa constrictor,0,0,40,15,24,10,0,0,0.07529044151306152,0.03425860404968262,0.0,0
seed_0040_1780090517::7,boa constrictor,0,0,40,11,289,279,0,0,0.029409170150756836,0.06268048286437988,0.0,0
seed_0040_1780090517::8,boa constrictor,0,0,40,29,175,147,0,0,0.11434817314147949,0.323026180267334,0.0,0
seed_0041_1780081777::0,boa constrictor,0,0,41,15,19,5,0,0,0.3345508575439453,0.06424951553344727,0.0,0
seed_0041_1780081777::1,boa constrictor,0,0,41,12,19,8,0,0,0.5017026662826538,0.03164267539978027,0.0,0
seed_0041_1780081777::2,boa constrictor,0,0,41,13,19,7,0,0,0.5719718933105469,0.007927775382995605,0.0,0
seed_0041_1780081777::3,boa constrictor,0,0,41,27,230,204,0,0,0.017831802368164062,0.5428807735443115,0.0,0
seed_0041_1780081777::4,boa constrictor,0,0,41,25,212,188,0,0,0.11733555793762207,0.6672148704528809,0.0,0
seed_0041_1780081777::5,boa constrictor,0,0,41,12,22,11,0,0,0.12617051601409912,0.30112123489379883,0.0,0
seed_0041_1780081777::6,boa constrictor,0,0,41,18,22,5,0,0,0.7923557758331299,0.365236759185791,0.0,0
seed_0041_1780081777::7,boa constrictor,0,0,41,25,231,207,0,0,0.021736860275268555,0.2894003391265869,0.0,0
seed_0041_1780081777::8,boa constrictor,0,0,41,15,22,8,0,0,0.1692972183227539,0.08611094951629639,0.0,0
seed_0041_1780081777::9,boa constrictor,0,0,41,16,22,7,0,0,0.34288525581359863,0.09219157695770264,0.0,0
seed_0042_1780105620::0,boa constrictor,0,1,42,16,232,217,0,0,0.41617119312286377,0.19858956336975098,0.0,0
seed_0042_1780105620::1,boa constrictor,0,1,42,30,235,206,0,0,0.4393157958984375,0.30427825450897217,0.0,0
seed_0042_1780105620::2,boa constrictor,0,1,42,30,200,171,0,0,0.4217972755432129,0.4852942228317261,0.0,0
seed_0042_1780105620::3,boa constrictor,0,1,42,28,236,209,0,0,0.19824910163879395,0.2889300584793091,0.0,0
seed_0042_1780105620::4,boa constrictor,0,1,42,26,209,184,0,0,0.24833416938781738,0.2923579216003418,0.0,0
seed_0042_1780105620::5,boa constrictor,0,1,42,24,25,2,0,0,0.4907855987548828,0.5393471717834473,0.0,0
seed_0042_1780105620::6,boa constrictor,0,1,42,30,209,180,0,0,0.27471184730529785,0.46272730827331543,0.0,0
seed_0042_1780105620::7,boa constrictor,0,1,42,23,23,1,0,0,0.7700713872909546,0.8455017805099487,0.0,0
seed_0042_1780105620::8,boa constrictor,0,1,42,23,23,1,0,0,0.32433366775512695,0.8455017805099487,0.0,0
seed_0043_1780094603::0,boa constrictor,0,1,43,17,285,269,0,0,0.009962320327758789,0.09501290321350098,0.0,0
seed_0043_1780094603::1,boa constrictor,0,1,43,16,50,35,0,0,0.08171534538269043,0.061775922775268555,0.0,0
seed_0043_1780094603::10,boa constrictor,0,1,43,11,46,36,0,0,0.5801148414611816,0.07675433158874512,0.0,0
seed_0043_1780094603::11,boa constrictor,0,1,43,17,186,170,0,0,0.25824594497680664,0.05530858039855957,0.0,0
seed_0043_1780094603::2,boa constrictor,0,1,43,28,172,145,0,0,0.007153034210205078,0.6643235683441162,0.0,0
seed_0043_1780094603::3,boa constrictor,0,1,43,30,287,258,0,0,-0.6366461515426636,-0.44524455070495605,0.0,0
seed_0043_1780094603::4,boa constrictor,0,1,43,30,285,256,0,0,-0.5649676322937012,-0.45806241035461426,0.0,0
seed_0043_1780094603::5,boa constrictor,0,1,43,29,284,256,0,0,-0.44440221786499023,-0.47916245460510254,0.0,0
seed_0043_1780094603::6,boa constrictor,0,1,43,18,287,270,0,0,-0.28560447692871094,-0.14453768730163574,0.0,0
seed_0043_1780094603::7,boa constrictor,0,1,43,30,253,224,0,0,-0.697209358215332,-0.43415653705596924,0.0,0
seed_0043_1780094603::8,boa constrictor,0,1,43,24,25,2,0,0,-0.02967369556427002,-0.7780065536499023,0.0,0
seed_0043_1780094603::9,boa constrictor,0,1,43,28,77,50,0,0,0.7300171852111816,0.6081910133361816,0.0,0
seed_0044_1780120986::0,boa constrictor,0,1,44,27,233,207,0,0,-0.42017698287963867,-0.41873693466186523,0.0,0
seed_0044_1780120986::1,boa constrictor,0,1,44,30,232,203,0,0,-0.9614448547363281,-0.5281374454498291,0.0,0
seed_0044_1780120986::10,boa constrictor,0,1,44,30,215,186,0,0,-2.0341968536376953,-0.8560619354248047,0.0,0
seed_0044_1780120986::11,boa constrictor,0,1,44,20,26,7,0,0,-0.17267513275146484,-0.037119388580322266,0.0,0
seed_0044_1780120986::12,boa constrictor,0,1,44,30,234,205,0,0,-0.5814101696014404,-0.4691239595413208,0.0,0
seed_0044_1780120986::13,boa constrictor,0,1,44,30,234,205,0,0,-0.7984592914581299,-1.3400304317474365,0.0,0
seed_0044_1780120986::14,boa constrictor,0,1,44,30,232,203,0,0,-0.7180454730987549,-0.3916044235229492,0.0,0
seed_0044_1780120986::15,boa constrictor,0,1,44,30,207,178,0,0,-0.6204299926757812,-0.9124808311462402,0.0,0
seed_0044_1780120986::16,boa constrictor,0,1,44,26,202,177,0,0,-0.8103933334350586,-0.3015550374984741,0.0,0
seed_0044_1780120986::17,boa constrictor,0,1,44,24,31,8,0,0,-0.09566736221313477,-0.1254875659942627,0.0,0
seed_0044_1780120986::18,boa constrictor,0,1,44,20,30,11,0,0,-0.04491877555847168,-0.10035490989685059,0.0,0
seed_0044_1780120986::2,boa constrictor,0,1,44,30,233,204,0,0,-0.7862910032272339,-0.7944142818450928,0.0,0
seed_0044_1780120986::3,boa constrictor,0,1,44,30,196,167,0,0,-0.4317362308502197,-0.48618078231811523,0.0,0
seed_0044_1780120986::4,boa constrictor,0,1,44,21,30,10,0,0,-0.04478573799133301,-0.8719742298126221,0.0,0
seed_0044_1780120986::5,boa constrictor,0,1,44,23,237,215,0,0,-0.06719970703125,-0.7869507074356079,0.0,0
seed_0044_1780120986::6,boa constrictor,0,1,44,26,235,210,0,0,-0.3779270648956299,-0.36118483543395996,0.0,0
seed_0044_1780120986::7,boa constrictor,0,1,44,30,236,207,0,0,-1.440445065498352,-0.959831714630127,0.0,0
seed_0044_1780120986::8,boa constrictor,0,1,44,30,237,208,0,0,-0.740503191947937,-1.0838557481765747,0.0,0
seed_0044_1780120986::9,boa constrictor,0,1,44,30,197,168,0,0,-0.8466734886169434,-1.093520164489746,0.0,0
seed_0045_1780111250::0,boa constrictor,0,2,45,26,234,209,0,0,0.26312434673309326,0.23805975914001465,0.0,0
seed_0045_1780111250::1,boa constrictor,0,2,45,30,236,207,0,0,0.309262752532959,1.2896459102630615,0.0,0
seed_0045_1780111250::10,boa constrictor,0,2,45,29,230,202,0,0,0.4694129228591919,0.5237146615982056,0.0,0
seed_0045_1780111250::11,boa constrictor,0,2,45,18,230,213,0,0,0.12237167358398438,0.22101175785064697,0.0,0
seed_0045_1780111250::12,boa constrictor,0,2,45,29,204,176,0,0,0.5849083662033081,0.44877636432647705,0.0,0
seed_0045_1780111250::13,boa constrictor,0,2,45,18,20,3,0,0,0.6033705472946167,1.166654348373413,0.0,0
seed_0045_1780111250::2,boa constrictor,0,2,45,30,204,175,0,0,1.0930427312850952,1.189485788345337,0.0,0
seed_0045_1780111250::3,boa constrictor,0,2,45,11,195,185,0,0,0.09109759330749512,0.17384696006774902,0.0,0
seed_0045_1780111250::4,boa constrictor,0,2,45,17,20,4,0,0,0.015110135078430176,0.13751482963562012,0.0,0
seed_0045_1780111250::5,boa constrictor,0,2,45,18,20,3,0,0,0.5389186143875122,0.34466445446014404,0.0,0
seed_0045_1780111250::6,boa constrictor,0,2,45,28,235,208,0,0,0.30838096141815186,0.19896793365478516,0.0,0
seed_0045_1780111250::7,boa constrictor,0,2,45,23,234,212,0,0,0.32966387271881104,0.17659056186676025,0.0,0
seed_0045_1780111250::8,boa constrictor,0,2,45,30,201,172,0,0,0.2737700939178467,0.38123631477355957,0.0,0
seed_0045_1780111250::9,boa constrictor,0,2,45,12,23,12,0,0,0.01666271686553955,0.11697518825531006,0.0,0
seed_0046_1780138214::0,boa constrictor,0,2,46,25,287,263,0,0,0.2674074172973633,0.5434165000915527,0.0,0
seed_0046_1780138214::1,boa constrictor,0,2,46,17,25,9,0,0,0.002869844436645508,0.08692717552185059,0.0,0
seed_0046_1780138214::2,boa constrictor,0,2,46,20,25,6,0,0,0.3300379514694214,0.29958629608154297,0.0,0
seed_0046_1780138214::3,boa constrictor,0,2,46,10,288,279,0,0,0.11722278594970703,0.07726120948791504,0.0,0
seed_0046_1780138214::4,boa constrictor,0,2,46,15,288,274,0,0,0.020627975463867188,0.07733774185180664,0.0,0
seed_0046_1780138214::5,boa constrictor,0,2,46,16,22,7,0,0,0.03994607925415039,0.001848459243774414,0.0,0
seed_0046_1780138214::6,boa constrictor,0,2,46,22,23,2,0,0,0.039578914642333984,0.33869147300720215,0.0,0
seed_0046_1780138214::7,boa constrictor,0,2,46,18,150,133,0,0,0.08830070495605469,0.07913339138031006,0.0,0
seed_0046_1780138214::8,boa constrictor,0,2,46,26,167,142,0,0,0.09109854698181152,0.18386435508728027,0.0,0
seed_0047_1780129380::0,boa constrictor,0,2,47,26,205,180,0,0,0.06956267356872559,0.25530338287353516,0.0,0
seed_0047_1780129380::1,boa constrictor,0,2,47,15,19,5,0,0,0.06695413589477539,0.3511085510253906,0.0,0
seed_0047_1780129380::2,boa constrictor,0,2,47,13,19,7,0,0,0.09939122200012207,0.8053178787231445,0.0,0
seed_0047_1780129380::3,boa constrictor,0,2,47,7,234,228,0,0,0.028258800506591797,0.07887935638427734,0.0,0
seed_0047_1780129380::4,boa constrictor,0,2,47,26,232,207,0,0,0.3446955680847168,0.33120036125183105,0.0,0
seed_0047_1780129380::5,boa constrictor,0,2,47,30,200,171,0,0,0.8078665733337402,1.215226650238037,0.0,0
seed_0047_1780129380::6,boa constrictor,0,2,47,14,18,5,0,0,0.08835673332214355,0.7330683469772339,0.0,0
seed_0047_1780129380::7,boa constrictor,0,2,47,28,206,179,0,0,0.00494837760925293,0.32666873931884766,0.0,0
seed_0047_1780129380::8,boa constrictor,0,2,47,16,19,4,0,0,0.2575719356536865,0.1468520164489746,0.0,0
seed_0047_1780129380::9,boa constrictor,0,2,47,15,18,4,0,0,0.3687469959259033,0.5619094371795654,0.0,0
seed_0048_1780152376::0,boa constrictor,1,0,48,13,14,2,0,0,0.5617151260375977,0.1331336498260498,0.0,0
seed_0048_1780152376::1,boa constrictor,1,0,48,14,15,2,0,0,0.37916088104248047,0.1331336498260498,0.0,0
seed_0048_1780152376::10,boa constrictor,1,0,48,15,17,3,0,0,0.5951398611068726,0.06946134567260742,0.0,0
seed_0048_1780152376::2,boa constrictor,1,0,48,12,14,3,0,0,0.014703989028930664,0.06140029430389404,0.0,0
seed_0048_1780152376::3,boa constrictor,1,0,48,30,235,206,0,0,0.32635676860809326,0.521233320236206,0.0,0
seed_0048_1780152376::4,boa constrictor,1,0,48,22,234,213,0,0,0.05771970748901367,0.1713852882385254,0.0,0
seed_0048_1780152376::5,boa constrictor,1,0,48,14,17,4,0,0,0.1751418113708496,0.3280832767486572,0.0,0
seed_0048_1780152376::6,boa constrictor,1,0,48,12,235,224,0,0,0.02402472496032715,0.48426103591918945,0.0,0
seed_0048_1780152376::7,boa constrictor,1,0,48,29,235,207,0,0,0.14646077156066895,0.17060613632202148,0.0,0
seed_0048_1780152376::8,boa constrictor,1,0,48,29,205,177,0,0,0.44303715229034424,0.26123082637786865,0.0,0
seed_0048_1780152376::9,boa constrictor,1,0,48,14,17,4,0,0,0.019587039947509766,0.2492220401763916,0.0,0
seed_0049_1780140340::0,boa constrictor,1,0,49,18,289,272,0,0,0.12707734107971191,0.1664654016494751,0.0,0
seed_0049_1780140340::1,boa constrictor,1,0,49,18,285,268,0,0,0.2049875259399414,0.16779732704162598,0.0,0
seed_0049_1780140340::2,boa constrictor,1,0,49,5,287,283,0,0,0.0813138484954834,0.14200639724731445,0.0,0
seed_0049_1780140340::3,boa constrictor,1,0,49,10,18,9,0,0,0.030791759490966797,0.05199861526489258,0.0,0
seed_0049_1780140340::4,boa constrictor,1,0,49,28,67,40,0,0,0.3575558662414551,0.706073522567749,0.0,0
seed_0049_1780140340::5,boa constrictor,1,0,49,24,180,157,0,0,0.05744576454162598,0.03574538230895996,0.0,0
seed_0049_1780140340::6,boa constrictor,1,0,49,30,251,222,0,0,0.21825170516967773,0.3211405277252197,0.0,0
seed_0049_1780140340::7,boa constrictor,1,0,49,24,39,16,0,0,0.047112226486206055,0.38747549057006836,0.0,0
seed_0049_1780140340::8,boa constrictor,1,0,49,23,184,162,0,0,0.22768211364746094,0.12557554244995117,0.0,0
seed_0050_1780167115::0,boa constrictor,1,0,50,28,227,200,0,0,0.2932080030441284,0.23529672622680664,0.0,0
seed_0050_1780167115::1,boa constrictor,1,0,50,29,227,199,0,0,0.29018473625183105,0.36409950256347656,0.0,0
seed_0050_1780167115::10,boa constrictor,1,0,50,16,19,4,0,0,0.17763018608093262,0.04070127010345459,0.0,0
seed_0050_1780167115::2,boa constrictor,1,0,50,18,18,1,0,0,0.408339262008667,0.015963315963745117,0.0,0
seed_0050_1780167115::3,boa constrictor,1,0,50,30,230,201,0,0,0.32995927333831787,0.588564395904541,0.0,0
seed_0050_1780167115::4,boa constrictor,1,0,50,30,233,204,0,0,0.13904500007629395,0.09704446792602539,0.0,0
seed_0050_1780167115::5,boa constrictor,1,0,50,28,232,205,0,0,0.514745831489563,0.18390512466430664,0.0,0
seed_0050_1780167115::6,boa constrictor,1,0,50,18,18,1,0,0,0.35252463817596436,0.5255915522575378,0.0,0
seed_0050_1780167115::7,boa constrictor,1,0,50,17,19,3,0,0,0.0039484500885009766,0.02375054359436035,0.0,0
seed_0050_1780167115::8,boa constrictor,1,0,50,26,234,209,0,0,0.07022404670715332,0.12566936016082764,0.0,0
seed_0050_1780167115::9,boa constrictor,1,0,50,29,232,204,0,0,0.3079659938812256,0.5299572944641113,0.0,0
seed_0051_1780155232::0,boa constrictor,1,1,51,30,233,204,0,0,-0.8867433071136475,-0.28450798988342285,0.0,0
seed_0051_1780155232::1,boa constrictor,1,1,51,19,230,212,0,0,-0.09098649024963379,-0.04805636405944824,0.0,0
seed_0051_1780155232::10,boa constrictor,1,1,51,30,232,203,0,0,-0.6651477813720703,-0.6761970520019531,0.0,0
seed_0051_1780155232::11,boa constrictor,1,1,51,30,196,167,0,0,-0.716435432434082,-0.4177893400192261,0.0,0
seed_0051_1780155232::12,boa constrictor,1,1,51,30,202,173,0,0,-0.7666976451873779,-0.4018806219100952,0.0,0
seed_0051_1780155232::13,boa constrictor,1,1,51,21,23,3,0,0,-0.025297164916992188,-0.5252069234848022,0.0,0
seed_0051_1780155232::14,boa constrictor,1,1,51,16,234,219,0,0,-0.009753704071044922,-0.05863058567047119,0.0,0
seed_0051_1780155232::15,boa constrictor,1,1,51,24,233,210,0,0,-0.3126382827758789,-0.058983802795410156,0.0,0
seed_0051_1780155232::16,boa constrictor,1,1,51,30,205,176,0,0,-1.1054017543792725,-0.9592018127441406,0.0,0
seed_0051_1780155232::17,boa constrictor,1,1,51,30,210,181,0,0,-0.993741512298584,-0.735295295715332,0.0,0
seed_0051_1780155232::2,boa constrictor,1,1,51,30,234,205,0,0,-0.9855639934539795,-1.1744050979614258,0.0,0
seed_0051_1780155232::3,boa constrictor,1,1,51,16,234,219,0,0,-0.027050256729125977,-0.39101719856262207,0.0,0
seed_0051_1780155232::4,boa constrictor,1,1,51,29,196,168,0,0,-0.7319138050079346,-0.38426899909973145,0.0,0
seed_0051_1780155232::5,boa constrictor,1,1,51,18,205,188,0,0,-0.45958900451660156,-0.34045886993408203,0.0,0
seed_0051_1780155232::6,boa constrictor,1,1,51,22,26,5,0,0,-0.057736873626708984,-0.0019521713256835938,0.0,0
seed_0051_1780155232::7,boa constrictor,1,1,51,29,231,203,0,0,-0.500537633895874,-0.4897722005844116,0.0,0
seed_0051_1780155232::8,boa constrictor,1,1,51,23,232,210,0,0,-0.063468337059021,-0.1516103744506836,0.0,0
seed_0051_1780155232::9,boa constrictor,1,1,51,30,231,202,0,0,-0.7409048080444336,-0.740483283996582,0.0,0
seed_0052_1780182692::0,boa constrictor,1,1,52,29,286,258,0,0,0.2677624225616455,0.31326937675476074,0.0,0
seed_0052_1780182692::1,boa constrictor,1,1,52,18,61,44,0,0,0.04949593544006348,0.015228033065795898,0.0,0
seed_0052_1780182692::2,boa constrictor,1,1,52,27,182,156,0,0,0.4271550178527832,0.5006613731384277,0.0,0
seed_0052_1780182692::3,boa constrictor,1,1,52,2,285,284,0,0,0.013227224349975586,0.006554841995239258,0.0,0
seed_0052_1780182692::4,boa constrictor,1,1,52,20,285,266,0,0,0.19378209114074707,0.2125868797302246,0.0,0
seed_0052_1780182692::5,boa constrictor,1,1,52,27,184,158,0,0,0.17945623397827148,0.20539474487304688,0.0,0
seed_0052_1780182692::6,boa constrictor,1,1,52,22,189,168,0,0,0.13326740264892578,0.32331156730651855,0.0,0
seed_0053_1780174965::0,boa constrictor,1,1,53,12,231,220,0,0,0.24023985862731934,0.009228229522705078,0.0,0
seed_0053_1780174965::1,boa constrictor,1,1,53,19,231,213,0,0,0.021056294441223145,0.6438405513763428,0.0,0
seed_0053_1780174965::2,boa constrictor,1,1,53,10,11,2,0,0,0.29508256912231445,0.5171775817871094,0.0,0
seed_0053_1780174965::3,boa constrictor,1,1,53,28,193,166,0,0,0.17189693450927734,0.23157358169555664,0.0,0
seed_0053_1780174965::4,boa constrictor,1,1,53,15,17,3,0,0,0.33906126022338867,0.3943326473236084,0.0,0
seed_0053_1780174965::5,boa constrictor,1,1,53,23,51,29,0,0,0.18204331398010254,0.1628643274307251,0.0,0
seed_0053_1780174965::6,boa constrictor,1,1,53,30,211,182,0,0,0.38498878479003906,0.4539663791656494,0.0,0
seed_0053_1780174965::7,boa constrictor,1,1,53,30,211,182,0,0,0.4772278070449829,0.4398348331451416,0.0,0
seed_0053_1780174965::8,boa constrictor,1,1,53,29,205,177,0,0,0.37268853187561035,0.6048464775085449,0.0,0
seed_0054_1780198153::0,boa constrictor,1,2,54,30,238,209,0,0,0.47291064262390137,0.6486146450042725,0.0,0
seed_0054_1780198153::1,boa constrictor,1,2,54,30,237,208,0,0,0.46186745166778564,0.8813176155090332,0.0,0
seed_0054_1780198153::10,boa constrictor,1,2,54,21,25,5,0,0,0.4335399866104126,0.13622593879699707,0.0,0
seed_0054_1780198153::11,boa constrictor,1,2,54,20,25,6,0,0,0.3264392614364624,0.5548571348190308,0.0,0
seed_0054_1780198153::2,boa constrictor,1,2,54,30,216,187,0,0,0.5965900421142578,0.5375158786773682,0.0,0
seed_0054_1780198153::3,boa constrictor,1,2,54,15,25,11,0,0,0.09480786323547363,0.090218186378479,0.0,0
seed_0054_1780198153::4,boa constrictor,1,2,54,30,237,208,0,0,0.3430004119873047,0.3231247663497925,0.0,0
seed_0054_1780198153::5,boa constrictor,1,2,54,30,237,208,0,0,0.5246422290802002,0.368047833442688,0.0,0
seed_0054_1780198153::6,boa constrictor,1,2,54,27,206,180,0,0,0.037863731384277344,0.15363526344299316,0.0,0
seed_0054_1780198153::7,boa constrictor,1,2,54,21,23,3,0,0,0.32721686363220215,0.35931289196014404,0.0,0
seed_0054_1780198153::8,boa constrictor,1,2,54,18,23,6,0,0,0.18985211849212646,0.2008509635925293,0.0,0
seed_0054_1780198153::9,boa constrictor,1,2,54,20,236,217,0,0,0.046898841857910156,0.24922585487365723,0.0,0
seed_0055_1780190185::0,boa constrictor,1,2,55,19,25,7,0,0,0.07554352283477783,0.12765860557556152,0.0,0
seed_0055_1780190185::1,boa constrictor,1,2,55,19,24,6,0,0,0.01851201057434082,0.2640969753265381,0.0,0
seed_0055_1780190185::2,boa constrictor,1,2,55,24,156,133,0,0,0.10789847373962402,0.17267513275146484,0.0,0
seed_0055_1780190185::3,boa constrictor,1,2,55,30,290,261,0,0,0.126267671585083,0.39555835723876953,0.0,0
seed_0055_1780190185::4,boa constrictor,1,2,55,27,290,264,0,0,0.16848015785217285,0.3361161947250366,0.0,0
seed_0055_1780190185::5,boa constrictor,1,2,55,16,23,8,0,0,0.2603480815887451,0.034393310546875,0.0,0
seed_0055_1780190185::6,boa constrictor,1,2,55,12,20,9,0,0,0.002861499786376953,0.05484271049499512,0.0,0
seed_0055_1780190185::7,boa constrictor,1,2,55,13,20,8,0,0,0.04387068748474121,0.1324230432510376,0.0,0
seed_0055_1780190185::8,boa constrictor,1,2,55,28,39,12,0,0,0.31674981117248535,0.4836399555206299,0.0,0
seed_0056_1780215148::0,boa constrictor,1,2,56,25,234,210,0,0,0.5600323677062988,0.36742472648620605,0.0,0
seed_0056_1780215148::1,boa constrictor,1,2,56,22,234,213,0,0,0.2804141044616699,0.10125398635864258,0.0,0
seed_0056_1780215148::2,boa constrictor,1,2,56,16,199,184,0,0,0.06056022644042969,0.05449819564819336,0.0,0
seed_0056_1780215148::3,boa constrictor,1,2,56,18,18,1,0,0,0.9906984567642212,0.32494068145751953,0.0,0
seed_0056_1780215148::4,boa constrictor,1,2,56,30,232,203,0,0,0.6456170082092285,0.8361600637435913,0.0,0
seed_0056_1780215148::5,boa constrictor,1,2,56,26,232,207,0,0,0.052294254302978516,0.3171868324279785,0.0,0
seed_0056_1780215148::6,boa constrictor,1,2,56,16,19,4,0,0,0.9904378652572632,0.15269458293914795,0.0,0
seed_0056_1780215148::7,boa constrictor,1,2,56,9,231,223,0,0,0.1746443510055542,0.1706928014755249,0.0,0
seed_0056_1780215148::8,boa constrictor,1,2,56,13,231,219,0,0,0.12388181686401367,0.14348483085632324,0.0,0
seed_0056_1780215148::9,boa constrictor,1,2,56,16,18,3,0,0,0.40642738342285156,0.33214426040649414,0.0,0
seed_0057_1780206561::0,boa constrictor,2,0,57,28,228,201,0,0,-0.7177146673202515,-0.4419846534729004,0.0,0
seed_0057_1780206561::1,boa constrictor,2,0,57,30,226,197,0,0,-0.5319855213165283,-0.6668164730072021,0.0,0
seed_0057_1780206561::10,boa constrictor,2,0,57,30,210,181,0,0,-1.0303151607513428,-0.6917486190795898,0.0,0
seed_0057_1780206561::11,boa constrictor,2,0,57,30,205,176,0,0,-0.7269464731216431,-0.6376134157180786,0.0,0
seed_0057_1780206561::12,boa constrictor,2,0,57,7,9,3,0,0,-0.04916083812713623,-0.08621954917907715,0.0,0
seed_0057_1780206561::13,boa constrictor,2,0,57,30,228,199,0,0,-0.8455424308776855,-0.7957334518432617,0.0,0
seed_0057_1780206561::14,boa constrictor,2,0,57,22,225,204,0,0,-0.06815123558044434,-0.025257587432861328,0.0,0
seed_0057_1780206561::15,boa constrictor,2,0,57,30,228,199,0,0,-1.0044962167739868,-0.8029779195785522,0.0,0
seed_0057_1780206561::16,boa constrictor,2,0,57,27,202,176,0,0,-0.3006962537765503,-0.3010610342025757,0.0,0
seed_0057_1780206561::17,boa constrictor,2,0,57,30,200,171,0,0,-0.39667367935180664,-0.48198819160461426,0.0,0
seed_0057_1780206561::18,boa constrictor,2,0,57,8,8,1,0,0,-0.28555798530578613,-0.07983660697937012,0.0,0
seed_0057_1780206561::2,boa constrictor,2,0,57,30,202,173,0,0,-1.1805342435836792,-0.08978796005249023,0.0,0
seed_0057_1780206561::3,boa constrictor,2,0,57,30,197,168,0,0,-0.8477883338928223,-0.7628560066223145,0.0,0
seed_0057_1780206561::4,boa constrictor,2,0,57,30,206,177,0,0,-0.8815902471542358,-1.2282406091690063,0.0,0
seed_0057_1780206561::5,boa constrictor,2,0,57,11,11,1,0,0,-0.5159082412719727,-0.34903860092163086,0.0,0
seed_0057_1780206561::6,boa constrictor,2,0,57,29,227,199,0,0,-0.3569895029067993,-0.5701179504394531,0.0,0
seed_0057_1780206561::7,boa constrictor,2,0,57,29,228,200,0,0,-0.23204541206359863,-0.42113661766052246,0.0,0
seed_0057_1780206561::8,boa constrictor,2,0,57,30,228,199,0,0,-0.5135538578033447,-0.24319779872894287,0.0,0
seed_0057_1780206561::9,boa constrictor,2,0,57,28,204,177,0,0,-0.30193495750427246,-0.10622644424438477,0.0,0
seed_0058_1780227998::0,boa constrictor,2,0,58,29,288,260,0,0,0.25486159324645996,0.0921165943145752,0.0,0
seed_0058_1780227998::1,boa constrictor,2,0,58,16,19,4,0,0,0.2689826488494873,0.004447221755981445,0.0,0
seed_0058_1780227998::2,boa constrictor,2,0,58,22,181,160,0,0,0.19094634056091309,0.2354111671447754,0.0,0
seed_0058_1780227998::3,boa constrictor,2,0,58,29,288,260,0,0,0.43556880950927734,0.17540478706359863,0.0,0
seed_0058_1780227998::4,boa constrictor,2,0,58,21,287,267,0,0,0.20586204528808594,0.3075934648513794,0.0,0
seed_0058_1780227998::5,boa constrictor,2,0,58,10,71,62,0,0,0.2051715850830078,0.188704252243042,0.0,0
seed_0058_1780227998::6,boa constrictor,2,0,58,19,285,267,0,0,0.0469050407409668,0.07410216331481934,0.0,0
seed_0058_1780227998::7,boa constrictor,2,0,58,15,16,2,0,0,0.11419010162353516,0.462308406829834,0.0,0
seed_0058_1780227998::8,boa constrictor,2,0,58,29,187,159,0,0,0.13347625732421875,0.3268132209777832,0.0,0
seed_0059_1780224075::0,boa constrictor,2,0,59,27,236,210,0,0,-0.26756834983825684,-0.05100250244140625,0.0,0
seed_0059_1780224075::1,boa constrictor,2,0,59,30,238,209,0,0,-0.9393612146377563,-0.3444831371307373,0.0,0
seed_0059_1780224075::10,boa constrictor,2,0,59,30,196,167,0,0,-1.1255686283111572,-0.6220929622650146,0.0,0
seed_0059_1780224075::11,boa constrictor,2,0,59,30,198,169,0,0,-0.635871171951294,-0.6629832983016968,0.0,0
seed_0059_1780224075::12,boa constrictor,2,0,59,20,22,3,0,0,-0.7473154067993164,-0.5265978574752808,0.0,0
seed_0059_1780224075::13,boa constrictor,2,0,59,21,22,2,0,0,-0.14187955856323242,-0.3052792549133301,0.0,0
seed_0059_1780224075::14,boa constrictor,2,0,59,30,237,208,0,0,-1.2523468732833862,-0.7752742767333984,0.0,0
seed_0059_1780224075::15,boa constrictor,2,0,59,30,237,208,0,0,-1.2824517488479614,-1.1536576747894287,0.0,0
seed_0059_1780224075::16,boa constrictor,2,0,59,25,239,215,0,0,-0.06854486465454102,-0.4788609743118286,0.0,0
seed_0059_1780224075::17,boa constrictor,2,0,59,30,238,209,0,0,-0.4394848346710205,-0.32217609882354736,0.0,0
seed_0059_1780224075::18,boa constrictor,2,0,59,30,239,210,0,0,-0.7383430004119873,-0.44602441787719727,0.0,0
seed_0059_1780224075::19,boa constrictor,2,0,59,30,200,171,0,0,-0.88524329662323,-1.2043439149856567,0.0,0
seed_0059_1780224075::2,boa constrictor,2,0,59,20,238,219,0,0,-0.13823866844177246,-0.18964266777038574,0.0,0
seed_0059_1780224075::20,boa constrictor,2,0,59,23,23,1,0,0,-0.30249524116516113,-0.18799352645874023,0.0,0
seed_0059_1780224075::3,boa constrictor,2,0,59,30,206,177,0,0,-0.7347195148468018,-0.18319034576416016,0.0,0
seed_0059_1780224075::4,boa constrictor,2,0,59,30,206,177,0,0,-0.7565103769302368,-0.426281213760376,0.0,0
seed_0059_1780224075::5,boa constrictor,2,0,59,30,204,175,0,0,-1.4691765308380127,-0.7710056304931641,0.0,0
seed_0059_1780224075::6,boa constrictor,2,0,59,24,24,1,0,0,-0.19095134735107422,-0.03542208671569824,0.0,0
seed_0059_1780224075::7,boa constrictor,2,0,59,23,23,1,0,0,-0.1525721549987793,-0.03542208671569824,0.0,0
seed_0059_1780224075::8,boa constrictor,2,0,59,23,238,216,0,0,-0.1562514305114746,-0.1425318717956543,0.0,0
seed_0059_1780224075::9,boa constrictor,2,0,59,26,238,213,0,0,-0.07000970840454102,-0.4536769390106201,0.0,0
seed_0060_1780260183::0,boa constrictor,2,1,60,16,21,6,0,0,0.1947169303894043,0.5482240915298462,0.0,0
seed_0060_1780260183::1,boa constrictor,2,1,60,30,56,27,0,0,0.4083390235900879,0.7547156810760498,0.0,0
seed_0060_1780260183::2,boa constrictor,2,1,60,29,152,124,0,0,0.4003779888153076,0.6537907123565674,0.0,0
seed_0060_1780260183::3,boa constrictor,2,1,60,26,236,211,0,0,0.06188225746154785,0.30933165550231934,0.0,0
seed_0060_1780260183::4,boa constrictor,2,1,60,17,21,5,0,0,0.010683774948120117,0.5477015972137451,0.0,0
seed_0060_1780260183::5,boa constrictor,2,1,60,14,20,7,0,0,0.37731099128723145,0.06685662269592285,0.0,0
seed_0060_1780260183::6,boa constrictor,2,1,60,29,236,208,0,0,0.42792296409606934,0.22473204135894775,0.0,0
seed_0060_1780260183::7,boa constrictor,2,1,60,30,237,208,0,0,0.3864656686782837,1.2327028512954712,0.0,0
seed_0060_1780260183::8,boa constrictor,2,1,60,21,25,5,0,0,0.08298635482788086,0.1695108413696289,0.0,0
seed_0061_1780475753::0,boa constrictor,2,1,61,29,290,262,0,0,0.03769183158874512,0.5648235082626343,0.0,0
seed_0061_1780475753::1,boa constrictor,2,1,61,29,289,261,0,0,0.46357691287994385,0.4705371856689453,0.0,0
seed_0061_1780475753::10,boa constrictor,2,1,61,24,27,4,0,0,0.0651097297668457,0.015241622924804688,0.0,0
seed_0061_1780475753::11,boa constrictor,2,1,61,21,292,272,0,0,0.08671331405639648,0.14774298667907715,0.0,0
seed_0061_1780475753::12,boa constrictor,2,1,61,22,28,7,0,0,0.06002235412597656,0.04273796081542969,0.0,0
seed_0061_1780475753::13,boa constrictor,2,1,61,23,291,269,0,0,0.07616734504699707,0.30321216583251953,0.0,0
seed_0061_1780475753::2,boa constrictor,2,1,61,15,288,274,0,0,0.09529852867126465,0.06366729736328125,0.0,0
seed_0061_1780475753::3,boa constrictor,2,1,61,30,246,217,0,0,0.33401012420654297,0.3135138750076294,0.0,0
seed_0061_1780475753::4,boa constrictor,2,1,61,27,256,230,0,0,0.27488112449645996,0.09812235832214355,0.0,0
seed_0061_1780475753::5,boa constrictor,2,1,61,18,27,10,0,0,0.396084189414978,0.025592446327209473,0.0,0
seed_0061_1780475753::6,boa constrictor,2,1,61,21,26,6,0,0,0.06693768501281738,0.32960426807403564,0.0,0
seed_0061_1780475753::7,boa constrictor,2,1,61,11,290,280,0,0,0.050890326499938965,0.15353012084960938,0.0,0
seed_0061_1780475753::8,boa constrictor,2,1,61,24,290,267,0,0,0.2181718349456787,0.13257503509521484,0.0,0
seed_0061_1780475753::9,boa constrictor,2,1,61,24,28,5,0,0,0.17917847633361816,0.020594477653503418,0.0,0
seed_0062_1780268107::0,boa constrictor,2,1,62,30,231,202,0,0,0.5077152252197266,0.8511792421340942,0.0,0
seed_0062_1780268107::1,boa constrictor,2,1,62,22,231,210,0,0,0.13212263584136963,0.2210066318511963,0.0,0
seed_0062_1780268107::10,boa constrictor,2,1,62,28,58,31,0,0,0.4278101921081543,0.2931619882583618,0.0,0
seed_0062_1780268107::2,boa constrictor,2,1,62,28,44,17,0,0,0.5407929420471191,0.25048398971557617,0.0,0
seed_0062_1780268107::3,boa constrictor,2,1,62,30,228,199,0,0,0.7946553230285645,0.4581676721572876,0.0,0
seed_0062_1780268107::4,boa constrictor,2,1,62,30,229,200,0,0,0.7686114311218262,0.9386200904846191,0.0,0
seed_0062_1780268107::5,boa constrictor,2,1,62,29,231,203,0,0,0.3732501268386841,0.3904697895050049,0.0,0
seed_0062_1780268107::6,boa constrictor,2,1,62,25,37,13,0,0,0.156172513961792,0.167913556098938,0.0,0
seed_0062_1780268107::7,boa constrictor,2,1,62,28,37,10,0,0,0.34628069400787354,0.5589932203292847,0.0,0
seed_0062_1780268107::8,boa constrictor,2,1,62,27,36,10,0,0,0.520871639251709,0.06604516506195068,0.0,0
seed_0062_1780268107::9,boa constrictor,2,1,62,29,77,49,0,0,0.9791793823242188,0.6643772125244141,0.0,0
seed_0063_1780475753::0,boa constrictor,2,2,63,30,235,206,0,0,0.22289979457855225,0.32612085342407227,0.0,0
seed_0063_1780475753::1,boa constrictor,2,2,63,29,235,207,0,0,0.35636818408966064,0.4328113794326782,0.0,0
seed_0063_1780475753::10,boa constrictor,2,2,63,29,202,174,0,0,0.05555272102355957,0.4282553195953369,0.0,0
seed_0063_1780475753::11,boa constrictor,2,2,63,24,200,177,0,0,0.0332486629486084,0.3260650634765625,0.0,0
seed_0063_1780475753::12,boa constrictor,2,2,63,15,18,4,0,0,0.16853070259094238,0.05199575424194336,0.0,0
seed_0063_1780475753::13,boa constrictor,2,2,63,14,17,4,0,0,0.5410133600234985,0.05199575424194336,0.0,0
seed_0063_1780475753::14,boa constrictor,2,2,63,28,235,208,0,0,0.09447598457336426,0.18259620666503906,0.0,0
seed_0063_1780475753::15,boa constrictor,2,2,63,30,236,207,0,0,0.35166358947753906,0.2071911096572876,0.0,0
seed_0063_1780475753::16,boa constrictor,2,2,63,30,235,206,0,0,0.41140973567962646,0.5393922328948975,0.0,0
seed_0063_1780475753::17,boa constrictor,2,2,63,29,205,177,0,0,0.3882101774215698,0.10071539878845215,0.0,0
seed_0063_1780475753::18,boa constrictor,2,2,63,14,17,4,0,0,1.1807386875152588,0.05199575424194336,0.0,0
seed_0063_1780475753::19,boa constrictor,2,2,63,12,17,6,0,0,0.38604140281677246,0.09245753288269043,0.0,0
seed_0063_1780475753::2,boa constrictor,2,2,63,30,234,205,0,0,0.4977380037307739,0.5311359167098999,0.0,0
seed_0063_1780475753::3,boa constrictor,2,2,63,30,208,179,0,0,0.1566249132156372,0.5927691459655762,0.0,0
seed_0063_1780475753::4,boa constrictor,2,2,63,30,202,173,0,0,0.9017297029495239,1.3066078424453735,0.0,0
seed_0063_1780475753::5,boa constrictor,2,2,63,15,18,4,0,0,0.6870920658111572,0.05199575424194336,0.0,0
seed_0063_1780475753::6,boa constrictor,2,2,63,18,19,2,0,0,0.5202759504318237,0.14052414894104004,0.0,0
seed_0063_1780475753::7,boa constrictor,2,2,63,9,235,227,0,0,0.13653802871704102,0.16825199127197266,0.0,0
seed_0063_1780475753::8,boa constrictor,2,2,63,30,235,206,0,0,0.26128506660461426,0.49267876148223877,0.0,0
seed_0063_1780475753::9,boa constrictor,2,2,63,21,235,215,0,0,0.4401808977127075,0.027343273162841797,0.0,0
seed_0064_1780276325::0,boa constrictor,2,2,64,23,176,154,0,0,0.2606160640716553,0.16910767555236816,0.0,0
seed_0064_1780276325::1,boa constrictor,2,2,64,27,186,160,0,0,0.42199134826660156,0.6158885955810547,0.0,0
seed_0064_1780276325::2,boa constrictor,2,2,64,24,287,264,0,0,0.16938841342926025,0.1417633295059204,0.0,0
seed_0064_1780276325::3,boa constrictor,2,2,64,18,285,268,0,0,0.1132669448852539,0.1779775619506836,0.0,0
seed_0064_1780276325::4,boa constrictor,2,2,64,27,285,259,0,0,0.21883034706115723,0.29640281200408936,0.0,0
seed_0064_1780276325::5,boa constrictor,2,2,64,29,287,259,0,0,0.22021639347076416,0.23746204376220703,0.0,0
seed_0064_1780276325::6,boa constrictor,2,2,64,13,18,6,0,0,0.45753562450408936,0.2405385971069336,0.0,0
seed_0064_1780276325::7,boa constrictor,2,2,64,10,285,276,0,0,0.08316349983215332,0.17855405807495117,0.0,0
seed_0064_1780276325::8,boa constrictor,2,2,64,27,254,228,0,0,0.05715298652648926,0.48906373977661133,0.0,0
seed_0064_1780276325::9,boa constrictor,2,2,64,15,19,5,0,0,0.01371145248413086,0.34695374965667725,0.0,0
seed_0065_1780489548::0,boa constrictor,2,2,65,30,233,204,0,0,0.62213134765625,0.8484907150268555,0.0,0
seed_0065_1780489548::1,boa constrictor,2,2,65,28,233,206,0,0,0.25632810592651367,0.28558921813964844,0.0,0
seed_0065_1780489548::10,boa constrictor,2,2,65,17,18,2,0,0,0.5399153232574463,0.23477625846862793,0.0,0
seed_0065_1780489548::11,boa constrictor,2,2,65,24,232,209,0,0,0.03991532325744629,0.46521472930908203,0.0,0
seed_0065_1780489548::12,boa constrictor,2,2,65,29,232,204,0,0,0.01691722869873047,0.6345773935317993,0.0,0
seed_0065_1780489548::13,boa constrictor,2,2,65,30,195,166,0,0,0.38704442977905273,0.8230205774307251,0.0,0
seed_0065_1780489548::14,boa constrictor,2,2,65,17,17,1,0,0,0.6523970365524292,0.26744771003723145,0.0,0
seed_0065_1780489548::15,boa constrictor,2,2,65,19,19,1,0,0,0.4338020086288452,0.5239756107330322,0.0,0
seed_0065_1780489548::2,boa constrictor,2,2,65,22,232,211,0,0,0.09688782691955566,0.3428328037261963,0.0,0
seed_0065_1780489548::3,boa constrictor,2,2,65,20,20,1,0,0,0.9260557889938354,0.43239903450012207,0.0,0
seed_0065_1780489548::4,boa constrictor,2,2,65,19,19,1,0,0,0.011490583419799805,0.43239903450012207,0.0,0
seed_0065_1780489548::5,boa constrictor,2,2,65,27,232,206,0,0,0.03589284420013428,0.4678668975830078,0.0,0
seed_0065_1780489548::6,boa constrictor,2,2,65,28,230,203,0,0,0.2124418020248413,0.06538307666778564,0.0,0
seed_0065_1780489548::7,boa constrictor,2,2,65,29,231,203,0,0,0.1632673740386963,0.42812561988830566,0.0,0
seed_0065_1780489548::8,boa constrictor,2,2,65,28,205,178,0,0,0.23280787467956543,0.42357003688812256,0.0,0
seed_0065_1780489548::9,boa constrictor,2,2,65,17,18,2,0,0,0.9043980836868286,0.6929994821548462,0.0,0
seed_0066_1780283706::0,cello,0,0,66,30,235,206,0,0,0.45534396171569824,1.9789047241210938,0.0,0
seed_0066_1780283706::1,cello,0,0,66,30,235,206,2,0,0.18134379386901855,0.10867619514465332,6.666666666666667,0
seed_0066_1780283706::10,cello,0,0,66,30,233,204,0,0,0.6680102348327637,2.233644485473633,0.0,0
seed_0066_1780283706::11,cello,0,0,66,29,232,204,0,0,0.902667760848999,3.624553680419922,0.0,0
seed_0066_1780283706::12,cello,0,0,66,30,234,205,2,0,0.45809340476989746,0.8872809410095215,6.666666666666667,0
seed_0066_1780283706::13,cello,0,0,66,30,233,204,0,0,0.5595901012420654,0.5219388008117676,0.0,0
seed_0066_1780283706::14,cello,0,0,66,28,235,208,0,0,0.9726157188415527,2.4756593704223633,0.0,0
seed_0066_1780283706::15,cello,0,0,66,30,204,175,0,0,1.0853428840637207,0.8025765419006348,0.0,0
seed_0066_1780283706::16,cello,0,0,66,30,211,182,0,0,0.27907395362854004,0.31565070152282715,0.0,0
seed_0066_1780283706::17,cello,0,0,66,30,202,173,0,0,0.7559409141540527,2.797919511795044,0.0,0
seed_0066_1780283706::18,cello,0,0,66,18,20,3,0,0,4.009889125823975,2.816044330596924,0.0,0
seed_0066_1780283706::19,cello,0,0,66,18,20,3,0,0,1.8701095581054688,4.20736026763916,0.0,0
seed_0066_1780283706::2,cello,0,0,66,30,233,204,16,0,0.06379890441894531,0.9556069374084473,53.333333333333336,0
seed_0066_1780283706::20,cello,0,0,66,30,233,204,0,0,0.3331918716430664,4.027042388916016,0.0,0
seed_0066_1780283706::21,cello,0,0,66,30,235,206,2,0,0.2506556510925293,0.13443779945373535,6.666666666666667,0
seed_0066_1780283706::22,cello,0,0,66,29,235,207,0,0,0.8015611171722412,2.6515283584594727,0.0,0
seed_0066_1780283706::23,cello,0,0,66,30,234,205,0,0,0.3049650192260742,2.5919549465179443,0.0,0
seed_0066_1780283706::24,cello,0,0,66,30,235,206,7,0,-0.09171223640441895,1.2175793647766113,23.333333333333332,0
seed_0066_1780283706::25,cello,0,0,66,30,204,175,0,0,0.8124723434448242,0.8534200191497803,0.0,0
seed_0066_1780283706::26,cello,0,0,66,28,212,185,0,0,1.0678856372833252,4.022675514221191,0.0,0
seed_0066_1780283706::27,cello,0,0,66,30,205,176,2,0,0.2902812957763672,1.5661327838897705,6.666666666666667,0
seed_0066_1780283706::28,cello,0,0,66,11,15,5,0,0,3.621352434158325,5.312561988830566,0.0,0
seed_0066_1780283706::29,cello,0,0,66,13,17,5,0,0,2.7773196697235107,4.23724889755249,0.0,0
seed_0066_1780283706::3,cello,0,0,66,28,234,207,0,0,0.5753011703491211,1.4186036586761475,0.0,0
seed_0066_1780283706::4,cello,0,0,66,29,233,205,8,0,0.06703972816467285,2.148273229598999,27.586206896551722,0
seed_0066_1780283706::5,cello,0,0,66,30,207,178,0,0,0.326678991317749,0.2613964080810547,0.0,0
seed_0066_1780283706::6,cello,0,0,66,30,203,174,0,0,0.7370190620422363,5.252982139587402,0.0,0
seed_0066_1780283706::7,cello,0,0,66,30,202,173,0,0,1.1383161544799805,4.906904220581055,0.0,0
seed_0066_1780283706::8,cello,0,0,66,18,17,0,0,0,3.396266460418701,2.6315102577209473,0.0,0
seed_0066_1780283706::9,cello,0,0,66,15,19,5,0,0,1.9726660251617432,2.996730327606201,0.0,0
seed_0067_1780491913::0,cello,0,0,67,30,283,254,0,12,2.838923692703247,3.1174216270446777,0.0,0
seed_0067_1780491913::1,cello,0,0,67,30,284,255,0,6,1.5066065788269043,1.7232635021209717,0.0,0
seed_0067_1780491913::10,cello,0,0,67,30,276,247,0,0,2.652599334716797,2.2314581871032715,0.0,0
seed_0067_1780491913::11,cello,0,0,67,30,286,257,0,0,2.403089761734009,2.9594011306762695,0.0,0
seed_0067_1780491913::12,cello,0,0,67,30,283,254,0,0,3.62552809715271,3.768681049346924,0.0,0
seed_0067_1780491913::13,cello,0,0,67,30,283,254,0,0,4.518834590911865,4.376486778259277,0.0,0
seed_0067_1780491913::14,cello,0,0,67,30,282,253,0,0,2.2568857669830322,2.167880058288574,0.0,0
seed_0067_1780491913::15,cello,0,0,67,30,233,204,0,8,4.019067764282227,3.220576047897339,0.0,0
seed_0067_1780491913::16,cello,0,0,67,30,251,222,0,0,2.777883529663086,3.206505298614502,0.0,0
seed_0067_1780491913::17,cello,0,0,67,30,237,208,0,2,3.2536325454711914,3.687751293182373,0.0,0
seed_0067_1780491913::18,cello,0,0,67,30,61,32,0,0,4.561990737915039,3.826892852783203,0.0,0
seed_0067_1780491913::19,cello,0,0,67,30,61,32,0,7,2.8423664569854736,3.9256415367126465,0.0,0
seed_0067_1780491913::2,cello,0,0,67,30,282,253,0,2,2.4813461303710938,2.8706588745117188,0.0,0
seed_0067_1780491913::20,cello,0,0,67,30,283,254,0,10,3.6112520694732666,2.641747236251831,0.0,0
seed_0067_1780491913::21,cello,0,0,67,30,282,253,0,12,3.0558061599731445,3.368173122406006,0.0,0
seed_0067_1780491913::22,cello,0,0,67,30,286,257,0,2,3.0115697383880615,3.340198516845703,0.0,0
seed_0067_1780491913::23,cello,0,0,67,30,286,257,0,2,4.257943153381348,4.058619976043701,0.0,0
seed_0067_1780491913::24,cello,0,0,67,30,286,257,0,1,3.7044899463653564,3.1183583736419678,0.0,0
seed_0067_1780491913::25,cello,0,0,67,30,246,217,0,0,1.7924094200134277,2.596106767654419,0.0,0
seed_0067_1780491913::26,cello,0,0,67,30,242,213,0,0,2.769984722137451,1.4562559127807617,0.0,0
seed_0067_1780491913::27,cello,0,0,67,30,244,215,0,2,1.3462066650390625,1.6973936557769775,0.0,0
seed_0067_1780491913::28,cello,0,0,67,30,50,21,0,8,2.655587911605835,5.113438606262207,0.0,0
seed_0067_1780491913::29,cello,0,0,67,30,50,21,0,6,3.204252243041992,2.8068275451660156,0.0,0
seed_0067_1780491913::3,cello,0,0,67,30,281,252,0,10,3.415559768676758,3.2946441173553467,0.0,0
seed_0067_1780491913::4,cello,0,0,67,30,284,255,0,11,3.477341413497925,3.8335049152374268,0.0,0
seed_0067_1780491913::5,cello,0,0,67,30,240,211,0,10,3.6016063690185547,3.030308246612549,0.0,0
seed_0067_1780491913::6,cello,0,0,67,30,255,226,0,0,1.9730606079101562,2.148106575012207,0.0,0
seed_0067_1780491913::7,cello,0,0,67,30,252,223,0,0,2.33746600151062,2.128075361251831,0.0,0
seed_0067_1780491913::8,cello,0,0,67,30,62,33,0,14,3.645848035812378,3.4445667266845703,0.0,0
seed_0067_1780491913::9,cello,0,0,67,30,62,33,0,7,2.020533800125122,4.4304070472717285,0.0,0
seed_0068_1780292716::0,cello,0,0,68,30,233,204,2,0,0.35613012313842773,2.206027030944824,6.666666666666667,0
seed_0068_1780292716::1,cello,0,0,68,30,234,205,8,0,0.15012717247009277,2.6630492210388184,26.666666666666668,0
seed_0068_1780292716::10,cello,0,0,68,30,230,201,0,0,0.5538289546966553,0.7743363380432129,0.0,0
seed_0068_1780292716::11,cello,0,0,68,30,230,201,0,0,1.0507113933563232,1.7173762321472168,0.0,0
seed_0068_1780292716::12,cello,0,0,68,30,231,202,0,0,0.5769271850585938,0.9224936962127686,0.0,0
seed_0068_1780292716::13,cello,0,0,68,30,235,206,10,0,0.1733262538909912,0.23936104774475098,33.333333333333336,0
seed_0068_1780292716::14,cello,0,0,68,30,202,173,3,0,-0.03382754325866699,0.26560544967651367,10.0,0
seed_0068_1780292716::15,cello,0,0,68,30,205,176,0,0,0.6059534549713135,3.1750612258911133,0.0,0
seed_0068_1780292716::16,cello,0,0,68,30,199,170,0,0,0.6300365924835205,2.080345630645752,0.0,0
seed_0068_1780292716::17,cello,0,0,68,30,31,2,0,0,3.210413932800293,0.9285838603973389,0.0,0
seed_0068_1780292716::18,cello,0,0,68,30,232,203,0,0,0.14517450332641602,0.14755725860595703,0.0,0
seed_0068_1780292716::19,cello,0,0,68,30,231,202,4,0,0.17158889770507812,1.971414566040039,13.333333333333334,0
seed_0068_1780292716::2,cello,0,0,68,30,233,204,0,0,0.3251829147338867,1.7867705821990967,0.0,0
seed_0068_1780292716::20,cello,0,0,68,30,234,205,6,0,-0.03173112869262695,-0.2944519519805908,20.0,0
seed_0068_1780292716::21,cello,0,0,68,30,232,203,0,0,0.40717077255249023,1.047140121459961,0.0,0
seed_0068_1780292716::22,cello,0,0,68,30,232,203,0,0,0.7020382881164551,2.5185067653656006,0.0,0
seed_0068_1780292716::23,cello,0,0,68,30,200,171,13,0,-0.09250807762145996,0.06610918045043945,43.333333333333336,0
seed_0068_1780292716::24,cello,0,0,68,30,203,174,0,0,0.2600834369659424,0.918076753616333,0.0,0
seed_0068_1780292716::25,cello,0,0,68,30,206,177,0,0,0.14338207244873047,2.2163093090057373,0.0,0
seed_0068_1780292716::26,cello,0,0,68,27,27,1,0,0,2.649709463119507,1.2251203060150146,0.0,0
seed_0068_1780292716::27,cello,0,0,68,28,27,0,0,0,1.8905603885650635,0.9285838603973389,0.0,0
seed_0068_1780292716::3,cello,0,0,68,30,235,206,0,0,0.7262053489685059,2.7668652534484863,0.0,0
seed_0068_1780292716::4,cello,0,0,68,30,234,205,2,0,0.4775869846343994,0.29033637046813965,6.666666666666667,0
seed_0068_1780292716::5,cello,0,0,68,30,205,176,0,0,0.5193214416503906,1.257751226425171,0.0,0
seed_0068_1780292716::6,cello,0,0,68,30,209,180,12,0,-0.12324833869934082,-0.02824091911315918,40.0,0
seed_0068_1780292716::7,cello,0,0,68,30,204,175,4,0,0.15362930297851562,1.9301249980926514,13.333333333333334,0
seed_0068_1780292716::8,cello,0,0,68,29,31,3,0,0,2.8626718521118164,1.2251203060150146,0.0,0
seed_0068_1780292716::9,cello,0,0,68,30,234,205,0,0,0.8414287567138672,1.3093585968017578,0.0,0
seed_0069_1780504147::0,cello,0,1,69,30,236,207,0,0,1.2544276714324951,2.3920469284057617,0.0,0
seed_0069_1780504147::1,cello,0,1,69,30,235,206,0,0,0.6951298713684082,1.3592641353607178,0.0,0
seed_0069_1780504147::10,cello,0,1,69,30,235,206,0,0,0.6806008815765381,1.0555970668792725,0.0,0
seed_0069_1780504147::11,cello,0,1,69,30,232,203,0,0,0.4510197639465332,2.1874544620513916,0.0,0
seed_0069_1780504147::12,cello,0,1,69,30,235,206,0,0,0.4378201961517334,0.4514472484588623,0.0,0
seed_0069_1780504147::13,cello,0,1,69,30,235,206,0,0,1.1559784412384033,1.9213969707489014,0.0,0
seed_0069_1780504147::14,cello,0,1,69,30,203,174,0,0,0.5734608173370361,1.157792568206787,0.0,0
seed_0069_1780504147::15,cello,0,1,69,30,208,179,0,0,0.8718404769897461,2.5421059131622314,0.0,0
seed_0069_1780504147::16,cello,0,1,69,30,199,170,0,0,0.41351318359375,0.8424034118652344,0.0,0
seed_0069_1780504147::17,cello,0,1,69,27,28,2,0,0,3.007016658782959,0.580784797668457,0.0,0
seed_0069_1780504147::18,cello,0,1,69,29,29,1,0,0,5.002990245819092,0.5922493934631348,0.0,0
seed_0069_1780504147::19,cello,0,1,69,30,234,205,0,0,0.833406925201416,1.0024855136871338,0.0,0
seed_0069_1780504147::2,cello,0,1,69,30,236,207,0,0,1.2724494934082031,2.861684799194336,0.0,0
seed_0069_1780504147::20,cello,0,1,69,28,234,207,0,0,0.6972501277923584,2.0748984813690186,0.0,0
seed_0069_1780504147::21,cello,0,1,69,30,231,202,0,0,1.1874818801879883,1.5456264019012451,0.0,0
seed_0069_1780504147::22,cello,0,1,69,30,235,206,0,0,1.0460238456726074,4.354554176330566,0.0,0
seed_0069_1780504147::23,cello,0,1,69,30,236,207,0,0,0.869356632232666,2.1321182250976562,0.0,0
seed_0069_1780504147::24,cello,0,1,69,30,212,183,0,0,0.49366164207458496,0.8953168392181396,0.0,0
seed_0069_1780504147::25,cello,0,1,69,30,211,182,0,0,0.46727752685546875,1.3031492233276367,0.0,0
seed_0069_1780504147::26,cello,0,1,69,29,217,189,0,0,1.1090128421783447,1.8000283241271973,0.0,0
seed_0069_1780504147::3,cello,0,1,69,30,235,206,0,0,1.197772741317749,2.3054943084716797,0.0,0
seed_0069_1780504147::4,cello,0,1,69,30,234,205,0,0,0.920555591583252,0.5848391056060791,0.0,0
seed_0069_1780504147::5,cello,0,1,69,30,214,185,0,0,0.7295174598693848,2.085210084915161,0.0,0
seed_0069_1780504147::6,cello,0,1,69,30,212,183,0,0,0.5500903129577637,2.6702208518981934,0.0,0
seed_0069_1780504147::7,cello,0,1,69,30,203,174,0,0,0.7764763832092285,0.9314720630645752,0.0,0
seed_0069_1780504147::8,cello,0,1,69,28,30,3,0,0,4.341770648956299,0.8618407249450684,0.0,0
seed_0069_1780504147::9,cello,0,1,69,30,232,203,0,0,0.4099080562591553,0.9901840686798096,0.0,0
seed_0070_1780301888::0,cello,0,1,70,30,283,254,0,0,3.030980110168457,1.9901480674743652,0.0,0
seed_0070_1780301888::1,cello,0,1,70,9,284,276,0,0,1.9633668661117554,1.9078359603881836,0.0,0
seed_0070_1780301888::10,cello,0,1,70,30,284,255,0,0,2.2380902767181396,2.8595728874206543,0.0,0
seed_0070_1780301888::11,cello,0,1,70,30,285,256,0,0,4.699514389038086,4.575065612792969,0.0,0
seed_0070_1780301888::12,cello,0,1,70,27,284,258,0,0,3.2274816036224365,2.582770824432373,0.0,0
seed_0070_1780301888::13,cello,0,1,70,12,282,271,0,0,2.4840612411499023,2.326317548751831,0.0,0
seed_0070_1780301888::14,cello,0,1,70,23,247,225,0,0,4.755805969238281,5.2693681716918945,0.0,0
seed_0070_1780301888::15,cello,0,1,70,30,239,210,0,0,1.720393180847168,1.5543038845062256,0.0,0
seed_0070_1780301888::16,cello,0,1,70,30,226,197,0,0,3.8696601390838623,2.9272284507751465,0.0,0
seed_0070_1780301888::17,cello,0,1,70,30,284,255,0,0,2.3624653816223145,1.7819855213165283,0.0,0
seed_0070_1780301888::18,cello,0,1,70,26,286,261,0,0,3.4591078758239746,3.720837116241455,0.0,0
seed_0070_1780301888::19,cello,0,1,70,2,285,284,0,0,2.285973072052002,2.3977482318878174,0.0,0
seed_0070_1780301888::2,cello,0,1,70,24,285,262,0,0,3.542997121810913,4.015303611755371,0.0,0
seed_0070_1780301888::20,cello,0,1,70,30,251,222,0,0,1.400590419769287,0.6761455535888672,0.0,0
seed_0070_1780301888::21,cello,0,1,70,30,245,216,0,0,4.3610944747924805,3.845149278640747,0.0,0
seed_0070_1780301888::22,cello,0,1,70,29,238,210,0,0,2.9632513523101807,2.774411916732788,0.0,0
seed_0070_1780301888::23,cello,0,1,70,30,30,1,0,0,1.8802082538604736,0.6590609550476074,0.0,0
seed_0070_1780301888::3,cello,0,1,70,30,285,256,0,0,2.212270498275757,3.162986993789673,0.0,0
seed_0070_1780301888::4,cello,0,1,70,30,282,253,0,0,2.8089497089385986,3.0242984294891357,0.0,0
seed_0070_1780301888::5,cello,0,1,70,30,256,227,0,0,2.624364137649536,2.9278347492218018,0.0,0
seed_0070_1780301888::6,cello,0,1,70,30,248,219,0,0,2.5067577362060547,3.384488582611084,0.0,0
seed_0070_1780301888::7,cello,0,1,70,30,254,225,0,0,2.2365546226501465,1.8385660648345947,0.0,0
seed_0070_1780301888::8,cello,0,1,70,30,31,2,0,0,1.0038540363311768,0.6590609550476074,0.0,0
seed_0070_1780301888::9,cello,0,1,70,30,31,2,0,0,3.2886462211608887,0.6590609550476074,0.0,0
seed_0071_1780512858::0,cello,0,1,71,30,235,206,0,0,0.7970123291015625,0.8830666542053223,0.0,0
seed_0071_1780512858::1,cello,0,1,71,30,234,205,0,0,0.5815236568450928,1.2911438941955566,0.0,0
seed_0071_1780512858::10,cello,0,1,71,30,234,205,0,0,0.4764261245727539,0.7516593933105469,0.0,0
seed_0071_1780512858::11,cello,0,1,71,26,232,207,0,0,1.0685480833053589,2.013737678527832,0.0,0
seed_0071_1780512858::12,cello,0,1,71,26,233,208,0,0,0.7793359756469727,3.681062698364258,0.0,0
seed_0071_1780512858::13,cello,0,1,71,30,202,173,0,0,0.836036205291748,0.7097494602203369,0.0,0
seed_0071_1780512858::14,cello,0,1,71,30,203,174,0,0,0.263291597366333,3.0143187046051025,0.0,0
seed_0071_1780512858::15,cello,0,1,71,30,209,180,0,0,1.2135412693023682,2.9059360027313232,0.0,0
seed_0071_1780512858::16,cello,0,1,71,27,233,207,0,0,0.9116256237030029,2.375295400619507,0.0,0
seed_0071_1780512858::17,cello,0,1,71,28,232,205,0,0,1.1599345207214355,3.341928005218506,0.0,0
seed_0071_1780512858::18,cello,0,1,71,28,234,207,0,0,1.2951147556304932,3.6492350101470947,0.0,0
seed_0071_1780512858::19,cello,0,1,71,30,232,203,0,0,1.1302425861358643,2.031930446624756,0.0,0
seed_0071_1780512858::2,cello,0,1,71,30,236,207,0,0,0.21519041061401367,0.5283510684967041,0.0,0
seed_0071_1780512858::20,cello,0,1,71,30,234,205,0,0,1.0598654747009277,2.96919846534729,0.0,0
seed_0071_1780512858::21,cello,0,1,71,24,208,185,0,0,0.7589364051818848,4.997434139251709,0.0,0
seed_0071_1780512858::22,cello,0,1,71,30,219,190,0,0,0.5511813163757324,2.8186216354370117,0.0,0
seed_0071_1780512858::23,cello,0,1,71,30,208,179,0,0,0.6238958835601807,3.1275017261505127,0.0,0
seed_0071_1780512858::24,cello,0,1,71,20,21,2,0,0,3.897151470184326,0.554530143737793,0.0,0
seed_0071_1780512858::3,cello,0,1,71,30,235,206,0,0,1.0231821537017822,2.93318510055542,0.0,0
seed_0071_1780512858::4,cello,0,1,71,30,236,207,0,0,0.6304171085357666,1.0047941207885742,0.0,0
seed_0071_1780512858::5,cello,0,1,71,30,207,178,0,0,0.7927770614624023,0.7713334560394287,0.0,0
seed_0071_1780512858::6,cello,0,1,71,30,209,180,0,0,0.8994569778442383,3.5868494510650635,0.0,0
seed_0071_1780512858::7,cello,0,1,71,30,206,177,0,0,0.13305330276489258,0.2319777011871338,0.0,0
seed_0071_1780512858::8,cello,0,1,71,30,232,203,0,0,1.2948479652404785,3.910533905029297,0.0,0
seed_0071_1780512858::9,cello,0,1,71,24,232,209,0,0,1.123748540878296,4.445163249969482,0.0,0
seed_0072_1780310846::0,cello,0,2,72,30,232,203,12,0,0.008316516876220703,0.08043813705444336,40.0,0
seed_0072_1780310846::1,cello,0,2,72,30,233,204,0,0,0.40654802322387695,0.30800580978393555,0.0,0
seed_0072_1780310846::10,cello,0,2,72,30,233,204,0,0,0.34336018562316895,0.4231424331665039,0.0,0
seed_0072_1780310846::11,cello,0,2,72,30,232,203,0,0,0.41921377182006836,0.5155811309814453,0.0,0
seed_0072_1780310846::12,cello,0,2,72,30,232,203,0,0,0.6263365745544434,0.3701138496398926,0.0,0
seed_0072_1780310846::13,cello,0,2,72,30,230,201,9,0,0.14485764503479004,-0.10444879531860352,30.0,0
seed_0072_1780310846::14,cello,0,2,72,30,207,178,0,0,1.1770782470703125,1.5523040294647217,0.0,0
seed_0072_1780310846::15,cello,0,2,72,30,203,174,0,0,0.8026144504547119,0.7038314342498779,0.0,0
seed_0072_1780310846::16,cello,0,2,72,30,196,167,0,0,1.7226707935333252,1.2117021083831787,0.0,0
seed_0072_1780310846::17,cello,0,2,72,30,32,3,0,0,3.527177572250366,1.2286601066589355,0.0,0
seed_0072_1780310846::18,cello,0,2,72,28,34,7,0,0,2.970773220062256,1.0618360042572021,0.0,0
seed_0072_1780310846::19,cello,0,2,72,30,230,201,0,0,0.5016217231750488,0.650280237197876,0.0,0
seed_0072_1780310846::2,cello,0,2,72,30,231,202,0,0,0.42923903465270996,0.19086241722106934,0.0,0
seed_0072_1780310846::20,cello,0,2,72,30,230,201,0,0,0.7733020782470703,0.9078314304351807,0.0,0
seed_0072_1780310846::21,cello,0,2,72,30,228,199,0,0,0.1216585636138916,0.29522180557250977,0.0,0
seed_0072_1780310846::22,cello,0,2,72,30,228,199,0,0,0.050200462341308594,1.6948719024658203,0.0,0
seed_0072_1780310846::23,cello,0,2,72,30,230,201,0,0,0.34950733184814453,0.27617955207824707,0.0,0
seed_0072_1780310846::24,cello,0,2,72,30,212,183,0,0,0.602532148361206,0.5288956165313721,0.0,0
seed_0072_1780310846::25,cello,0,2,72,30,205,176,0,0,0.5732667446136475,0.33345985412597656,0.0,0
seed_0072_1780310846::26,cello,0,2,72,30,200,171,0,0,0.10086679458618164,0.26912713050842285,0.0,0
seed_0072_1780310846::27,cello,0,2,72,30,34,5,0,0,3.416236400604248,0.7198615074157715,0.0,0
seed_0072_1780310846::28,cello,0,2,72,30,32,3,0,0,3.3153178691864014,0.7198615074157715,0.0,0
seed_0072_1780310846::3,cello,0,2,72,30,233,204,0,0,0.5717577934265137,0.5298593044281006,0.0,0
seed_0072_1780310846::4,cello,0,2,72,30,231,202,8,0,-0.10072159767150879,-0.23844027519226074,26.666666666666668,0
seed_0072_1780310846::5,cello,0,2,72,30,200,171,0,0,0.6909160614013672,0.37951183319091797,0.0,0
seed_0072_1780310846::6,cello,0,2,72,30,204,175,0,0,0.24479913711547852,0.4739546775817871,0.0,0
seed_0072_1780310846::7,cello,0,2,72,30,204,175,0,0,0.7367775440216064,1.135542631149292,0.0,0
seed_0072_1780310846::8,cello,0,2,72,30,43,14,0,0,3.031296730041504,0.4776167869567871,0.0,0
seed_0072_1780310846::9,cello,0,2,72,30,234,205,0,0,0.24062275886535645,0.300487756729126,0.0,0
seed_0073_1780521725::0,cello,0,2,73,11,286,276,0,0,3.576371669769287,3.4932034015655518,0.0,0
seed_0073_1780521725::1,cello,0,2,73,30,287,258,0,0,2.2803053855895996,1.6358058452606201,0.0,0
seed_0073_1780521725::10,cello,0,2,73,22,288,267,0,0,2.9463741779327393,2.781697988510132,0.0,0
seed_0073_1780521725::11,cello,0,2,73,14,287,274,0,0,3.568369150161743,3.627279043197632,0.0,0
seed_0073_1780521725::12,cello,0,2,73,30,251,222,0,0,2.894944667816162,3.168109893798828,0.0,0
seed_0073_1780521725::13,cello,0,2,73,16,19,4,0,0,3.4875402450561523,2.834810733795166,0.0,0
seed_0073_1780521725::14,cello,0,2,73,30,288,259,0,0,1.9584369659423828,1.654458999633789,0.0,0
seed_0073_1780521725::15,cello,0,2,73,26,287,262,0,0,3.383991003036499,3.082771062850952,0.0,0
seed_0073_1780521725::16,cello,0,2,73,30,286,257,0,0,3.1472060680389404,3.123109817504883,0.0,0
seed_0073_1780521725::17,cello,0,2,73,30,288,259,0,0,1.93479323387146,2.0038561820983887,0.0,0
seed_0073_1780521725::18,cello,0,2,73,11,243,233,0,0,3.3485403060913086,3.3937628269195557,0.0,0
seed_0073_1780521725::19,cello,0,2,73,30,252,223,0,0,2.4502806663513184,2.46055269241333,0.0,0
seed_0073_1780521725::2,cello,0,2,73,30,287,258,0,0,2.4187610149383545,1.8582537174224854,0.0,0
seed_0073_1780521725::3,cello,0,2,73,22,237,216,0,0,2.835700035095215,2.8776497840881348,0.0,0
seed_0073_1780521725::4,cello,0,2,73,2,255,254,0,0,3.88456130027771,3.461872100830078,0.0,0
seed_0073_1780521725::5,cello,0,2,73,30,241,212,0,0,1.5402913093566895,3.428835153579712,0.0,0
seed_0073_1780521725::6,cello,0,2,73,18,19,2,0,0,2.9801437854766846,3.0428380966186523,0.0,0
seed_0073_1780521725::7,cello,0,2,73,18,19,2,0,0,2.978315591812134,3.0428380966186523,0.0,0
seed_0073_1780521725::9,cello,0,2,73,27,287,261,0,0,4.074675559997559,4.264208793640137,0.0,0
seed_0074_1780320163::0,cello,0,2,74,30,232,203,0,0,0.688180685043335,1.5000605583190918,0.0,0
seed_0074_1780320163::1,cello,0,2,74,30,230,201,8,0,0.09047937393188477,1.1942706108093262,26.666666666666668,0
seed_0074_1780320163::10,cello,0,2,74,30,233,204,7,0,-0.040833473205566406,0.6691670417785645,23.333333333333332,0
seed_0074_1780320163::11,cello,0,2,74,30,234,205,0,0,0.71584153175354,2.048623561859131,0.0,0
seed_0074_1780320163::12,cello,0,2,74,26,233,208,0,0,0.9553351402282715,2.008829116821289,0.0,0
seed_0074_1780320163::13,cello,0,2,74,30,206,177,0,0,0.7494995594024658,4.356157302856445,0.0,0
seed_0074_1780320163::14,cello,0,2,74,30,203,174,0,0,0.5300977230072021,1.7523068189620972,0.0,0
seed_0074_1780320163::15,cello,0,2,74,30,210,181,0,0,0.7597205638885498,1.9852221012115479,0.0,0
seed_0074_1780320163::16,cello,0,2,74,30,234,205,0,0,0.39090776443481445,0.5248830318450928,0.0,0
seed_0074_1780320163::17,cello,0,2,74,30,234,205,0,0,0.3371920585632324,1.3348166942596436,0.0,0
seed_0074_1780320163::18,cello,0,2,74,30,234,205,0,0,0.36916112899780273,0.32653236389160156,0.0,0
seed_0074_1780320163::19,cello,0,2,74,30,233,204,0,0,0.4060490131378174,0.7924187183380127,0.0,0
seed_0074_1780320163::2,cello,0,2,74,30,231,202,3,0,-0.17569804191589355,2.106182336807251,10.0,0
seed_0074_1780320163::20,cello,0,2,74,30,235,206,0,0,0.5351557731628418,2.5077407360076904,0.0,0
seed_0074_1780320163::21,cello,0,2,74,30,209,180,7,0,-0.03660011291503906,0.6372315883636475,23.333333333333332,0
seed_0074_1780320163::22,cello,0,2,74,30,202,173,0,0,0.5182278156280518,0.8308603763580322,0.0,0
seed_0074_1780320163::23,cello,0,2,74,30,210,181,3,0,-0.012369632720947266,0.5105245113372803,10.0,0
seed_0074_1780320163::24,cello,0,2,74,28,33,6,0,0,5.251593589782715,1.5107331275939941,0.0,0
seed_0074_1780320163::25,cello,0,2,74,29,34,6,0,0,3.963622808456421,0.7083330154418945,0.0,0
seed_0074_1780320163::3,cello,0,2,74,30,231,202,0,0,0.573904275894165,1.4642376899719238,0.0,0
seed_0074_1780320163::4,cello,0,2,74,30,232,203,0,0,0.5502791404724121,2.8927743434906006,0.0,0
seed_0074_1780320163::5,cello,0,2,74,30,205,176,6,0,0.16959381103515625,3.6106977462768555,20.0,0
seed_0074_1780320163::6,cello,0,2,74,30,203,174,0,0,0.7745356559753418,3.2224159240722656,0.0,0
seed_0074_1780320163::7,cello,0,2,74,30,209,180,0,0,1.379162073135376,3.484132766723633,0.0,0
seed_0074_1780320163::8,cello,0,2,74,30,234,205,0,0,0.6710309982299805,0.7125473022460938,0.0,0
seed_0074_1780320163::9,cello,0,2,74,30,232,203,4,0,-0.014969587326049805,-0.15590381622314453,13.333333333333334,0
seed_0075_1780529902::0,cello,1,0,75,30,215,186,0,0,0.6474120616912842,1.3696000576019287,0.0,0
seed_0075_1780529902::1,cello,1,0,75,30,218,189,0,0,0.9240090847015381,0.8171906471252441,0.0,0
seed_0075_1780529902::10,cello,1,0,75,30,224,195,0,0,1.1489439010620117,1.9964995384216309,0.0,0
seed_0075_1780529902::11,cello,1,0,75,30,223,194,0,0,0.833275556564331,0.6497502326965332,0.0,0
seed_0075_1780529902::12,cello,1,0,75,30,217,188,0,0,0.5654289722442627,1.4648675918579102,0.0,0
seed_0075_1780529902::13,cello,1,0,75,30,219,190,0,0,0.7830662727355957,1.026637315750122,0.0,0
seed_0075_1780529902::14,cello,1,0,75,30,209,180,0,0,0.987523078918457,4.794191360473633,0.0,0
seed_0075_1780529902::15,cello,1,0,75,30,205,176,0,0,0.9194903373718262,0.8894340991973877,0.0,0
seed_0075_1780529902::16,cello,1,0,75,30,224,195,0,0,0.8419866561889648,1.0628740787506104,0.0,0
seed_0075_1780529902::17,cello,1,0,75,30,225,196,0,0,0.7996029853820801,0.8082692623138428,0.0,0
seed_0075_1780529902::18,cello,1,0,75,30,221,192,0,0,0.7776281833648682,0.5146365165710449,0.0,0
seed_0075_1780529902::19,cello,1,0,75,30,224,195,0,0,0.5904748439788818,1.6679363250732422,0.0,0
seed_0075_1780529902::2,cello,1,0,75,30,222,193,0,0,0.4821038246154785,0.3487884998321533,0.0,0
seed_0075_1780529902::20,cello,1,0,75,29,219,191,0,0,0.39566731452941895,2.041743040084839,0.0,0
seed_0075_1780529902::21,cello,1,0,75,30,214,185,0,0,0.8063037395477295,0.8541769981384277,0.0,0
seed_0075_1780529902::22,cello,1,0,75,30,201,172,0,0,1.281048059463501,1.6222107410430908,0.0,0
seed_0075_1780529902::23,cello,1,0,75,30,214,185,0,0,1.5815703868865967,3.1312832832336426,0.0,0
seed_0075_1780529902::24,cello,1,0,75,28,77,50,0,0,3.40828275680542,1.2155311107635498,0.0,0
seed_0075_1780529902::3,cello,1,0,75,30,223,194,0,0,1.0061235427856445,1.1216771602630615,0.0,0
seed_0075_1780529902::4,cello,1,0,75,30,223,194,0,0,0.4368102550506592,0.5779919624328613,0.0,0
seed_0075_1780529902::5,cello,1,0,75,30,198,169,0,0,1.584160566329956,1.1621131896972656,0.0,0
seed_0075_1780529902::6,cello,1,0,75,30,196,167,0,0,0.37797069549560547,0.7756285667419434,0.0,0
seed_0075_1780529902::7,cello,1,0,75,30,206,177,0,0,1.4157040119171143,2.618809223175049,0.0,0
seed_0075_1780529902::8,cello,1,0,75,30,225,196,0,0,0.9021005630493164,1.463042974472046,0.0,0
seed_0075_1780529902::9,cello,1,0,75,30,225,196,0,0,0.9263324737548828,1.1650941371917725,0.0,0
seed_0076_1780329372::0,cello,1,0,76,30,284,255,0,0,2.136169195175171,2.442136287689209,0.0,0
seed_0076_1780329372::1,cello,1,0,76,30,284,255,0,0,1.908064842224121,1.2040913105010986,0.0,0
seed_0076_1780329372::10,cello,1,0,76,30,260,231,0,0,3.27827787399292,1.3907585144042969,0.0,0
seed_0076_1780329372::11,cello,1,0,76,28,243,216,0,0,3.6095008850097656,4.655947208404541,0.0,0
seed_0076_1780329372::12,cello,1,0,76,13,13,1,2,0,0.5484411716461182,0.8221361637115479,15.384615384615385,0
seed_0076_1780329372::13,cello,1,0,76,28,285,258,0,0,3.057302474975586,2.68108868598938,0.0,0
seed_0076_1780329372::14,cello,1,0,76,30,286,257,0,0,2.835458755493164,3.8682501316070557,0.0,0
seed_0076_1780329372::15,cello,1,0,76,30,239,210,0,0,1.7639625072479248,1.887815237045288,0.0,0
seed_0076_1780329372::16,cello,1,0,76,30,241,212,0,0,2.1038618087768555,2.318392515182495,0.0,0
seed_0076_1780329372::17,cello,1,0,76,30,247,218,0,0,3.4363973140716553,3.533552408218384,0.0,0
seed_0076_1780329372::18,cello,1,0,76,16,15,0,0,0,0.9852867126464844,0.8221361637115479,0.0,0
seed_0076_1780329372::2,cello,1,0,76,30,285,256,0,0,2.5689899921417236,0.9603946208953857,0.0,0
seed_0076_1780329372::3,cello,1,0,76,30,237,208,0,0,1.9945976734161377,2.018662929534912,0.0,0
seed_0076_1780329372::4,cello,1,0,76,17,18,2,0,0,0.9978725910186768,0.636782169342041,0.0,0
seed_0076_1780329372::5,cello,1,0,76,17,18,2,0,0,0.5302882194519043,0.017447710037231445,0.0,0
seed_0076_1780329372::6,cello,1,0,76,25,284,260,0,0,3.7283332347869873,3.014481782913208,0.0,0
seed_0076_1780329372::7,cello,1,0,76,30,285,256,0,0,2.681112766265869,1.9655964374542236,0.0,0
seed_0076_1780329372::8,cello,1,0,76,30,284,255,0,0,2.7845659255981445,1.1734941005706787,0.0,0
seed_0076_1780329372::9,cello,1,0,76,30,284,255,0,0,2.1326675415039062,2.5448691844940186,0.0,0
seed_0077_1780538446::0,cello,1,0,77,30,236,207,0,0,0.5355689525604248,0.49233150482177734,0.0,0
seed_0077_1780538446::1,cello,1,0,77,26,235,210,0,0,0.8992688655853271,2.4259371757507324,0.0,0
seed_0077_1780538446::10,cello,1,0,77,30,235,206,0,0,1.6732697486877441,1.7519524097442627,0.0,0
seed_0077_1780538446::11,cello,1,0,77,27,236,210,0,0,1.2689321041107178,2.7970335483551025,0.0,0
seed_0077_1780538446::12,cello,1,0,77,30,236,207,2,0,0.18723702430725098,0.27701473236083984,6.666666666666667,0
seed_0077_1780538446::13,cello,1,0,77,23,236,214,0,0,0.8414521217346191,2.6996166706085205,0.0,0
seed_0077_1780538446::14,cello,1,0,77,27,201,175,0,0,0.7885587215423584,1.7862417697906494,0.0,0
seed_0077_1780538446::15,cello,1,0,77,26,204,179,0,0,0.8679735660552979,4.926154136657715,0.0,0
seed_0077_1780538446::16,cello,1,0,77,30,207,178,0,0,0.4302535057067871,0.48990464210510254,0.0,0
seed_0077_1780538446::17,cello,1,0,77,26,234,209,0,0,1.0365386009216309,3.3627514839172363,0.0,0
seed_0077_1780538446::18,cello,1,0,77,30,235,206,0,0,0.6784849166870117,2.666743755340576,0.0,0
seed_0077_1780538446::19,cello,1,0,77,30,235,206,0,0,0.9806578159332275,0.9216210842132568,0.0,0
seed_0077_1780538446::2,cello,1,0,77,30,235,206,0,0,0.609283447265625,0.5271022319793701,0.0,0
seed_0077_1780538446::20,cello,1,0,77,30,232,203,0,0,0.8044281005859375,1.0109193325042725,0.0,0
seed_0077_1780538446::21,cello,1,0,77,30,235,206,0,0,1.101010799407959,2.0451667308807373,0.0,0
seed_0077_1780538446::22,cello,1,0,77,29,211,183,0,0,1.3434474468231201,3.1046857833862305,0.0,0
seed_0077_1780538446::23,cello,1,0,77,29,205,177,4,0,0.2000434398651123,0.09926962852478027,13.793103448275861,0
seed_0077_1780538446::24,cello,1,0,77,30,200,171,0,0,1.3685815334320068,2.573296070098877,0.0,0
seed_0077_1780538446::25,cello,1,0,77,25,24,0,0,0,3.6799709796905518,0.621837854385376,0.0,0
seed_0077_1780538446::3,cello,1,0,77,28,234,207,0,0,0.8433809280395508,3.4737658500671387,0.0,0
seed_0077_1780538446::4,cello,1,0,77,23,235,213,0,0,0.9657634496688843,2.76702880859375,0.0,0
seed_0077_1780538446::5,cello,1,0,77,30,207,178,0,0,0.5880200862884521,3.2989659309387207,0.0,0
seed_0077_1780538446::6,cello,1,0,77,30,201,172,0,0,0.32724452018737793,1.256762981414795,0.0,0
seed_0077_1780538446::7,cello,1,0,77,30,210,181,0,0,1.9883620738983154,2.9177727699279785,0.0,0
seed_0077_1780538446::8,cello,1,0,77,28,28,1,0,0,4.049681663513184,0.4295847415924072,0.0,0
seed_0077_1780538446::9,cello,1,0,77,29,236,208,0,0,0.779144287109375,3.69360613822937,0.0,0
seed_0078_1780338231::0,cello,1,1,78,30,221,192,0,0,0.42864060401916504,0.5427229404449463,0.0,0
seed_0078_1780338231::1,cello,1,1,78,30,224,195,0,0,0.5546481609344482,0.8170061111450195,0.0,0
seed_0078_1780338231::10,cello,1,1,78,30,228,199,9,0,0.18662071228027344,-0.07875204086303711,30.0,0
seed_0078_1780338231::11,cello,1,1,78,30,226,197,0,0,0.4293656349182129,0.3757209777832031,0.0,0
seed_0078_1780338231::12,cello,1,1,78,30,228,199,8,0,0.24453997611999512,0.21379327774047852,26.666666666666668,0
seed_0078_1780338231::13,cello,1,1,78,30,229,200,0,0,0.6512160301208496,0.3061025142669678,0.0,0
seed_0078_1780338231::14,cello,1,1,78,30,228,199,2,0,0.581437349319458,0.30484533309936523,6.666666666666667,0
seed_0078_1780338231::15,cello,1,1,78,30,203,174,0,0,0.528963565826416,1.6747381687164307,0.0,0
seed_0078_1780338231::16,cello,1,1,78,30,204,175,0,0,0.17441105842590332,0.28204941749572754,0.0,0
seed_0078_1780338231::17,cello,1,1,78,30,201,172,0,0,0.4231095314025879,0.7877500057220459,0.0,0
seed_0078_1780338231::18,cello,1,1,78,30,64,35,0,0,4.202012062072754,0.34883618354797363,0.0,0
seed_0078_1780338231::19,cello,1,1,78,30,63,34,0,0,3.9308717250823975,0.16500401496887207,0.0,0
seed_0078_1780338231::2,cello,1,1,78,30,231,202,0,0,0.47314977645874023,0.3055558204650879,0.0,0
seed_0078_1780338231::20,cello,1,1,78,30,222,193,0,0,0.9180259704589844,0.8815398216247559,0.0,0
seed_0078_1780338231::21,cello,1,1,78,30,227,198,0,0,0.7897331714630127,0.4074370861053467,0.0,0
seed_0078_1780338231::22,cello,1,1,78,30,227,198,5,0,0.3116612434387207,-0.09788322448730469,16.666666666666668,0
seed_0078_1780338231::23,cello,1,1,78,30,227,198,1,0,-0.00213623046875,0.263474702835083,3.3333333333333335,0
seed_0078_1780338231::24,cello,1,1,78,30,225,196,20,0,-0.08434915542602539,-0.20068049430847168,66.66666666666667,0
seed_0078_1780338231::25,cello,1,1,78,30,207,178,0,0,0.4058725833892822,1.6343364715576172,0.0,0
seed_0078_1780338231::26,cello,1,1,78,30,202,173,0,0,1.0334737300872803,0.8280148506164551,0.0,0
seed_0078_1780338231::27,cello,1,1,78,30,205,176,0,0,0.34073686599731445,0.6712918281555176,0.0,0
seed_0078_1780338231::28,cello,1,1,78,30,66,37,0,0,3.8393852710723877,0.8611974716186523,0.0,0
seed_0078_1780338231::29,cello,1,1,78,30,65,36,2,0,3.1130635738372803,0.19359707832336426,6.666666666666667,0
seed_0078_1780338231::3,cello,1,1,78,30,225,196,0,0,0.30629801750183105,0.3313617706298828,0.0,0
seed_0078_1780338231::4,cello,1,1,78,30,227,198,0,0,0.19062304496765137,0.1842818260192871,0.0,0
seed_0078_1780338231::5,cello,1,1,78,30,205,176,0,0,0.40782785415649414,0.5865960121154785,0.0,0
seed_0078_1780338231::6,cello,1,1,78,30,211,182,0,0,0.992969274520874,1.2450404167175293,0.0,0
seed_0078_1780338231::7,cello,1,1,78,30,201,172,8,0,0.006013154983520508,0.46883606910705566,26.666666666666668,0
seed_0078_1780338231::8,cello,1,1,78,30,65,36,0,0,3.1608357429504395,0.7383298873901367,0.0,0
seed_0078_1780338231::9,cello,1,1,78,30,64,35,0,0,3.587327003479004,0.26068902015686035,0.0,0
seed_0079_1780547416::0,cello,1,1,79,29,287,259,0,0,2.084442377090454,1.8659107685089111,0.0,0
seed_0079_1780547416::1,cello,1,1,79,28,284,257,0,0,3.572112560272217,4.091793537139893,0.0,0
seed_0079_1780547416::10,cello,1,1,79,30,251,222,0,0,3.398710250854492,3.731802225112915,0.0,0
seed_0079_1780547416::11,cello,1,1,79,30,33,4,0,0,4.480378150939941,0.3039724826812744,0.0,0
seed_0079_1780547416::12,cello,1,1,79,30,286,257,0,0,2.0468862056732178,2.3427090644836426,0.0,0
seed_0079_1780547416::13,cello,1,1,79,30,288,259,0,0,3.7035422325134277,3.264219284057617,0.0,0
seed_0079_1780547416::14,cello,1,1,79,23,284,262,0,0,1.9835331439971924,2.2489023208618164,0.0,0
seed_0079_1780547416::15,cello,1,1,79,30,255,226,0,0,4.052669525146484,3.8383259773254395,0.0,0
seed_0079_1780547416::16,cello,1,1,79,30,235,206,0,0,1.7849454879760742,0.8876447677612305,0.0,0
seed_0079_1780547416::17,cello,1,1,79,27,248,222,0,0,2.575944423675537,4.099820137023926,0.0,0
seed_0079_1780547416::18,cello,1,1,79,28,29,2,0,0,3.4287612438201904,0.29897594451904297,0.0,0
seed_0079_1780547416::2,cello,1,1,79,30,281,252,0,0,1.8508669137954712,1.848822832107544,0.0,0
seed_0079_1780547416::3,cello,1,1,79,28,286,259,0,0,2.5850226879119873,2.744466781616211,0.0,0
seed_0079_1780547416::4,cello,1,1,79,30,249,220,0,0,1.054818868637085,0.9201333522796631,0.0,0
seed_0079_1780547416::5,cello,1,1,79,21,287,267,0,0,2.084359884262085,2.1825175285339355,0.0,0
seed_0079_1780547416::6,cello,1,1,79,26,286,261,0,0,2.842236280441284,2.848691940307617,0.0,0
seed_0079_1780547416::7,cello,1,1,79,30,286,257,0,0,1.8316032886505127,2.355262279510498,0.0,0
seed_0079_1780547416::8,cello,1,1,79,30,241,212,0,0,2.31396222114563,2.1967966556549072,0.0,0
seed_0079_1780547416::9,cello,1,1,79,30,244,215,0,0,3.6261675357818604,2.813081979751587,0.0,0
seed_0080_1780347687::0,cello,1,1,80,30,234,205,15,0,0.14326977729797363,-0.09647870063781738,50.0,0
seed_0080_1780347687::1,cello,1,1,80,30,230,201,0,0,0.3337666988372803,0.3802950382232666,0.0,0
seed_0080_1780347687::10,cello,1,1,80,30,227,198,0,0,0.4560260772705078,0.4119529724121094,0.0,0
seed_0080_1780347687::11,cello,1,1,80,30,233,204,0,0,0.23723959922790527,1.525590181350708,0.0,0
seed_0080_1780347687::12,cello,1,1,80,30,230,201,10,0,-0.038041114807128906,-0.08595919609069824,33.333333333333336,0
seed_0080_1780347687::13,cello,1,1,80,30,232,203,0,0,0.6783757209777832,0.5533459186553955,0.0,0
seed_0080_1780347687::14,cello,1,1,80,30,205,176,0,0,0.6614737510681152,0.7108316421508789,0.0,0
seed_0080_1780347687::15,cello,1,1,80,30,214,185,0,0,0.4577028751373291,0.2467813491821289,0.0,0
seed_0080_1780347687::16,cello,1,1,80,30,208,179,17,0,-0.14636993408203125,0.023914337158203125,56.666666666666664,0
seed_0080_1780347687::17,cello,1,1,80,30,39,10,0,0,3.876293897628784,0.4814610481262207,0.0,0
seed_0080_1780347687::18,cello,1,1,80,30,231,202,2,0,0.050363779067993164,0.17589735984802246,6.666666666666667,0
seed_0080_1780347687::19,cello,1,1,80,30,234,205,8,0,0.12686824798583984,0.14697551727294922,26.666666666666668,0
seed_0080_1780347687::2,cello,1,1,80,30,232,203,0,0,0.27718210220336914,0.6577160358428955,0.0,0
seed_0080_1780347687::20,cello,1,1,80,30,232,203,2,0,-0.2557835578918457,-0.22355175018310547,6.666666666666667,0
seed_0080_1780347687::21,cello,1,1,80,30,233,204,8,0,0.1117849349975586,0.1856074333190918,26.666666666666668,0
seed_0080_1780347687::22,cello,1,1,80,30,232,203,2,0,0.37657642364501953,0.18763375282287598,6.666666666666667,0
seed_0080_1780347687::23,cello,1,1,80,30,206,177,0,0,0.3820197582244873,0.5739538669586182,0.0,0
seed_0080_1780347687::24,cello,1,1,80,30,204,175,16,0,0.20820999145507812,0.03925800323486328,53.333333333333336,0
seed_0080_1780347687::25,cello,1,1,80,30,208,179,0,0,0.44159984588623047,0.2649109363555908,0.0,0
seed_0080_1780347687::26,cello,1,1,80,30,37,8,0,0,2.732421636581421,1.0325736999511719,0.0,0
seed_0080_1780347687::27,cello,1,1,80,30,37,8,0,0,3.544235944747925,1.0325736999511719,0.0,0
seed_0080_1780347687::3,cello,1,1,80,30,232,203,2,0,0.3863370418548584,0.4180154800415039,6.666666666666667,0
seed_0080_1780347687::4,cello,1,1,80,30,233,204,0,0,0.4695000648498535,0.3300597667694092,0.0,0
seed_0080_1780347687::5,cello,1,1,80,30,202,173,0,0,0.7730441093444824,0.9024403095245361,0.0,0
seed_0080_1780347687::6,cello,1,1,80,30,204,175,3,0,0.22578024864196777,-0.0028524398803710938,10.0,0
seed_0080_1780347687::7,cello,1,1,80,30,210,181,0,0,0.515800952911377,0.6468377113342285,0.0,0
seed_0080_1780347687::8,cello,1,1,80,30,38,9,0,0,2.9998178482055664,0.5334072113037109,0.0,0
seed_0080_1780347687::9,cello,1,1,80,29,232,204,2,0,0.5495584011077881,0.5359458923339844,6.896551724137931,0
seed_0081_1780556029::0,cello,1,2,81,29,231,203,0,0,0.885145902633667,0.8172917366027832,0.0,0
seed_0081_1780556029::1,cello,1,2,81,30,231,202,1,0,-0.08396506309509277,3.1231353282928467,3.3333333333333335,0
seed_0081_1780556029::10,cello,1,2,81,30,233,204,0,0,1.0889294147491455,4.315037727355957,0.0,0
seed_0081_1780556029::11,cello,1,2,81,30,231,202,0,0,0.5696821212768555,3.9758448600769043,0.0,0
seed_0081_1780556029::12,cello,1,2,81,30,232,203,0,0,1.4467647075653076,3.6419215202331543,0.0,0
seed_0081_1780556029::13,cello,1,2,81,29,231,203,0,0,0.9932446479797363,4.209728240966797,0.0,0
seed_0081_1780556029::14,cello,1,2,81,30,204,175,0,0,0.6423177719116211,0.9246549606323242,0.0,0
seed_0081_1780556029::15,cello,1,2,81,30,198,169,0,0,0.9899120330810547,4.437912464141846,0.0,0
seed_0081_1780556029::16,cello,1,2,81,20,194,175,0,0,0.7506799697875977,3.8677709102630615,0.0,0
seed_0081_1780556029::17,cello,1,2,81,23,23,1,0,0,4.14940071105957,2.785827398300171,0.0,0
seed_0081_1780556029::18,cello,1,2,81,29,232,204,0,0,0.838252067565918,3.3312933444976807,0.0,0
seed_0081_1780556029::19,cello,1,2,81,30,230,201,0,0,2.6345932483673096,2.905557870864868,0.0,0
seed_0081_1780556029::2,cello,1,2,81,26,230,205,0,0,1.35471773147583,2.7873690128326416,0.0,0
seed_0081_1780556029::20,cello,1,2,81,23,232,210,0,0,1.583780288696289,3.416627883911133,0.0,0
seed_0081_1780556029::21,cello,1,2,81,29,230,202,0,0,0.7210798263549805,1.2583293914794922,0.0,0
seed_0081_1780556029::22,cello,1,2,81,30,232,203,0,0,1.240250825881958,3.788921594619751,0.0,0
seed_0081_1780556029::23,cello,1,2,81,30,204,175,0,0,0.2751963138580322,0.9029221534729004,0.0,0
seed_0081_1780556029::24,cello,1,2,81,30,201,172,0,0,0.8330905437469482,5.23685359954834,0.0,0
seed_0081_1780556029::25,cello,1,2,81,30,198,169,0,0,0.9420011043548584,2.717198371887207,0.0,0
seed_0081_1780556029::26,cello,1,2,81,21,21,1,0,0,3.4385814666748047,3.4013988971710205,0.0,0
seed_0081_1780556029::3,cello,1,2,81,28,230,203,0,0,0.8284881114959717,3.194444417953491,0.0,0
seed_0081_1780556029::4,cello,1,2,81,30,229,200,0,0,0.7572593688964844,0.9489538669586182,0.0,0
seed_0081_1780556029::5,cello,1,2,81,30,209,180,0,0,1.164764165878296,4.266546249389648,0.0,0
seed_0081_1780556029::6,cello,1,2,81,29,201,173,0,0,0.7938897609710693,2.955498218536377,0.0,0
seed_0081_1780556029::7,cello,1,2,81,30,208,179,0,0,0.8351120948791504,3.2560927867889404,0.0,0
seed_0081_1780556029::8,cello,1,2,81,24,26,3,0,0,3.232177972793579,3.3230929374694824,0.0,0
seed_0081_1780556029::9,cello,1,2,81,23,232,210,0,0,1.5034120082855225,2.7315351963043213,0.0,0
seed_0082_1780357043::0,cello,1,2,82,30,288,259,0,0,3.370602607727051,2.7308120727539062,0.0,0
seed_0082_1780357043::1,cello,1,2,82,30,290,261,0,0,3.3656198978424072,2.9568686485290527,0.0,0
seed_0082_1780357043::10,cello,1,2,82,30,289,260,0,0,1.400536298751831,3.834320068359375,0.0,0
seed_0082_1780357043::11,cello,1,2,82,30,288,259,0,0,2.38744854927063,2.6097419261932373,0.0,0
seed_0082_1780357043::12,cello,1,2,82,30,287,258,0,0,2.3790693283081055,2.303123712539673,0.0,0
seed_0082_1780357043::13,cello,1,2,82,30,288,259,0,0,3.6780827045440674,2.772709369659424,0.0,0
seed_0082_1780357043::14,cello,1,2,82,30,289,260,0,0,1.2463231086730957,2.590670585632324,0.0,0
seed_0082_1780357043::15,cello,1,2,82,30,247,218,0,0,2.617663621902466,2.0474696159362793,0.0,0
seed_0082_1780357043::16,cello,1,2,82,30,242,213,0,6,2.6514251232147217,3.938924551010132,0.0,0
seed_0082_1780357043::17,cello,1,2,82,30,250,221,0,6,2.450032949447632,2.3478968143463135,0.0,0
seed_0082_1780357043::18,cello,1,2,82,22,21,0,1,4,1.3989293575286865,-0.22794198989868164,4.545454545454546,0
seed_0082_1780357043::19,cello,1,2,82,21,20,0,1,4,3.660419464111328,-0.22794198989868164,4.761904761904762,0
seed_0082_1780357043::2,cello,1,2,82,30,289,260,0,0,1.5995244979858398,1.9707095623016357,0.0,0
seed_0082_1780357043::20,cello,1,2,82,30,287,258,0,6,2.395789384841919,1.8544436693191528,0.0,0
seed_0082_1780357043::21,cello,1,2,82,30,288,259,0,8,3.6145501136779785,3.3199474811553955,0.0,0
seed_0082_1780357043::22,cello,1,2,82,30,288,259,0,14,3.495664119720459,3.143737316131592,0.0,0
seed_0082_1780357043::23,cello,1,2,82,30,286,257,0,0,2.165161609649658,3.116283416748047,0.0,0
seed_0082_1780357043::24,cello,1,2,82,30,287,258,0,0,2.336899995803833,3.2432401180267334,0.0,0
seed_0082_1780357043::25,cello,1,2,82,30,249,220,0,0,3.085529327392578,2.2884531021118164,0.0,0
seed_0082_1780357043::26,cello,1,2,82,30,240,211,0,2,2.378610610961914,3.087183952331543,0.0,0
seed_0082_1780357043::27,cello,1,2,82,30,232,203,0,0,2.843517303466797,2.9217193126678467,0.0,0
seed_0082_1780357043::28,cello,1,2,82,24,23,0,1,2,2.100959539413452,-0.22794198989868164,4.166666666666667,0
seed_0082_1780357043::29,cello,1,2,82,24,23,0,1,2,3.315455436706543,-0.22794198989868164,4.166666666666667,0
seed_0082_1780357043::3,cello,1,2,82,30,290,261,0,0,2.8790886402130127,2.423032760620117,0.0,0
seed_0082_1780357043::4,cello,1,2,82,30,288,259,0,11,2.774658441543579,3.0542185306549072,0.0,0
seed_0082_1780357043::5,cello,1,2,82,30,243,214,0,10,5.018835067749023,2.918959140777588,0.0,0
seed_0082_1780357043::6,cello,1,2,82,30,241,212,0,13,3.740727186203003,3.501065731048584,0.0,0
seed_0082_1780357043::7,cello,1,2,82,30,251,222,0,0,4.362529277801514,4.354581832885742,0.0,0
seed_0082_1780357043::8,cello,1,2,82,25,24,0,1,3,2.9135684967041016,-0.22794198989868164,4.0,0
seed_0082_1780357043::9,cello,1,2,82,25,24,0,3,0,2.476144552230835,-0.22794198989868164,12.0,0
seed_0083_1780564484::0,cello,1,2,83,29,234,206,0,0,0.8336985111236572,3.478166103363037,0.0,0
seed_0083_1780564484::1,cello,1,2,83,27,234,208,0,0,0.9670348167419434,3.4163103103637695,0.0,0
seed_0083_1780564484::10,cello,1,2,83,30,235,206,0,0,0.24255657196044922,1.187671422958374,0.0,0
seed_0083_1780564484::11,cello,1,2,83,30,234,205,0,0,0.7734856605529785,2.0872623920440674,0.0,0
seed_0083_1780564484::12,cello,1,2,83,30,234,205,0,0,0.6535623073577881,1.436053991317749,0.0,0
seed_0083_1780564484::13,cello,1,2,83,30,232,203,0,0,0.7111248970031738,0.9590611457824707,0.0,0
seed_0083_1780564484::14,cello,1,2,83,30,201,172,0,0,0.5852584838867188,1.3243882656097412,0.0,0
seed_0083_1780564484::15,cello,1,2,83,29,200,172,0,0,2.3659920692443848,3.316302537918091,0.0,0
seed_0083_1780564484::16,cello,1,2,83,30,212,183,0,0,0.3980827331542969,1.0924746990203857,0.0,0
seed_0083_1780564484::17,cello,1,2,83,30,233,204,0,0,0.3464012145996094,1.682952642440796,0.0,0
seed_0083_1780564484::18,cello,1,2,83,18,235,218,0,0,1.2160146236419678,2.6349384784698486,0.0,0
seed_0083_1780564484::19,cello,1,2,83,28,232,205,0,0,1.057654857635498,3.937849998474121,0.0,0
seed_0083_1780564484::2,cello,1,2,83,28,234,207,0,0,0.6819677352905273,4.154480934143066,0.0,0
seed_0083_1780564484::20,cello,1,2,83,25,234,210,0,0,1.0045406818389893,4.063511848449707,0.0,0
seed_0083_1780564484::21,cello,1,2,83,30,232,203,0,0,0.9250528812408447,1.007260799407959,0.0,0
seed_0083_1780564484::22,cello,1,2,83,30,206,177,0,0,0.8408350944519043,2.720144510269165,0.0,0
seed_0083_1780564484::23,cello,1,2,83,29,203,175,0,0,0.773301362991333,1.5326218605041504,0.0,0
seed_0083_1780564484::24,cello,1,2,83,30,212,183,0,0,1.0775930881500244,1.1471402645111084,0.0,0
seed_0083_1780564484::3,cello,1,2,83,30,233,204,0,0,0.8045892715454102,1.3182086944580078,0.0,0
seed_0083_1780564484::4,cello,1,2,83,30,235,206,0,0,0.48673343658447266,2.6257448196411133,0.0,0
seed_0083_1780564484::5,cello,1,2,83,24,206,183,0,0,1.6570637226104736,4.167549133300781,0.0,0
seed_0083_1780564484::6,cello,1,2,83,24,209,186,0,0,0.7248620986938477,3.2181055545806885,0.0,0
seed_0083_1780564484::7,cello,1,2,83,29,213,185,0,0,0.930476188659668,4.351741790771484,0.0,0
seed_0083_1780564484::8,cello,1,2,83,7,45,39,0,0,3.911086082458496,3.294074535369873,0.0,0
seed_0083_1780564484::9,cello,1,2,83,30,234,205,0,0,0.6730856895446777,1.5693342685699463,0.0,0
seed_0084_1780365821::0,cello,2,0,84,30,234,205,2,0,0.18601226806640625,2.1270246505737305,6.666666666666667,0
seed_0084_1780365821::1,cello,2,0,84,30,234,205,11,0,-0.1562488079071045,2.513254165649414,36.666666666666664,0
seed_0084_1780365821::10,cello,2,0,84,30,233,204,0,0,0.540308952331543,1.4597156047821045,0.0,0
seed_0084_1780365821::11,cello,2,0,84,30,234,205,0,0,0.4375784397125244,3.734354257583618,0.0,0
seed_0084_1780365821::12,cello,2,0,84,30,234,205,3,0,-0.0885617733001709,3.401162624359131,10.0,0
seed_0084_1780365821::13,cello,2,0,84,29,235,207,0,0,0.14461827278137207,0.8157336711883545,0.0,0
seed_0084_1780365821::14,cello,2,0,84,30,234,205,0,0,0.3276793956756592,2.978091239929199,0.0,0
seed_0084_1780365821::15,cello,2,0,84,30,209,180,0,0,0.9808230400085449,4.955137252807617,0.0,0
seed_0084_1780365821::16,cello,2,0,84,30,214,185,0,0,0.7533392906188965,4.1403985023498535,0.0,0
seed_0084_1780365821::17,cello,2,0,84,30,196,167,0,0,0.8846940994262695,3.32961106300354,0.0,0
seed_0084_1780365821::18,cello,2,0,84,30,235,206,6,0,0.04418611526489258,2.062150478363037,20.0,0
seed_0084_1780365821::19,cello,2,0,84,30,236,207,0,0,0.35375475883483887,2.1057608127593994,0.0,0
seed_0084_1780365821::2,cello,2,0,84,30,235,206,0,0,0.6920926570892334,3.094996213912964,0.0,0
seed_0084_1780365821::20,cello,2,0,84,30,236,207,0,0,0.4359414577484131,1.6300342082977295,0.0,0
seed_0084_1780365821::21,cello,2,0,84,30,236,207,2,0,0.0424962043762207,0.44432735443115234,6.666666666666667,0
seed_0084_1780365821::22,cello,2,0,84,30,236,207,0,0,0.18565869331359863,0.46269869804382324,0.0,0
seed_0084_1780365821::23,cello,2,0,84,30,214,185,0,0,0.679250955581665,0.9434843063354492,0.0,0
seed_0084_1780365821::24,cello,2,0,84,30,206,177,0,0,0.4723379611968994,1.7978341579437256,0.0,0
seed_0084_1780365821::25,cello,2,0,84,30,204,175,0,0,1.6308844089508057,4.705023765563965,0.0,0
seed_0084_1780365821::26,cello,2,0,84,21,22,2,0,0,3.1728086471557617,3.743281602859497,0.0,0
seed_0084_1780365821::27,cello,2,0,84,22,22,1,0,0,3.6894943714141846,3.965165138244629,0.0,0
seed_0084_1780365821::3,cello,2,0,84,30,235,206,12,0,0.07532811164855957,1.8873608112335205,40.0,0
seed_0084_1780365821::4,cello,2,0,84,30,234,205,0,0,0.2808723449707031,3.260462760925293,0.0,0
seed_0084_1780365821::5,cello,2,0,84,30,215,186,0,0,1.056081771850586,4.192902565002441,0.0,0
seed_0084_1780365821::6,cello,2,0,84,28,207,180,0,0,0.8283734321594238,5.036816596984863,0.0,0
seed_0084_1780365821::7,cello,2,0,84,30,204,175,0,0,0.6161448955535889,1.4398624897003174,0.0,0
seed_0084_1780365821::8,cello,2,0,84,18,21,4,0,0,4.222539901733398,5.078467845916748,0.0,0
seed_0084_1780365821::9,cello,2,0,84,20,21,2,0,0,3.367504835128784,3.3283162117004395,0.0,0
seed_0085_1780573626::0,cello,2,0,85,20,285,266,0,0,2.7432150840759277,3.2857985496520996,0.0,0
seed_0085_1780573626::1,cello,2,0,85,26,284,259,0,0,2.5859055519104004,2.6635520458221436,0.0,0
seed_0085_1780573626::10,cello,2,0,85,29,284,256,0,0,3.190260648727417,3.43206524848938,0.0,0
seed_0085_1780573626::11,cello,2,0,85,29,242,214,0,0,2.865360736846924,2.9866273403167725,0.0,0
seed_0085_1780573626::12,cello,2,0,85,4,245,242,0,0,4.259040832519531,4.316289901733398,0.0,0
seed_0085_1780573626::13,cello,2,0,85,25,283,259,0,0,2.806403636932373,3.2445411682128906,0.0,0
seed_0085_1780573626::14,cello,2,0,85,30,283,254,0,0,3.848979949951172,3.6309456825256348,0.0,0
seed_0085_1780573626::15,cello,2,0,85,25,283,259,0,0,2.6194756031036377,3.5973875522613525,0.0,0
seed_0085_1780573626::16,cello,2,0,85,30,285,256,0,0,2.0682570934295654,2.780893325805664,0.0,0
seed_0085_1780573626::17,cello,2,0,85,28,241,214,0,0,3.3023276329040527,3.480461835861206,0.0,0
seed_0085_1780573626::18,cello,2,0,85,17,244,228,0,0,2.9149439334869385,2.9879329204559326,0.0,0
seed_0085_1780573626::2,cello,2,0,85,26,284,259,0,0,2.581693649291992,2.6139023303985596,0.0,0
seed_0085_1780573626::3,cello,2,0,85,29,251,223,0,0,3.7438032627105713,4.273409843444824,0.0,0
seed_0085_1780573626::4,cello,2,0,85,30,236,207,0,0,2.7135682106018066,3.8140761852264404,0.0,0
seed_0085_1780573626::5,cello,2,0,85,19,25,7,0,0,3.0000264644622803,2.2211999893188477,0.0,0
seed_0085_1780573626::6,cello,2,0,85,23,25,3,0,0,2.405097723007202,2.3650312423706055,0.0,0
seed_0085_1780573626::7,cello,2,0,85,30,283,254,0,0,2.8016154766082764,3.8157615661621094,0.0,0
seed_0085_1780573626::8,cello,2,0,85,13,285,273,0,0,4.295612335205078,4.554070472717285,0.0,0
seed_0085_1780573626::9,cello,2,0,85,28,284,257,0,0,3.1092162132263184,4.184173107147217,0.0,0
seed_0086_1780374685::0,cello,2,0,86,30,230,201,0,0,0.9334535598754883,2.0704939365386963,0.0,0
seed_0086_1780374685::1,cello,2,0,86,29,232,204,0,0,0.37198781967163086,4.951240539550781,0.0,0
seed_0086_1780374685::10,cello,2,0,86,30,231,202,0,0,0.6677069664001465,2.7159817218780518,0.0,0
seed_0086_1780374685::11,cello,2,0,86,30,231,202,12,0,-0.14409732818603516,-0.1265888214111328,40.0,0
seed_0086_1780374685::12,cello,2,0,86,30,233,204,0,0,0.4780123233795166,0.8485050201416016,0.0,0
seed_0086_1780374685::13,cello,2,0,86,30,233,204,0,0,0.47864675521850586,2.0596799850463867,0.0,0
seed_0086_1780374685::14,cello,2,0,86,30,203,174,0,0,0.5183570384979248,0.7244052886962891,0.0,0
seed_0086_1780374685::15,cello,2,0,86,30,202,173,0,0,0.26790595054626465,3.7829182147979736,0.0,0
seed_0086_1780374685::16,cello,2,0,86,30,208,179,0,0,1.2517244815826416,1.7460644245147705,0.0,0
seed_0086_1780374685::17,cello,2,0,86,27,26,0,0,0,2.116447687149048,2.4945619106292725,0.0,0
seed_0086_1780374685::18,cello,2,0,86,30,232,203,6,0,0.26888537406921387,0.879019021987915,20.0,0
seed_0086_1780374685::19,cello,2,0,86,24,231,208,0,0,0.3435678482055664,2.8661303520202637,0.0,0
seed_0086_1780374685::2,cello,2,0,86,30,230,201,8,0,0.32282423973083496,1.0678980350494385,26.666666666666668,0
seed_0086_1780374685::20,cello,2,0,86,28,233,206,0,0,0.41902947425842285,1.6974427700042725,0.0,0
seed_0086_1780374685::21,cello,2,0,86,30,233,204,0,0,0.2002716064453125,0.3892557621002197,0.0,0
seed_0086_1780374685::22,cello,2,0,86,28,231,204,0,0,0.8415753841400146,2.381413459777832,0.0,0
seed_0086_1780374685::23,cello,2,0,86,30,204,175,0,0,0.9828691482543945,3.207409143447876,0.0,0
seed_0086_1780374685::24,cello,2,0,86,29,203,175,0,0,0.5532209873199463,3.1219563484191895,0.0,0
seed_0086_1780374685::25,cello,2,0,86,30,201,172,0,0,0.7593643665313721,2.3859360218048096,0.0,0
seed_0086_1780374685::26,cello,2,0,86,18,20,3,0,0,3.715303659439087,5.2622880935668945,0.0,0
seed_0086_1780374685::27,cello,2,0,86,20,20,1,0,0,3.3090105056762695,3.511542797088623,0.0,0
seed_0086_1780374685::3,cello,2,0,86,30,232,203,0,0,0.509122371673584,1.2284700870513916,0.0,0
seed_0086_1780374685::4,cello,2,0,86,29,231,203,0,0,0.9918186664581299,2.1266322135925293,0.0,0
seed_0086_1780374685::5,cello,2,0,86,30,198,169,0,0,0.5147581100463867,3.5582242012023926,0.0,0
seed_0086_1780374685::6,cello,2,0,86,30,204,175,0,0,0.3374037742614746,2.038201093673706,0.0,0
seed_0086_1780374685::7,cello,2,0,86,30,210,181,0,0,1.2741129398345947,0.9083044528961182,0.0,0
seed_0086_1780374685::8,cello,2,0,86,28,27,0,0,0,3.018634080886841,2.4945619106292725,0.0,0
seed_0086_1780374685::9,cello,2,0,86,30,231,202,0,0,0.40945005416870117,2.0632190704345703,0.0,0
seed_0087_1780581845::0,cello,2,1,87,30,228,199,0,0,1.1079473495483398,1.6690316200256348,0.0,0
seed_0087_1780581845::1,cello,2,1,87,28,228,201,0,0,1.0233979225158691,1.3248693943023682,0.0,0
seed_0087_1780581845::10,cello,2,1,87,30,233,204,0,0,0.5637788772583008,1.2421579360961914,0.0,0
seed_0087_1780581845::11,cello,2,1,87,30,233,204,0,0,0.8286154270172119,1.2602267265319824,0.0,0
seed_0087_1780581845::12,cello,2,1,87,28,234,207,0,0,1.0789048671722412,3.258341073989868,0.0,0
seed_0087_1780581845::13,cello,2,1,87,24,231,208,0,0,1.3243739604949951,2.320491313934326,0.0,0
seed_0087_1780581845::14,cello,2,1,87,30,202,173,0,0,0.8119368553161621,2.0480432510375977,0.0,0
seed_0087_1780581845::15,cello,2,1,87,29,212,184,0,0,0.5160107612609863,4.27040958404541,0.0,0
seed_0087_1780581845::16,cello,2,1,87,30,209,180,0,0,1.1125586032867432,1.8564296960830688,0.0,0
seed_0087_1780581845::17,cello,2,1,87,28,230,203,0,0,1.4688868522644043,2.619542121887207,0.0,0
seed_0087_1780581845::18,cello,2,1,87,30,232,203,0,0,0.7175455093383789,0.9648909568786621,0.0,0
seed_0087_1780581845::19,cello,2,1,87,30,232,203,0,0,1.520343542098999,3.7774930000305176,0.0,0
seed_0087_1780581845::2,cello,2,1,87,25,231,207,0,0,0.40128064155578613,3.028153419494629,0.0,0
seed_0087_1780581845::20,cello,2,1,87,26,230,205,0,0,0.6255958080291748,4.2656049728393555,0.0,0
seed_0087_1780581845::21,cello,2,1,87,29,231,203,0,0,1.6733558177947998,3.387453079223633,0.0,0
seed_0087_1780581845::22,cello,2,1,87,29,210,182,0,0,1.1134769916534424,3.619641065597534,0.0,0
seed_0087_1780581845::23,cello,2,1,87,30,198,169,0,0,1.2292003631591797,1.6888248920440674,0.0,0
seed_0087_1780581845::24,cello,2,1,87,30,205,176,0,0,0.24685335159301758,0.7861497402191162,0.0,0
seed_0087_1780581845::3,cello,2,1,87,30,227,198,0,0,1.232431173324585,3.433525323867798,0.0,0
seed_0087_1780581845::4,cello,2,1,87,30,230,201,0,0,0.8880584239959717,1.0514717102050781,0.0,0
seed_0087_1780581845::5,cello,2,1,87,30,212,183,0,0,1.503758192062378,1.8416433334350586,0.0,0
seed_0087_1780581845::6,cello,2,1,87,22,203,182,0,0,0.7243661880493164,2.5993382930755615,0.0,0
seed_0087_1780581845::7,cello,2,1,87,28,201,174,0,0,2.0816140174865723,5.322073936462402,0.0,0
seed_0087_1780581845::8,cello,2,1,87,27,65,39,0,0,2.920342445373535,2.7826499938964844,0.0,0
seed_0087_1780581845::9,cello,2,1,87,30,233,204,0,0,1.040888786315918,2.4790592193603516,0.0,0
seed_0088_1780383677::0,cello,2,1,88,30,287,258,0,0,2.8626959323883057,3.8487391471862793,0.0,0
seed_0088_1780383677::1,cello,2,1,88,5,284,280,0,0,1.5455811023712158,2.057058811187744,0.0,0
seed_0088_1780383677::10,cello,2,1,88,30,286,257,0,0,2.7438437938690186,1.919205665588379,0.0,0
seed_0088_1780383677::11,cello,2,1,88,30,287,258,0,0,2.950563907623291,2.7972636222839355,0.0,0
seed_0088_1780383677::12,cello,2,1,88,24,233,210,0,0,3.245574951171875,2.1367998123168945,0.0,0
seed_0088_1780383677::13,cello,2,1,88,19,18,0,0,0,1.4107880592346191,2.7721471786499023,0.0,0
seed_0088_1780383677::14,cello,2,1,88,30,287,258,0,0,2.1144015789031982,2.4872796535491943,0.0,0
seed_0088_1780383677::15,cello,2,1,88,29,287,259,0,0,2.1835103034973145,2.569894790649414,0.0,0
seed_0088_1780383677::16,cello,2,1,88,30,285,256,0,0,2.711477518081665,2.295586585998535,0.0,0
seed_0088_1780383677::17,cello,2,1,88,27,248,222,0,0,4.038308143615723,3.542501449584961,0.0,0
seed_0088_1780383677::18,cello,2,1,88,30,252,223,0,0,3.631779193878174,3.2697863578796387,0.0,0
seed_0088_1780383677::19,cello,2,1,88,29,240,212,0,0,2.873903512954712,3.237921714782715,0.0,0
seed_0088_1780383677::2,cello,2,1,88,30,287,258,0,0,1.8851311206817627,1.6601507663726807,0.0,0
seed_0088_1780383677::20,cello,2,1,88,16,15,0,0,0,3.028383731842041,2.7721471786499023,0.0,0
seed_0088_1780383677::3,cello,2,1,88,30,242,213,0,0,0.5710189342498779,1.8320214748382568,0.0,0
seed_0088_1780383677::4,cello,2,1,88,30,245,216,0,0,2.701117515563965,2.304274082183838,0.0,0
seed_0088_1780383677::5,cello,2,1,88,30,246,217,0,0,2.595808267593384,2.9527926445007324,0.0,0
seed_0088_1780383677::6,cello,2,1,88,18,17,0,0,0,2.6112327575683594,2.7721471786499023,0.0,0
seed_0088_1780383677::7,cello,2,1,88,16,16,1,0,0,2.9607670307159424,2.850207567214966,0.0,0
seed_0088_1780383677::8,cello,2,1,88,30,289,260,0,0,0.9998464584350586,1.6942646503448486,0.0,0
seed_0088_1780383677::9,cello,2,1,88,29,289,261,0,0,1.1144728660583496,1.6469480991363525,0.0,0
seed_0089_1780870426::0,cello,2,1,89,30,229,200,0,0,0.7484970092773438,2.5833542346954346,0.0,0
seed_0089_1780870426::1,cello,2,1,89,30,231,202,0,0,0.33520984649658203,1.3904049396514893,0.0,0
seed_0089_1780870426::10,cello,2,1,89,30,233,204,0,0,0.8475625514984131,1.5482044219970703,0.0,0
seed_0089_1780870426::11,cello,2,1,89,30,231,202,0,0,0.713533878326416,1.3128302097320557,0.0,0
seed_0089_1780870426::12,cello,2,1,89,30,233,204,0,0,0.572756290435791,2.353588342666626,0.0,0
seed_0089_1780870426::13,cello,2,1,89,30,234,205,1,0,-0.2544999122619629,2.0380699634552,3.3333333333333335,0
seed_0089_1780870426::14,cello,2,1,89,30,214,185,2,0,0.32078027725219727,4.535658836364746,6.666666666666667,0
seed_0089_1780870426::15,cello,2,1,89,30,207,178,0,0,0.8621222972869873,3.2757909297943115,0.0,0
seed_0089_1780870426::16,cello,2,1,89,30,210,181,14,0,-0.20492029190063477,-0.056545257568359375,46.666666666666664,0
seed_0089_1780870426::17,cello,2,1,89,17,17,1,0,0,3.7633872032165527,5.35529899597168,0.0,0
seed_0089_1780870426::18,cello,2,1,89,27,233,207,0,0,0.8983218669891357,2.000155210494995,0.0,0
seed_0089_1780870426::19,cello,2,1,89,30,232,203,10,0,0.07744097709655762,2.4096410274505615,33.333333333333336,0
seed_0089_1780870426::2,cello,2,1,89,30,228,199,8,0,0.03882193565368652,0.2719264030456543,26.666666666666668,0
seed_0089_1780870426::20,cello,2,1,89,30,233,204,0,0,0.8683185577392578,0.9829740524291992,0.0,0
seed_0089_1780870426::21,cello,2,1,89,30,234,205,0,0,1.3260371685028076,3.8813095092773438,0.0,0
seed_0089_1780870426::22,cello,2,1,89,30,232,203,2,0,0.012005329132080078,2.1181554794311523,6.666666666666667,0
seed_0089_1780870426::23,cello,2,1,89,30,207,178,0,0,0.7234406471252441,0.7545850276947021,0.0,0
seed_0089_1780870426::24,cello,2,1,89,30,203,174,0,0,0.3145105838775635,1.9015533924102783,0.0,0
seed_0089_1780870426::25,cello,2,1,89,30,209,180,0,0,1.1448314189910889,3.990065574645996,0.0,0
seed_0089_1780870426::3,cello,2,1,89,30,231,202,0,0,0.3315706253051758,2.3209738731384277,0.0,0
seed_0089_1780870426::4,cello,2,1,89,25,230,206,0,0,2.0279734134674072,3.3583157062530518,0.0,0
seed_0089_1780870426::5,cello,2,1,89,30,207,178,0,0,0.45784902572631836,1.2827847003936768,0.0,0
seed_0089_1780870426::6,cello,2,1,89,30,202,173,2,0,0.23030304908752441,3.4668526649475098,6.666666666666667,0
seed_0089_1780870426::7,cello,2,1,89,30,203,174,1,0,-0.054453372955322266,1.1776599884033203,3.3333333333333335,0
seed_0089_1780870426::8,cello,2,1,89,16,16,1,0,0,3.4201409816741943,2.3196358680725098,0.0,0
seed_0089_1780870426::9,cello,2,1,89,30,233,204,0,0,0.6057116985321045,3.0779242515563965,0.0,0
seed_0090_1780392223::0,cello,2,2,90,29,234,206,0,0,0.9344320297241211,2.173980951309204,0.0,0
seed_0090_1780392223::1,cello,2,2,90,30,235,206,6,0,0.28630566596984863,0.2205944061279297,20.0,0
seed_0090_1780392223::10,cello,2,2,90,29,235,207,0,0,1.0958480834960938,0.8759632110595703,0.0,0
seed_0090_1780392223::11,cello,2,2,90,30,234,205,6,0,0.055976152420043945,1.1947284936904907,20.0,0
seed_0090_1780392223::12,cello,2,2,90,30,233,204,5,0,-0.018861055374145508,1.6825530529022217,16.666666666666668,0
seed_0090_1780392223::13,cello,2,2,90,30,235,206,0,0,0.5178744792938232,0.9943521022796631,0.0,0
seed_0090_1780392223::14,cello,2,2,90,30,203,174,0,0,1.5063085556030273,4.0210747718811035,0.0,0
seed_0090_1780392223::15,cello,2,2,90,30,196,167,9,0,-0.11708307266235352,1.1784591674804688,30.0,0
seed_0090_1780392223::16,cello,2,2,90,29,208,180,0,0,0.8316011428833008,4.672066688537598,0.0,0
seed_0090_1780392223::17,cello,2,2,90,22,23,2,0,0,2.9364542961120605,5.876604080200195,0.0,0
seed_0090_1780392223::18,cello,2,2,90,22,234,213,0,0,1.0870647430419922,2.983865737915039,0.0,0
seed_0090_1780392223::19,cello,2,2,90,30,233,204,0,0,0.5922856330871582,2.7387092113494873,0.0,0
seed_0090_1780392223::2,cello,2,2,90,30,234,205,6,0,0.21690011024475098,0.9911806583404541,20.0,0
seed_0090_1780392223::20,cello,2,2,90,30,235,206,2,0,0.2581655979156494,1.7667224407196045,6.666666666666667,0
seed_0090_1780392223::21,cello,2,2,90,29,234,206,0,0,0.4587883949279785,4.071132183074951,0.0,0
seed_0090_1780392223::22,cello,2,2,90,30,233,204,2,0,0.2788524627685547,3.9323930740356445,6.666666666666667,0
seed_0090_1780392223::23,cello,2,2,90,30,206,177,0,0,0.7120826244354248,3.052093267440796,0.0,0
seed_0090_1780392223::24,cello,2,2,90,30,207,178,0,0,0.41187381744384766,2.591346502304077,0.0,0
seed_0090_1780392223::25,cello,2,2,90,30,210,181,0,0,1.3038558959960938,2.206103563308716,0.0,0
seed_0090_1780392223::3,cello,2,2,90,29,234,206,0,0,0.10827136039733887,0.5056445598602295,0.0,0
seed_0090_1780392223::4,cello,2,2,90,30,234,205,0,0,0.032219648361206055,2.247800588607788,0.0,0
seed_0090_1780392223::5,cello,2,2,90,30,200,171,0,0,0.7896976470947266,3.6135239601135254,0.0,0
seed_0090_1780392223::6,cello,2,2,90,26,210,185,0,0,1.4556703567504883,5.4435272216796875,0.0,0
seed_0090_1780392223::7,cello,2,2,90,29,200,172,0,0,0.2654862403869629,0.862328052520752,0.0,0
seed_0090_1780392223::8,cello,2,2,90,19,20,2,0,0,3.2478599548339844,4.391538619995117,0.0,0
seed_0090_1780392223::9,cello,2,2,90,30,234,205,5,0,-0.2368481159210205,0.15260100364685059,16.666666666666668,0
seed_0091_1780870426::0,cello,2,2,91,29,288,260,0,0,3.314356565475464,2.7601029872894287,0.0,0
seed_0091_1780870426::1,cello,2,2,91,30,290,261,0,0,2.0563886165618896,1.8287217617034912,0.0,0
seed_0091_1780870426::10,cello,2,2,91,30,290,261,0,0,2.0898795127868652,4.1640472412109375,0.0,0
seed_0091_1780870426::11,cello,2,2,91,30,288,259,0,0,0.8223495483398438,1.608133316040039,0.0,0
seed_0091_1780870426::12,cello,2,2,91,30,253,224,0,0,3.4077224731445312,3.423748254776001,0.0,0
seed_0091_1780870426::13,cello,2,2,91,21,240,220,0,0,2.979806423187256,2.7643041610717773,0.0,0
seed_0091_1780870426::14,cello,2,2,91,21,20,0,0,0,1.9781837463378906,4.251646041870117,0.0,0
seed_0091_1780870426::15,cello,2,2,91,8,287,280,0,0,2.789398670196533,2.7537729740142822,0.0,0
seed_0091_1780870426::16,cello,2,2,91,30,289,260,0,0,2.1213927268981934,2.2190568447113037,0.0,0
seed_0091_1780870426::17,cello,2,2,91,30,288,259,0,0,1.5055043697357178,1.4178500175476074,0.0,0
seed_0091_1780870426::18,cello,2,2,91,29,288,260,0,0,3.73667049407959,3.7870867252349854,0.0,0
seed_0091_1780870426::19,cello,2,2,91,29,240,212,0,0,1.5536301136016846,1.2623791694641113,0.0,0
seed_0091_1780870426::2,cello,2,2,91,29,285,257,0,0,3.039641857147217,2.209440231323242,0.0,0
seed_0091_1780870426::20,cello,2,2,91,30,241,212,0,0,2.4680233001708984,2.9562182426452637,0.0,0
seed_0091_1780870426::21,cello,2,2,91,30,236,207,0,0,0.7888400554656982,0.6668548583984375,0.0,0
seed_0091_1780870426::22,cello,2,2,91,22,21,0,0,0,2.3374881744384766,4.251646041870117,0.0,0
seed_0091_1780870426::23,cello,2,2,91,22,21,0,0,0,2.658895254135132,4.251646041870117,0.0,0
seed_0091_1780870426::3,cello,2,2,91,29,289,261,0,0,3.3612895011901855,3.167192220687866,0.0,0
seed_0091_1780870426::4,cello,2,2,91,30,244,215,0,0,2.0055642127990723,2.4242103099823,0.0,0
seed_0091_1780870426::5,cello,2,2,91,30,242,213,0,0,5.122716903686523,4.321834564208984,0.0,0
seed_0091_1780870426::6,cello,2,2,91,30,241,212,0,0,3.0408742427825928,3.7944724559783936,0.0,0
seed_0091_1780870426::7,cello,2,2,91,22,21,0,0,0,3.223898410797119,4.251646041870117,0.0,0
seed_0091_1780870426::8,cello,2,2,91,30,289,260,0,0,2.5377390384674072,3.404749870300293,0.0,0
seed_0091_1780870426::9,cello,2,2,91,30,290,261,0,0,3.834174394607544,2.178219795227051,0.0,0
seed_0092_1780401079::0,cello,2,2,92,29,234,206,2,0,0.5898942947387695,3.903787136077881,6.896551724137931,0
seed_0092_1780401079::1,cello,2,2,92,30,234,205,0,0,0.5264310836791992,0.49988555908203125,0.0,0
seed_0092_1780401079::10,cello,2,2,92,30,238,209,0,0,0.31792497634887695,3.172802209854126,0.0,0
seed_0092_1780401079::11,cello,2,2,92,30,237,208,0,0,0.6124582290649414,1.0988495349884033,0.0,0
seed_0092_1780401079::12,cello,2,2,92,30,238,209,0,0,0.7983672618865967,0.9903569221496582,0.0,0
seed_0092_1780401079::13,cello,2,2,92,30,237,208,0,0,0.157271146774292,0.19300484657287598,0.0,0
seed_0092_1780401079::14,cello,2,2,92,30,237,208,0,0,0.1779029369354248,2.027846574783325,0.0,0
seed_0092_1780401079::15,cello,2,2,92,30,205,176,0,0,0.730487585067749,4.065932273864746,0.0,0
seed_0092_1780401079::16,cello,2,2,92,30,206,177,0,0,0.3777947425842285,3.6980738639831543,0.0,0
seed_0092_1780401079::17,cello,2,2,92,30,204,175,0,0,0.4418177604675293,1.9353981018066406,0.0,0
seed_0092_1780401079::18,cello,2,2,92,17,22,6,0,0,3.6746621131896973,4.706437110900879,0.0,0
seed_0092_1780401079::19,cello,2,2,92,18,21,4,0,0,3.602734088897705,4.200859546661377,0.0,0
seed_0092_1780401079::2,cello,2,2,92,30,236,207,0,0,0.17487883567810059,0.5824894905090332,0.0,0
seed_0092_1780401079::20,cello,2,2,92,30,234,205,0,0,0.5518429279327393,3.0137338638305664,0.0,0
seed_0092_1780401079::21,cello,2,2,92,30,233,204,4,0,0.6623847484588623,0.3833155632019043,13.333333333333334,0
seed_0092_1780401079::22,cello,2,2,92,30,234,205,5,0,-0.09012317657470703,1.5559711456298828,16.666666666666668,0
seed_0092_1780401079::23,cello,2,2,92,30,234,205,0,0,0.3361637592315674,1.9315381050109863,0.0,0
seed_0092_1780401079::24,cello,2,2,92,30,235,206,0,0,0.06699895858764648,1.913926362991333,0.0,0
seed_0092_1780401079::25,cello,2,2,92,30,208,179,7,0,-0.04780149459838867,0.26001954078674316,23.333333333333332,0
seed_0092_1780401079::26,cello,2,2,92,28,209,182,0,0,0.8146636486053467,2.3759753704071045,0.0,0
seed_0092_1780401079::27,cello,2,2,92,30,204,175,0,0,0.25948095321655273,0.6366684436798096,0.0,0
seed_0092_1780401079::3,cello,2,2,92,30,237,208,0,0,0.20906567573547363,1.3844020366668701,0.0,0
seed_0092_1780401079::4,cello,2,2,92,30,233,204,0,0,0.1202843189239502,1.5939056873321533,0.0,0
seed_0092_1780401079::5,cello,2,2,92,26,194,169,0,0,0.5508544445037842,3.9453587532043457,0.0,0
seed_0092_1780401079::6,cello,2,2,92,30,210,181,0,0,0.44379615783691406,0.7699949741363525,0.0,0
seed_0092_1780401079::7,cello,2,2,92,30,202,173,0,0,0.12614870071411133,2.81284761428833,0.0,0
seed_0092_1780401079::8,cello,2,2,92,19,25,7,0,0,2.824282646179199,4.56613302230835,0.0,0
seed_0092_1780401079::9,cello,2,2,92,22,24,3,0,0,3.3476147651672363,3.2722861766815186,0.0,0
seed_0093_1780886771::0,marimba,0,0,93,30,236,207,8,0,-0.028222322463989258,-0.011932611465454102,26.666666666666668,0
seed_0093_1780886771::1,marimba,0,0,93,30,238,209,1,2,-0.6085577011108398,0.7858595848083496,3.3333333333333335,1
seed_0093_1780886771::10,marimba,0,0,93,30,238,209,0,7,1.2747342586517334,1.8083478212356567,0.0,0
seed_0093_1780886771::11,marimba,0,0,93,30,236,207,0,0,0.9235777854919434,0.8238344192504883,0.0,0
seed_0093_1780886771::12,marimba,0,0,93,30,235,206,2,8,0.31708765029907227,1.0779145956039429,6.666666666666667,0
seed_0093_1780886771::13,marimba,0,0,93,30,237,208,6,5,0.23671722412109375,1.3324384689331055,20.0,0
seed_0093_1780886771::14,marimba,0,0,93,30,236,207,0,0,0.8852238655090332,1.16219162940979,0.0,0
seed_0093_1780886771::15,marimba,0,0,93,30,207,178,1,1,-0.44690704345703125,1.3027009963989258,3.3333333333333335,1
seed_0093_1780886771::16,marimba,0,0,93,30,205,176,0,0,0.41928958892822266,0.8856594562530518,0.0,0
seed_0093_1780886771::17,marimba,0,0,93,30,209,180,0,11,1.1728203296661377,1.4953031539916992,0.0,0
seed_0093_1780886771::18,marimba,0,0,93,28,27,0,1,1,1.5567282438278198,-0.08957171440124512,3.5714285714285716,0
seed_0093_1780886771::19,marimba,0,0,93,28,27,0,1,2,0.7041404247283936,-0.08957171440124512,3.5714285714285716,0
seed_0093_1780886771::2,marimba,0,0,93,30,238,209,0,9,1.323354721069336,0.9747575521469116,0.0,0
seed_0093_1780886771::20,marimba,0,0,93,30,236,207,2,0,0.2964639663696289,0.9254298210144043,6.666666666666667,0
seed_0093_1780886771::21,marimba,0,0,93,30,237,208,5,5,-0.1020967960357666,1.078911304473877,16.666666666666668,1
seed_0093_1780886771::22,marimba,0,0,93,30,238,209,8,1,0.012433290481567383,1.0898250341415405,26.666666666666668,0
seed_0093_1780886771::23,marimba,0,0,93,30,235,206,2,5,0.16971278190612793,1.1068392992019653,6.666666666666667,0
seed_0093_1780886771::24,marimba,0,0,93,30,237,208,1,0,-0.293071985244751,1.519913911819458,3.3333333333333335,1
seed_0093_1780886771::25,marimba,0,0,93,30,199,170,10,0,0.16304588317871094,0.34221601486206055,33.333333333333336,0
seed_0093_1780886771::26,marimba,0,0,93,30,209,180,6,1,0.2837815284729004,1.3063105344772339,20.0,0
seed_0093_1780886771::27,marimba,0,0,93,30,201,172,9,0,-0.5482571125030518,0.16379213333129883,30.0,0
seed_0093_1780886771::28,marimba,0,0,93,30,29,0,1,5,1.335178017616272,-0.08957171440124512,3.3333333333333335,0
seed_0093_1780886771::29,marimba,0,0,93,30,29,0,1,4,0.899662971496582,-0.08957171440124512,3.3333333333333335,0
seed_0093_1780886771::3,marimba,0,0,93,30,237,208,3,2,-0.036365509033203125,0.7262260913848877,10.0,0
seed_0093_1780886771::4,marimba,0,0,93,30,237,208,0,6,0.9596444368362427,1.2298109531402588,0.0,0
seed_0093_1780886771::5,marimba,0,0,93,30,217,188,0,8,1.4643776416778564,1.7338666915893555,0.0,0
seed_0093_1780886771::6,marimba,0,0,93,30,209,180,7,2,-0.26456117630004883,1.3204259872436523,23.333333333333332,0
seed_0093_1780886771::7,marimba,0,0,93,30,206,177,0,0,0.6636753082275391,1.0317399501800537,0.0,0
seed_0093_1780886771::8,marimba,0,0,93,28,27,0,1,1,1.6526356935501099,-0.08957171440124512,3.5714285714285716,0
seed_0093_1780886771::9,marimba,0,0,93,28,27,0,1,3,1.4433116912841797,-0.08957171440124512,3.5714285714285716,0
seed_0094_1780410003::0,marimba,0,0,94,30,286,257,8,0,0.18224573135375977,0.021945476531982422,26.666666666666668,1
seed_0094_1780410003::1,marimba,0,0,94,30,288,259,14,0,-0.03315567970275879,-0.32072925567626953,46.666666666666664,0
seed_0094_1780410003::10,marimba,0,0,94,30,286,257,0,0,1.1296262741088867,0.9856727123260498,0.0,0
seed_0094_1780410003::11,marimba,0,0,94,29,253,225,0,0,1.1330387592315674,1.0393695831298828,0.0,0
seed_0094_1780410003::12,marimba,0,0,94,30,239,210,0,0,1.0656101703643799,0.854621171951294,0.0,0
seed_0094_1780410003::13,marimba,0,0,94,27,246,220,0,0,1.2696592807769775,1.2206873893737793,0.0,0
seed_0094_1780410003::14,marimba,0,0,94,24,23,0,0,0,1.0689799785614014,0.11596226692199707,0.0,0
seed_0094_1780410003::15,marimba,0,0,94,23,24,2,0,0,1.2615504264831543,0.3596787452697754,0.0,0
seed_0094_1780410003::16,marimba,0,0,94,30,286,257,0,0,1.3163137435913086,1.2083027362823486,0.0,0
seed_0094_1780410003::17,marimba,0,0,94,30,289,260,4,0,0.0910942554473877,0.45597052574157715,13.333333333333334,0
seed_0094_1780410003::18,marimba,0,0,94,29,287,259,0,0,1.086704969406128,1.1155164241790771,0.0,0
seed_0094_1780410003::19,marimba,0,0,94,30,288,259,0,0,0.7481484413146973,0.8261778354644775,0.0,0
seed_0094_1780410003::2,marimba,0,0,94,30,287,258,0,0,1.2418999671936035,0.7814860343933105,0.0,0
seed_0094_1780410003::20,marimba,0,0,94,29,243,215,0,0,0.8247420787811279,1.2931032180786133,0.0,0
seed_0094_1780410003::21,marimba,0,0,94,23,22,0,0,0,0.19732260704040527,0.11596226692199707,0.0,0
seed_0094_1780410003::22,marimba,0,0,94,22,21,0,0,0,0.4968750476837158,0.11596226692199707,0.0,0
seed_0094_1780410003::3,marimba,0,0,94,30,243,214,0,0,0.4650876522064209,0.1776726245880127,0.0,0
seed_0094_1780410003::4,marimba,0,0,94,30,245,216,13,0,0.010967493057250977,-0.2347719669342041,43.333333333333336,0
seed_0094_1780410003::5,marimba,0,0,94,19,19,1,4,0,0.36121106147766113,0.22432684898376465,21.05263157894737,1
seed_0094_1780410003::6,marimba,0,0,94,18,19,2,4,0,-1.033247470855713,-0.09392976760864258,22.22222222222222,1
seed_0094_1780410003::7,marimba,0,0,94,30,287,258,0,0,1.0507776737213135,1.0034074783325195,0.0,0
seed_0094_1780410003::8,marimba,0,0,94,28,288,261,0,0,0.3830528259277344,0.43847131729125977,0.0,0
seed_0094_1780410003::9,marimba,0,0,94,30,287,258,0,0,0.5637357234954834,1.233008861541748,0.0,0
seed_0095_1780886012::0,marimba,0,0,95,30,237,208,0,0,0.3534419536590576,0.4910142421722412,0.0,0
seed_0095_1780886012::1,marimba,0,0,95,28,238,211,2,0,0.19669008255004883,0.8753161430358887,7.142857142857143,0
seed_0095_1780886012::10,marimba,0,0,95,29,239,211,0,0,0.2631046772003174,0.8931376934051514,0.0,0
seed_0095_1780886012::11,marimba,0,0,95,30,238,209,5,0,-0.17450642585754395,0.8672735691070557,16.666666666666668,1
seed_0095_1780886012::12,marimba,0,0,95,26,239,214,0,0,0.7599694728851318,1.0166059732437134,0.0,0
seed_0095_1780886012::13,marimba,0,0,95,30,201,172,0,0,0.5952596664428711,0.9375393390655518,0.0,0
seed_0095_1780886012::14,marimba,0,0,95,30,200,171,0,0,0.6638798713684082,0.7408959865570068,0.0,0
seed_0095_1780886012::15,marimba,0,0,95,22,22,1,0,0,0.5414819717407227,1.5980596542358398,0.0,0
seed_0095_1780886012::16,marimba,0,0,95,22,22,1,0,0,0.43665027618408203,1.6244490146636963,0.0,0
seed_0095_1780886012::17,marimba,0,0,95,28,237,210,3,0,-0.26633739471435547,0.7567744255065918,10.714285714285714,1
seed_0095_1780886012::18,marimba,0,0,95,30,238,209,3,0,-0.3343782424926758,1.1854491233825684,10.0,1
seed_0095_1780886012::19,marimba,0,0,95,28,237,210,3,0,-0.328887939453125,1.6505372524261475,10.714285714285714,1
seed_0095_1780886012::2,marimba,0,0,95,30,238,209,1,0,-0.57627272605896,0.7637944221496582,3.3333333333333335,1
seed_0095_1780886012::20,marimba,0,0,95,30,239,210,1,0,-0.4890623092651367,1.23490571975708,3.3333333333333335,1
seed_0095_1780886012::21,marimba,0,0,95,29,199,171,0,0,0.3138902187347412,0.21823906898498535,0.0,0
seed_0095_1780886012::22,marimba,0,0,95,29,205,177,1,0,-0.28253698348999023,1.5354430675506592,3.4482758620689653,0
seed_0095_1780886012::23,marimba,0,0,95,30,205,176,4,0,-0.3750879764556885,-0.18874359130859375,13.333333333333334,0
seed_0095_1780886012::24,marimba,0,0,95,23,23,1,0,0,0.5613963603973389,0.8189775943756104,0.0,0
seed_0095_1780886012::3,marimba,0,0,95,27,236,210,0,0,0.454679012298584,1.0628447532653809,0.0,0
seed_0095_1780886012::4,marimba,0,0,95,27,209,183,0,0,0.9457130432128906,0.9610698223114014,0.0,0
seed_0095_1780886012::5,marimba,0,0,95,30,205,176,0,0,1.0289478302001953,1.4413528442382812,0.0,0
seed_0095_1780886012::6,marimba,0,0,95,30,195,166,1,0,-0.25092029571533203,0.3904697895050049,3.3333333333333335,1
seed_0095_1780886012::7,marimba,0,0,95,26,26,1,0,0,0.8007879257202148,0.7458629608154297,0.0,0
seed_0095_1780886012::8,marimba,0,0,95,28,237,210,2,0,0.09862470626831055,0.6822900772094727,7.142857142857143,0
seed_0095_1780886012::9,marimba,0,0,95,27,238,212,7,0,-0.28929972648620605,0.9937375783920288,25.925925925925927,0
seed_0096_1780419069::0,marimba,0,1,96,30,235,206,7,0,-0.3001730442047119,0.4899563789367676,23.333333333333332,0
seed_0096_1780419069::1,marimba,0,1,96,29,235,207,0,0,0.21921420097351074,1.7053970098495483,0.0,0
seed_0096_1780419069::10,marimba,0,1,96,30,235,206,3,0,-0.6166951656341553,0.5201606750488281,10.0,1
seed_0096_1780419069::11,marimba,0,1,96,30,234,205,10,0,0.05179715156555176,0.19649219512939453,33.333333333333336,0
seed_0096_1780419069::12,marimba,0,1,96,30,234,205,10,0,-0.07890129089355469,-0.24309158325195312,33.333333333333336,1
seed_0096_1780419069::13,marimba,0,1,96,30,234,205,3,0,-0.3392069339752197,1.2972254753112793,10.0,1
seed_0096_1780419069::14,marimba,0,1,96,30,235,206,8,0,-0.9874927997589111,-0.10752725601196289,26.666666666666668,0
seed_0096_1780419069::15,marimba,0,1,96,30,200,171,0,0,0.20431208610534668,1.0054576396942139,0.0,0
seed_0096_1780419069::16,marimba,0,1,96,30,197,168,7,0,-0.32288265228271484,0.7300469875335693,23.333333333333332,1
seed_0096_1780419069::17,marimba,0,1,96,30,212,183,7,0,-0.29010987281799316,1.0291719436645508,23.333333333333332,0
seed_0096_1780419069::18,marimba,0,1,96,18,17,0,0,0,0.5280184745788574,1.1708002090454102,0.0,0
seed_0096_1780419069::19,marimba,0,1,96,18,17,0,0,0,0.4230363368988037,1.1708002090454102,0.0,0
seed_0096_1780419069::2,marimba,0,1,96,30,235,206,4,0,0.4946260452270508,0.8603620529174805,13.333333333333334,0
seed_0096_1780419069::20,marimba,0,1,96,30,233,204,0,0,-0.32854652404785156,-0.3169691562652588,0.0,0
seed_0096_1780419069::21,marimba,0,1,96,28,234,207,0,0,0.3397552967071533,0.7186708450317383,0.0,0
seed_0096_1780419069::22,marimba,0,1,96,30,234,205,9,0,-0.39811038970947266,0.010487556457519531,30.0,0
seed_0096_1780419069::23,marimba,0,1,96,30,235,206,6,0,0.021988391876220703,0.6039121150970459,20.0,0
seed_0096_1780419069::24,marimba,0,1,96,30,233,204,1,0,-0.739973783493042,0.6841235160827637,3.3333333333333335,1
seed_0096_1780419069::25,marimba,0,1,96,30,199,170,3,0,-0.6669301986694336,0.5430076122283936,10.0,1
seed_0096_1780419069::26,marimba,0,1,96,30,201,172,0,0,0.3955514430999756,0.9133155345916748,0.0,0
seed_0096_1780419069::27,marimba,0,1,96,28,202,175,0,0,1.0319983959197998,0.9430797100067139,0.0,0
seed_0096_1780419069::28,marimba,0,1,96,20,19,0,0,0,0.8848261833190918,1.1708002090454102,0.0,0
seed_0096_1780419069::3,marimba,0,1,96,30,233,204,0,0,0.7960851192474365,0.4274728298187256,0.0,0
seed_0096_1780419069::4,marimba,0,1,96,30,235,206,7,0,-0.523155689239502,1.182589054107666,23.333333333333332,1
seed_0096_1780419069::5,marimba,0,1,96,30,207,178,1,0,-0.7050960063934326,0.41118502616882324,3.3333333333333335,1
seed_0096_1780419069::6,marimba,0,1,96,30,197,168,9,0,-0.0926971435546875,1.0222740173339844,30.0,0
seed_0096_1780419069::7,marimba,0,1,96,29,206,178,3,0,-0.11155271530151367,1.169999599456787,10.344827586206897,0
seed_0096_1780419069::8,marimba,0,1,96,19,20,2,1,0,-0.1238088607788086,1.1697444915771484,5.2631578947368425,0
seed_0096_1780419069::9,marimba,0,1,96,21,20,0,0,0,1.494748592376709,1.1708002090454102,0.0,0
seed_0097_1780904677::0,marimba,0,1,97,30,285,256,10,0,0.11675715446472168,0.03831291198730469,33.333333333333336,0
seed_0097_1780904677::1,marimba,0,1,97,30,289,260,0,0,0.4961094856262207,0.580737829208374,0.0,0
seed_0097_1780904677::10,marimba,0,1,97,30,288,259,1,0,0.5098423957824707,-0.40276479721069336,3.3333333333333335,1
seed_0097_1780904677::11,marimba,0,1,97,30,289,260,0,0,1.2564592361450195,0.9814248085021973,0.0,0
seed_0097_1780904677::12,marimba,0,1,97,30,248,219,0,0,0.8365316390991211,1.191439151763916,0.0,0
seed_0097_1780904677::13,marimba,0,1,97,30,244,215,4,0,0.1686549186706543,0.5820803642272949,13.333333333333334,0
seed_0097_1780904677::14,marimba,0,1,97,30,250,221,0,0,0.5973532199859619,0.7240691184997559,0.0,0
seed_0097_1780904677::15,marimba,0,1,97,26,25,0,2,0,0.6825699806213379,0.09783387184143066,7.6923076923076925,0
seed_0097_1780904677::16,marimba,0,1,97,25,25,1,2,0,0.8981485366821289,0.2069399356842041,8.0,0
seed_0097_1780904677::17,marimba,0,1,97,15,287,273,0,0,0.3515150547027588,0.6790530681610107,0.0,0
seed_0097_1780904677::18,marimba,0,1,97,30,285,256,6,0,0.05733656883239746,0.09628033638000488,20.0,0
seed_0097_1780904677::19,marimba,0,1,97,28,287,260,0,0,0.49112939834594727,0.5672709941864014,0.0,0
seed_0097_1780904677::2,marimba,0,1,97,30,234,205,0,0,0.969294548034668,0.46072840690612793,0.0,0
seed_0097_1780904677::20,marimba,0,1,97,30,245,216,0,0,0.423907995223999,0.5600924491882324,0.0,0
seed_0097_1780904677::21,marimba,0,1,97,30,248,219,0,0,0.8736004829406738,0.5797669887542725,0.0,0
seed_0097_1780904677::22,marimba,0,1,97,29,245,217,3,0,-0.2985877990722656,0.06851637363433838,10.344827586206897,1
seed_0097_1780904677::23,marimba,0,1,97,22,22,1,0,0,0.46440553665161133,0.1875600814819336,0.0,0
seed_0097_1780904677::3,marimba,0,1,97,30,241,212,0,0,0.5761072635650635,0.7476692199707031,0.0,0
seed_0097_1780904677::4,marimba,0,1,97,30,255,226,0,0,1.0441560745239258,1.063188076019287,0.0,0
seed_0097_1780904677::5,marimba,0,1,97,24,24,1,0,0,0.7417411804199219,0.02293252944946289,0.0,0
seed_0097_1780904677::6,marimba,0,1,97,24,24,1,1,0,0.5708088874816895,-0.28600478172302246,4.166666666666667,0
seed_0097_1780904677::7,marimba,0,1,97,27,288,262,0,0,0.5609445571899414,1.0203588008880615,0.0,0
seed_0097_1780904677::8,marimba,0,1,97,30,286,257,0,0,0.8855054378509521,0.9836139678955078,0.0,0
seed_0097_1780904677::9,marimba,0,1,97,16,286,271,0,0,1.4753684997558594,1.1554505825042725,0.0,0
seed_0098_1780900702::0,marimba,0,1,98,30,238,209,0,0,0.6800553798675537,0.7373414039611816,0.0,0
seed_0098_1780900702::1,marimba,0,1,98,27,237,211,0,0,0.66217041015625,1.0650537014007568,0.0,0
seed_0098_1780900702::10,marimba,0,1,98,28,235,208,0,0,0.2923544645309448,0.3345644474029541,0.0,0
seed_0098_1780900702::11,marimba,0,1,98,30,236,207,1,0,-0.2842698097229004,0.27721190452575684,3.3333333333333335,0
seed_0098_1780900702::12,marimba,0,1,98,30,238,209,9,0,-0.16686296463012695,0.17678451538085938,30.0,0
seed_0098_1780900702::13,marimba,0,1,98,30,208,179,0,0,0.6829235553741455,1.4103367328643799,0.0,0
seed_0098_1780900702::14,marimba,0,1,98,30,206,177,0,0,-1.1426010131835938,-0.973259687423706,0.0,0
seed_0098_1780900702::15,marimba,0,1,98,30,200,171,0,0,-0.8482093811035156,-0.6055295467376709,0.0,0
seed_0098_1780900702::16,marimba,0,1,98,25,29,5,0,0,1.0400633811950684,1.5018272399902344,0.0,0
seed_0098_1780900702::17,marimba,0,1,98,29,240,212,0,0,0.531509280204773,0.5707206726074219,0.0,0
seed_0098_1780900702::18,marimba,0,1,98,30,238,209,10,0,0.19361591339111328,0.7994868755340576,33.333333333333336,2
seed_0098_1780900702::19,marimba,0,1,98,30,240,211,0,0,0.7217501401901245,0.6300621032714844,0.0,0
seed_0098_1780900702::2,marimba,0,1,98,30,236,207,9,0,-0.1518392562866211,0.5207481384277344,30.0,0
seed_0098_1780900702::20,marimba,0,1,98,30,238,209,3,0,-0.8742399215698242,0.10408449172973633,10.0,0
seed_0098_1780900702::21,marimba,0,1,98,30,238,209,1,0,-0.27861881256103516,1.2273437976837158,3.3333333333333335,1
seed_0098_1780900702::22,marimba,0,1,98,30,207,178,2,0,-0.6866955757141113,-0.34873318672180176,6.666666666666667,0
seed_0098_1780900702::23,marimba,0,1,98,30,208,179,0,0,1.104686975479126,0.804682731628418,0.0,0
seed_0098_1780900702::24,marimba,0,1,98,25,30,6,0,0,0.8195325136184692,0.5011062622070312,0.0,0
seed_0098_1780900702::3,marimba,0,1,98,30,237,208,0,0,0.44658327102661133,1.1007356643676758,0.0,0
seed_0098_1780900702::4,marimba,0,1,98,30,237,208,5,0,-0.11218404769897461,1.1320619583129883,16.666666666666668,0
seed_0098_1780900702::5,marimba,0,1,98,30,202,173,5,0,-0.6667051315307617,0.945354700088501,16.666666666666668,1
seed_0098_1780900702::6,marimba,0,1,98,27,205,179,2,0,1.3277466297149658,0.31026625633239746,7.407407407407407,0
seed_0098_1780900702::7,marimba,0,1,98,30,210,181,9,0,-0.4399135112762451,0.9283260107040405,30.0,1
seed_0098_1780900702::8,marimba,0,1,98,20,22,3,0,0,0.9306848049163818,1.1726670265197754,0.0,0
seed_0098_1780900702::9,marimba,0,1,98,29,236,208,0,0,0.47622060775756836,0.5505492687225342,0.0,0
seed_0099_1780918909::0,marimba,0,2,99,30,234,205,7,0,-0.04214286804199219,0.6096645593643188,23.333333333333332,0
seed_0099_1780918909::1,marimba,0,2,99,30,233,204,1,0,-0.6816489696502686,0.3411223888397217,3.3333333333333335,0
seed_0099_1780918909::10,marimba,0,2,99,30,234,205,3,2,-0.45515871047973633,1.1029927730560303,10.0,1
seed_0099_1780918909::11,marimba,0,2,99,30,234,205,1,1,-0.29647040367126465,1.6345239877700806,3.3333333333333335,0
seed_0099_1780918909::12,marimba,0,2,99,30,233,204,5,0,-0.11536860466003418,1.0992248058319092,16.666666666666668,0
seed_0099_1780918909::13,marimba,0,2,99,30,232,203,11,0,-0.23923659324645996,1.7416174411773682,36.666666666666664,2
seed_0099_1780918909::14,marimba,0,2,99,30,234,205,11,0,-0.24123191833496094,0.9580898284912109,36.666666666666664,0
seed_0099_1780918909::15,marimba,0,2,99,30,209,180,5,0,-0.31090736389160156,1.5474720001220703,16.666666666666668,0
seed_0099_1780918909::16,marimba,0,2,99,30,207,178,0,0,0.6031310558319092,1.104902982711792,0.0,0
seed_0099_1780918909::17,marimba,0,2,99,30,204,175,0,4,1.3130221366882324,1.9692302942276,0.0,0
seed_0099_1780918909::18,marimba,0,2,99,19,18,0,1,1,1.5190366506576538,-0.4638793468475342,5.2631578947368425,1
seed_0099_1780918909::19,marimba,0,2,99,20,19,0,1,1,1.9196022748947144,-0.4638793468475342,5.0,1
seed_0099_1780918909::2,marimba,0,2,99,30,235,206,12,0,0.14919686317443848,1.1204586029052734,40.0,0
seed_0099_1780918909::20,marimba,0,2,99,30,231,202,0,4,0.8589564561843872,1.3770655393600464,0.0,0
seed_0099_1780918909::21,marimba,0,2,99,30,231,202,0,3,0.7090945243835449,0.9577418565750122,0.0,0
seed_0099_1780918909::22,marimba,0,2,99,30,231,202,3,0,-0.6902139186859131,0.03146696090698242,10.0,0
seed_0099_1780918909::23,marimba,0,2,99,30,234,205,0,0,0.7882184982299805,0.6700308322906494,0.0,0
seed_0099_1780918909::24,marimba,0,2,99,30,232,203,0,6,0.6749212741851807,0.8104995489120483,0.0,0
seed_0099_1780918909::25,marimba,0,2,99,30,210,181,0,2,0.7737805843353271,1.0219035148620605,0.0,0
seed_0099_1780918909::26,marimba,0,2,99,30,200,171,10,0,0.0759434700012207,0.5409841537475586,33.333333333333336,0
seed_0099_1780918909::27,marimba,0,2,99,30,203,174,2,0,0.6658473014831543,1.080200433731079,6.666666666666667,0
seed_0099_1780918909::28,marimba,0,2,99,23,22,0,1,1,1.096652626991272,-0.4638793468475342,4.3478260869565215,1
seed_0099_1780918909::29,marimba,0,2,99,24,23,0,1,1,1.6119704246520996,-0.4638793468475342,4.166666666666667,1
seed_0099_1780918909::3,marimba,0,2,99,30,235,206,0,0,0.896601676940918,0.7186970710754395,0.0,0
seed_0099_1780918909::4,marimba,0,2,99,30,232,203,1,7,-0.43044209480285645,0.8717960119247437,3.3333333333333335,1
seed_0099_1780918909::5,marimba,0,2,99,30,209,180,0,7,1.2857723236083984,1.8037141561508179,0.0,0
seed_0099_1780918909::6,marimba,0,2,99,30,199,170,0,1,0.6586508750915527,2.5734081268310547,0.0,0
seed_0099_1780918909::7,marimba,0,2,99,30,209,180,0,2,0.4088873863220215,1.2448725700378418,0.0,0
seed_0099_1780918909::8,marimba,0,2,99,20,19,0,1,1,1.0157365798950195,-0.4638793468475342,5.0,1
seed_0099_1780918909::9,marimba,0,2,99,21,20,0,1,1,1.4052925109863281,-0.4638793468475342,4.761904761904762,1
seed_0100_1780916954::0,marimba,0,2,100,30,285,256,0,0,0.16282129287719727,0.4979522228240967,0.0,0
seed_0100_1780916954::1,marimba,0,2,100,30,286,257,0,3,1.2019623517990112,1.1895949840545654,0.0,0
seed_0100_1780916954::10,marimba,0,2,100,30,285,256,0,17,0.9555706977844238,1.3170361518859863,0.0,0
seed_0100_1780916954::11,marimba,0,2,100,30,284,255,2,0,0.5039496421813965,0.551516056060791,6.666666666666667,0
seed_0100_1780916954::12,marimba,0,2,100,30,285,256,0,17,1.7249854803085327,1.2502323389053345,0.0,0
seed_0100_1780916954::13,marimba,0,2,100,30,286,257,2,0,0.34996461868286133,0.6818544864654541,6.666666666666667,0
seed_0100_1780916954::14,marimba,0,2,100,30,286,257,0,12,0.6627600193023682,0.48880207538604736,0.0,0
seed_0100_1780916954::15,marimba,0,2,100,30,247,218,0,1,1.948988676071167,1.507455825805664,0.0,0
seed_0100_1780916954::16,marimba,0,2,100,30,250,221,0,0,0.7841141223907471,0.6377403736114502,0.0,0
seed_0100_1780916954::17,marimba,0,2,100,30,252,223,3,0,0.3003811836242676,-0.05961942672729492,10.0,1
seed_0100_1780916954::18,marimba,0,2,100,20,19,0,3,2,1.1317062377929688,-0.5888376235961914,15.0,1
seed_0100_1780916954::19,marimba,0,2,100,20,19,0,5,0,0.6677956581115723,-0.5888376235961914,25.0,3
seed_0100_1780916954::2,marimba,0,2,100,30,286,257,0,0,0.23318052291870117,0.9090403318405151,0.0,0
seed_0100_1780916954::20,marimba,0,2,100,30,284,255,0,1,0.6742970943450928,1.2183367013931274,0.0,0
seed_0100_1780916954::21,marimba,0,2,100,30,285,256,0,0,0.5137155055999756,0.7702045440673828,0.0,0
seed_0100_1780916954::22,marimba,0,2,100,30,286,257,0,0,0.9099607467651367,0.5260536670684814,0.0,0
seed_0100_1780916954::23,marimba,0,2,100,30,285,256,0,0,0.39357948303222656,0.5039248466491699,0.0,0
seed_0100_1780916954::24,marimba,0,2,100,30,286,257,0,2,0.7142548561096191,0.8928296566009521,0.0,0
seed_0100_1780916954::25,marimba,0,2,100,30,249,220,1,0,1.4175763130187988,-0.5109477043151855,3.3333333333333335,1
seed_0100_1780916954::26,marimba,0,2,100,30,242,213,0,0,0.9434070587158203,0.43871092796325684,0.0,0
seed_0100_1780916954::27,marimba,0,2,100,30,245,216,0,14,1.8152189254760742,1.5897810459136963,0.0,0
seed_0100_1780916954::28,marimba,0,2,100,23,22,0,7,0,1.0994822978973389,-0.5888376235961914,30.434782608695652,1
seed_0100_1780916954::29,marimba,0,2,100,23,22,0,3,4,0.9386641979217529,-0.5888376235961914,13.043478260869565,1
seed_0100_1780916954::3,marimba,0,2,100,30,287,258,0,0,1.5788317918777466,0.9778465032577515,0.0,0
seed_0100_1780916954::4,marimba,0,2,100,30,285,256,0,7,1.2207967042922974,0.6376998424530029,0.0,0
seed_0100_1780916954::5,marimba,0,2,100,30,240,211,5,0,0.4434962272644043,-0.6833522319793701,16.666666666666668,1
seed_0100_1780916954::6,marimba,0,2,100,30,243,214,0,4,1.8069233894348145,1.8292649984359741,0.0,0
seed_0100_1780916954::7,marimba,0,2,100,30,243,214,4,0,0.24634909629821777,0.2760283946990967,13.333333333333334,0
seed_0100_1780916954::8,marimba,0,2,100,19,18,0,3,2,0.7805690765380859,-0.5888376235961914,15.789473684210526,1
seed_0100_1780916954::9,marimba,0,2,100,19,18,0,3,4,1.0417604446411133,-0.5888376235961914,15.789473684210526,1
seed_0101_1780934121::0,marimba,0,2,101,30,236,207,0,0,0.6450316905975342,0.21296954154968262,0.0,0
seed_0101_1780934121::1,marimba,0,2,101,30,234,205,1,0,-1.0269365310668945,0.6414341926574707,3.3333333333333335,1
seed_0101_1780934121::10,marimba,0,2,101,22,235,214,0,0,0.9354393482208252,0.9569888114929199,0.0,0
seed_0101_1780934121::11,marimba,0,2,101,30,237,208,5,0,-0.4955463409423828,0.6817306280136108,16.666666666666668,1
seed_0101_1780934121::12,marimba,0,2,101,28,236,209,0,0,0.6527924537658691,0.7108669281005859,0.0,0
seed_0101_1780934121::13,marimba,0,2,101,28,237,210,0,0,1.0760060548782349,0.8104052543640137,0.0,0
seed_0101_1780934121::14,marimba,0,2,101,30,237,208,1,0,-0.8814277648925781,0.2758817672729492,3.3333333333333335,0
seed_0101_1780934121::15,marimba,0,2,101,30,211,182,7,0,-0.468564510345459,1.095414400100708,23.333333333333332,1
seed_0101_1780934121::16,marimba,0,2,101,29,212,184,0,0,0.47031569480895996,0.3570282459259033,0.0,0
seed_0101_1780934121::17,marimba,0,2,101,30,208,179,0,0,0.539621114730835,1.2341318130493164,0.0,0
seed_0101_1780934121::18,marimba,0,2,101,20,20,1,0,0,1.0570485591888428,0.5326254367828369,0.0,0
seed_0101_1780934121::19,marimba,0,2,101,28,236,209,6,0,0.043463706970214844,0.9196503162384033,21.428571428571427,0
seed_0101_1780934121::2,marimba,0,2,101,30,235,206,7,0,-0.5994181632995605,0.10033822059631348,23.333333333333332,0
seed_0101_1780934121::20,marimba,0,2,101,30,235,206,2,0,0.11712265014648438,0.6625456809997559,6.666666666666667,0
seed_0101_1780934121::21,marimba,0,2,101,28,236,209,0,0,0.8074867725372314,0.9314553737640381,0.0,0
seed_0101_1780934121::22,marimba,0,2,101,30,235,206,5,0,-0.5305547714233398,0.5874414443969727,16.666666666666668,1
seed_0101_1780934121::23,marimba,0,2,101,30,235,206,1,0,-0.6356179714202881,0.375089168548584,3.3333333333333335,1
seed_0101_1780934121::24,marimba,0,2,101,28,200,173,7,0,-0.11473703384399414,0.8995673656463623,25.0,0
seed_0101_1780934121::25,marimba,0,2,101,28,210,183,0,0,2.369980812072754,2.025190830230713,0.0,0
seed_0101_1780934121::26,marimba,0,2,101,30,203,174,9,0,-0.19106817245483398,0.7149882316589355,30.0,1
seed_0101_1780934121::27,marimba,0,2,101,17,22,6,0,0,1.2240746021270752,1.153566837310791,0.0,0
seed_0101_1780934121::3,marimba,0,2,101,30,234,205,1,0,-0.046285152435302734,0.7063660621643066,3.3333333333333335,0
seed_0101_1780934121::4,marimba,0,2,101,30,236,207,0,0,0.38527679443359375,1.160437822341919,0.0,0
seed_0101_1780934121::5,marimba,0,2,101,29,208,180,0,0,0.7640054225921631,1.3658506870269775,0.0,0
seed_0101_1780934121::6,marimba,0,2,101,30,204,175,2,0,-0.7155544757843018,-0.3464672565460205,6.666666666666667,0
seed_0101_1780934121::7,marimba,0,2,101,30,200,171,4,0,0.5083913803100586,0.8535757064819336,13.333333333333334,2
seed_0101_1780934121::8,marimba,0,2,101,21,22,2,4,0,1.6276603937149048,0.2443692684173584,19.047619047619047,0
seed_0101_1780934121::9,marimba,0,2,101,21,22,2,0,0,0.6988146305084229,0.35268282890319824,0.0,0
seed_0102_1780932203::0,marimba,1,0,102,30,236,207,4,0,-0.23210358619689941,-0.10958743095397949,13.333333333333334,0
seed_0102_1780932203::1,marimba,1,0,102,30,235,206,0,0,0.52294921875,1.1274685859680176,0.0,0
seed_0102_1780932203::10,marimba,1,0,102,30,232,203,5,0,-0.12902235984802246,0.5709691047668457,16.666666666666668,1
seed_0102_1780932203::11,marimba,1,0,102,27,231,205,2,0,0.15910303592681885,0.7241511344909668,7.407407407407407,0
seed_0102_1780932203::12,marimba,1,0,102,30,235,206,2,0,0.07937955856323242,0.9593796730041504,6.666666666666667,0
seed_0102_1780932203::13,marimba,1,0,102,30,233,204,2,0,0.03851795196533203,0.7576324939727783,6.666666666666667,1
seed_0102_1780932203::14,marimba,1,0,102,30,215,186,0,0,0.20765995979309082,0.6825840473175049,0.0,0
seed_0102_1780932203::15,marimba,1,0,102,28,198,171,0,0,0.9222750663757324,0.3094141483306885,0.0,0
seed_0102_1780932203::16,marimba,1,0,102,29,212,184,0,0,1.7108054161071777,1.9319865703582764,0.0,0
seed_0102_1780932203::17,marimba,1,0,102,21,22,2,2,0,1.2512212991714478,0.41218066215515137,9.523809523809524,0
seed_0102_1780932203::18,marimba,1,0,102,19,21,3,0,0,1.248297929763794,1.0831172466278076,0.0,0
seed_0102_1780932203::19,marimba,1,0,102,26,231,206,4,0,0.11254715919494629,0.6729817390441895,15.384615384615385,0
seed_0102_1780932203::2,marimba,1,0,102,18,236,219,0,0,0.4818556308746338,1.1411396265029907,0.0,0
seed_0102_1780932203::20,marimba,1,0,102,30,234,205,0,0,0.41976118087768555,0.7832255363464355,0.0,0
seed_0102_1780932203::21,marimba,1,0,102,30,236,207,0,0,0.7320022583007812,0.8804318904876709,0.0,0
seed_0102_1780932203::22,marimba,1,0,102,16,232,217,0,0,0.3087923526763916,0.6259623765945435,0.0,0
seed_0102_1780932203::23,marimba,1,0,102,30,234,205,0,0,0.6432750225067139,1.1381001472473145,0.0,0
seed_0102_1780932203::24,marimba,1,0,102,30,198,169,3,0,-0.01319575309753418,1.2521531581878662,10.0,0
seed_0102_1780932203::25,marimba,1,0,102,30,208,179,7,0,-0.8881790637969971,0.0895223617553711,23.333333333333332,1
seed_0102_1780932203::26,marimba,1,0,102,21,23,3,0,0,0.7803764343261719,1.5150425434112549,0.0,0
seed_0102_1780932203::3,marimba,1,0,102,29,237,209,4,0,0.013024330139160156,1.0700749158859253,13.793103448275861,0
seed_0102_1780932203::4,marimba,1,0,102,30,235,206,1,0,-1.0037755966186523,0.6365876197814941,3.3333333333333335,1
seed_0102_1780932203::5,marimba,1,0,102,30,218,189,3,0,-0.15421247482299805,1.0457487106323242,10.0,0
seed_0102_1780932203::6,marimba,1,0,102,30,206,177,5,0,-0.027364492416381836,0.4872446060180664,16.666666666666668,0
seed_0102_1780932203::7,marimba,1,0,102,29,212,184,2,0,0.16054069995880127,0.6254817247390747,6.896551724137931,0
seed_0102_1780932203::8,marimba,1,0,102,15,21,7,0,0,0.7794538736343384,0.7715182304382324,0.0,0
seed_0102_1780932203::9,marimba,1,0,102,28,232,205,1,0,-0.7183175086975098,0.6899635791778564,3.5714285714285716,1
seed_0103_1780950585::0,marimba,1,0,103,30,283,254,0,0,0.9564731121063232,1.1207044124603271,0.0,0
seed_0103_1780950585::1,marimba,1,0,103,30,283,254,0,14,1.2268848419189453,0.5257713794708252,0.0,0
seed_0103_1780950585::10,marimba,1,0,103,30,287,258,0,1,1.4563649892807007,1.3614039421081543,0.0,0
seed_0103_1780950585::11,marimba,1,0,103,30,283,254,0,0,1.6620560884475708,1.8970226049423218,0.0,0
seed_0103_1780950585::12,marimba,1,0,103,30,287,258,0,0,0.8628954887390137,1.6618809700012207,0.0,0
seed_0103_1780950585::13,marimba,1,0,103,30,284,255,2,5,0.25000500679016113,1.0275795459747314,6.666666666666667,0
seed_0103_1780950585::14,marimba,1,0,103,30,285,256,0,1,0.7338252067565918,1.438107967376709,0.0,0
seed_0103_1780950585::15,marimba,1,0,103,30,242,213,0,1,1.4345982074737549,2.352907657623291,0.0,0
seed_0103_1780950585::16,marimba,1,0,103,30,237,208,0,0,0.36182284355163574,0.03101634979248047,0.0,0
seed_0103_1780950585::17,marimba,1,0,103,30,247,218,0,0,0.8584878444671631,0.5982122421264648,0.0,0
seed_0103_1780950585::18,marimba,1,0,103,30,31,2,3,4,0.8242628574371338,-0.1814279556274414,10.0,0
seed_0103_1780950585::19,marimba,1,0,103,30,31,2,3,4,0.4052455425262451,-0.1814279556274414,10.0,0
seed_0103_1780950585::2,marimba,1,0,103,30,284,255,0,1,0.9273693561553955,1.2824076414108276,0.0,0
seed_0103_1780950585::20,marimba,1,0,103,30,286,257,0,12,0.8341571092605591,0.7927768230438232,0.0,0
seed_0103_1780950585::21,marimba,1,0,103,30,287,258,0,4,1.376311182975769,1.1973609924316406,0.0,0
seed_0103_1780950585::22,marimba,1,0,103,30,287,258,0,6,0.4440462589263916,0.4045829772949219,0.0,0
seed_0103_1780950585::23,marimba,1,0,103,30,286,257,0,6,0.35973691940307617,0.34837913513183594,0.0,0
seed_0103_1780950585::24,marimba,1,0,103,30,287,258,0,1,1.3108744621276855,0.504758358001709,0.0,0
seed_0103_1780950585::25,marimba,1,0,103,30,243,214,0,2,1.0155408382415771,0.6235496997833252,0.0,0
seed_0103_1780950585::26,marimba,1,0,103,30,241,212,0,0,0.48624157905578613,0.3931550979614258,0.0,0
seed_0103_1780950585::27,marimba,1,0,103,30,238,209,0,0,0.5673933029174805,0.7331912517547607,0.0,0
seed_0103_1780950585::28,marimba,1,0,103,28,27,0,1,7,1.1916260719299316,-0.1814279556274414,3.5714285714285716,1
seed_0103_1780950585::29,marimba,1,0,103,27,26,0,3,2,0.760880708694458,-0.1814279556274414,11.11111111111111,0
seed_0103_1780950585::3,marimba,1,0,103,30,284,255,0,0,1.2118971347808838,1.0571271181106567,0.0,0
seed_0103_1780950585::4,marimba,1,0,103,30,284,255,0,1,0.5780842304229736,1.2382949590682983,0.0,0
seed_0103_1780950585::5,marimba,1,0,103,30,245,216,0,4,1.5063083171844482,1.7673993110656738,0.0,0
seed_0103_1780950585::6,marimba,1,0,103,30,251,222,9,0,0.45665693283081055,-0.04563474655151367,30.0,1
seed_0103_1780950585::7,marimba,1,0,103,30,246,217,1,0,0.6163115501403809,-0.7175478935241699,3.3333333333333335,1
seed_0103_1780950585::8,marimba,1,0,103,30,31,2,3,4,0.3512308597564697,-0.1814279556274414,10.0,0
seed_0103_1780950585::9,marimba,1,0,103,30,31,2,3,4,1.0164210796356201,-0.1814279556274414,10.0,0
seed_0104_1780948053::0,marimba,1,0,104,30,233,204,2,0,0.11710500717163086,1.1399590969085693,6.666666666666667,0
seed_0104_1780948053::1,marimba,1,0,104,30,231,202,0,4,0.5871469974517822,1.046518325805664,0.0,0
seed_0104_1780948053::10,marimba,1,0,104,29,235,207,1,0,-0.5226352214813232,1.1263835430145264,3.4482758620689653,1
seed_0104_1780948053::11,marimba,1,0,104,30,235,206,3,0,-0.5366930961608887,1.0570424795150757,10.0,1
seed_0104_1780948053::12,marimba,1,0,104,29,234,206,7,0,-0.09384870529174805,0.8487875461578369,24.137931034482758,0
seed_0104_1780948053::13,marimba,1,0,104,29,233,205,0,0,0.3810189962387085,0.713571310043335,0.0,0
seed_0104_1780948053::14,marimba,1,0,104,30,234,205,1,0,-0.7459046840667725,0.21597599983215332,3.3333333333333335,1
seed_0104_1780948053::15,marimba,1,0,104,30,205,176,2,0,0.20643067359924316,0.9895040988922119,6.666666666666667,2
seed_0104_1780948053::16,marimba,1,0,104,30,208,179,1,0,-0.6782617568969727,0.9254765510559082,3.3333333333333335,1
seed_0104_1780948053::17,marimba,1,0,104,30,210,181,11,0,-0.35951781272888184,0.7713921070098877,36.666666666666664,3
seed_0104_1780948053::18,marimba,1,0,104,30,234,205,1,0,0.4796164035797119,-0.10292649269104004,3.3333333333333335,0
seed_0104_1780948053::19,marimba,1,0,104,30,234,205,9,0,-0.0516355037689209,1.2154425382614136,30.0,0
seed_0104_1780948053::2,marimba,1,0,104,30,232,203,0,0,0.726569652557373,0.7660183906555176,0.0,0
seed_0104_1780948053::20,marimba,1,0,104,30,233,204,5,0,-0.2552967071533203,0.7763144969940186,16.666666666666668,1
seed_0104_1780948053::21,marimba,1,0,104,30,234,205,4,0,-0.04622769355773926,-0.3812713623046875,13.333333333333334,0
seed_0104_1780948053::22,marimba,1,0,104,28,235,208,7,0,-0.533367395401001,1.3328325748443604,25.0,1
seed_0104_1780948053::23,marimba,1,0,104,30,202,173,5,0,-0.4287679195404053,0.279651403427124,16.666666666666668,1
seed_0104_1780948053::24,marimba,1,0,104,30,208,179,0,0,1.0675885677337646,1.0150048732757568,0.0,0
seed_0104_1780948053::25,marimba,1,0,104,30,212,183,5,0,-0.7702574729919434,0.23740911483764648,16.666666666666668,1
seed_0104_1780948053::26,marimba,1,0,104,20,19,0,0,0,1.231528639793396,0.32074880599975586,0.0,0
seed_0104_1780948053::3,marimba,1,0,104,30,234,205,0,0,-0.6960229873657227,-0.24411702156066895,0.0,0
seed_0104_1780948053::4,marimba,1,0,104,30,233,204,0,0,0.5262618064880371,0.788048505783081,0.0,0
seed_0104_1780948053::5,marimba,1,0,104,30,206,177,0,4,1.2138514518737793,1.5212328433990479,0.0,0
seed_0104_1780948053::6,marimba,1,0,104,30,209,180,0,1,1.1431310176849365,1.9864649772644043,0.0,0
seed_0104_1780948053::7,marimba,1,0,104,30,198,169,0,5,1.2596640586853027,1.3332902193069458,0.0,0
seed_0104_1780948053::8,marimba,1,0,104,22,21,0,1,2,0.8046300411224365,-0.23872852325439453,4.545454545454546,0
seed_0104_1780948053::9,marimba,1,0,104,23,22,0,1,4,0.9190659523010254,-0.23872852325439453,4.3478260869565215,0
seed_0105_1780968271::0,marimba,1,1,105,28,239,212,0,0,0.7338212728500366,1.0760753154754639,0.0,0
seed_0105_1780968271::1,marimba,1,1,105,30,236,207,3,0,-0.006409168243408203,0.4053306579589844,10.0,1
seed_0105_1780968271::10,marimba,1,1,105,30,237,208,5,0,-0.2904653549194336,0.6526618003845215,16.666666666666668,1
seed_0105_1780968271::11,marimba,1,1,105,30,237,208,0,0,0.3934473991394043,0.7810478210449219,0.0,0
seed_0105_1780968271::12,marimba,1,1,105,30,206,177,0,0,0.4485924243927002,0.885413408279419,0.0,0
seed_0105_1780968271::13,marimba,1,1,105,30,205,176,4,0,-0.6731674671173096,-0.21474146842956543,13.333333333333334,0
seed_0105_1780968271::14,marimba,1,1,105,30,33,4,0,0,0.9707446098327637,0.35246872901916504,0.0,0
seed_0105_1780968271::15,marimba,1,1,105,28,238,211,0,0,1.0417308807373047,0.49451184272766113,0.0,0
seed_0105_1780968271::16,marimba,1,1,105,30,238,209,0,0,-0.5443956851959229,-0.3405442237854004,0.0,0
seed_0105_1780968271::17,marimba,1,1,105,30,238,209,5,0,-0.30590009689331055,0.43982934951782227,16.666666666666668,1
seed_0105_1780968271::18,marimba,1,1,105,30,239,210,13,0,-0.16092944145202637,0.28864336013793945,43.333333333333336,0
seed_0105_1780968271::19,marimba,1,1,105,21,237,217,0,0,0.6918938159942627,0.5116661787033081,0.0,0
seed_0105_1780968271::2,marimba,1,1,105,30,237,208,0,0,-0.894085168838501,-0.47972726821899414,0.0,0
seed_0105_1780968271::20,marimba,1,1,105,30,210,181,9,0,-0.40000200271606445,0.0019161701202392578,30.0,0
seed_0105_1780968271::21,marimba,1,1,105,30,209,180,3,0,-0.8873283863067627,1.0760364532470703,10.0,1
seed_0105_1780968271::22,marimba,1,1,105,30,200,171,1,0,-0.7495863437652588,0.33186817169189453,3.3333333333333335,1
seed_0105_1780968271::23,marimba,1,1,105,30,29,0,0,0,0.906812310218811,0.42127132415771484,0.0,0
seed_0105_1780968271::3,marimba,1,1,105,30,236,207,7,0,-0.11942291259765625,1.330040454864502,23.333333333333332,0
seed_0105_1780968271::4,marimba,1,1,105,30,208,179,0,0,0.4663965702056885,0.5887823104858398,0.0,0
seed_0105_1780968271::5,marimba,1,1,105,30,207,178,5,0,-0.9206221103668213,0.8922886848449707,16.666666666666668,1
seed_0105_1780968271::6,marimba,1,1,105,29,31,3,0,0,1.0840034484863281,0.505486249923706,0.0,0
seed_0105_1780968271::7,marimba,1,1,105,27,31,5,0,0,1.3954826593399048,0.21120119094848633,0.0,0
seed_0105_1780968271::8,marimba,1,1,105,30,238,209,3,0,-0.15734386444091797,0.8852839469909668,10.0,1
seed_0105_1780968271::9,marimba,1,1,105,30,237,208,8,0,0.08681225776672363,0.45322751998901367,26.666666666666668,0
seed_0106_1780964191::0,marimba,1,1,106,30,286,257,0,1,1.6452479362487793,0.664696216583252,0.0,0
seed_0106_1780964191::1,marimba,1,1,106,30,284,255,4,9,0.6456154584884644,0.35379910469055176,13.333333333333334,0
seed_0106_1780964191::10,marimba,1,1,106,30,290,261,0,0,0.28394150733947754,0.7309622764587402,0.0,0
seed_0106_1780964191::11,marimba,1,1,106,30,285,256,0,0,0.7583127021789551,0.6259667873382568,0.0,0
seed_0106_1780964191::12,marimba,1,1,106,30,284,255,0,0,0.9798164367675781,1.294924259185791,0.0,0
seed_0106_1780964191::13,marimba,1,1,106,30,290,261,0,0,1.1163922548294067,1.3677030801773071,0.0,0
seed_0106_1780964191::14,marimba,1,1,106,30,286,257,5,0,0.6593730449676514,-0.02177715301513672,16.666666666666668,0
seed_0106_1780964191::15,marimba,1,1,106,30,240,211,7,0,-0.061072587966918945,0.41176319122314453,23.333333333333332,0
seed_0106_1780964191::16,marimba,1,1,106,30,248,219,4,1,1.3761966228485107,0.18984127044677734,13.333333333333334,0
seed_0106_1780964191::17,marimba,1,1,106,30,247,218,0,0,1.233307123184204,0.6475274562835693,0.0,0
seed_0106_1780964191::18,marimba,1,1,106,29,28,0,1,0,0.45415616035461426,-0.6993582248687744,3.4482758620689653,1
seed_0106_1780964191::19,marimba,1,1,106,28,27,0,4,0,-0.004578113555908203,-0.6993582248687744,14.285714285714286,1
seed_0106_1780964191::2,marimba,1,1,106,30,286,257,9,5,-0.1559760570526123,0.6808724403381348,30.0,1
seed_0106_1780964191::20,marimba,1,1,106,30,289,260,6,0,-0.6881198883056641,-0.5465342998504639,20.0,0
seed_0106_1780964191::21,marimba,1,1,106,30,286,257,0,0,0.8812258243560791,1.0722252130508423,0.0,0
seed_0106_1780964191::22,marimba,1,1,106,30,287,258,7,0,0.3043177127838135,-0.005806684494018555,23.333333333333332,0
seed_0106_1780964191::23,marimba,1,1,106,30,285,256,0,2,0.45351266860961914,0.0012030601501464844,0.0,0
seed_0106_1780964191::24,marimba,1,1,106,30,289,260,1,0,0.5396111011505127,-0.833432674407959,3.3333333333333335,1
seed_0106_1780964191::25,marimba,1,1,106,30,240,211,8,0,-0.2587909698486328,-0.0385744571685791,26.666666666666668,0
seed_0106_1780964191::26,marimba,1,1,106,30,239,210,8,0,-0.14389252662658691,-0.22373318672180176,26.666666666666668,0
seed_0106_1780964191::27,marimba,1,1,106,30,245,216,0,0,0.9393141269683838,0.3833160400390625,0.0,0
seed_0106_1780964191::28,marimba,1,1,106,30,29,0,5,0,1.0288245677947998,-0.6993582248687744,16.666666666666668,3
seed_0106_1780964191::29,marimba,1,1,106,29,28,0,5,0,1.041123867034912,-0.6993582248687744,17.24137931034483,1
seed_0106_1780964191::3,marimba,1,1,106,30,288,259,0,2,0.9448386430740356,0.8850065469741821,0.0,0
seed_0106_1780964191::4,marimba,1,1,106,30,288,259,0,0,0.6237325668334961,0.7334465980529785,0.0,0
seed_0106_1780964191::5,marimba,1,1,106,30,254,225,0,0,0.8142564296722412,0.5928280353546143,0.0,0
seed_0106_1780964191::6,marimba,1,1,106,30,238,209,2,0,-0.4715709686279297,-0.25690507888793945,6.666666666666667,0
seed_0106_1780964191::7,marimba,1,1,106,30,251,222,14,0,0.02663564682006836,0.13810205459594727,46.666666666666664,0
seed_0106_1780964191::8,marimba,1,1,106,28,27,0,1,2,0.48619651794433594,-0.6993582248687744,3.5714285714285716,1
seed_0106_1780964191::9,marimba,1,1,106,28,27,0,1,0,0.4020836353302002,-0.6993582248687744,3.5714285714285716,1
seed_0107_1780980530::0,marimba,1,1,107,30,233,204,7,0,-0.8648073673248291,0.6890859603881836,23.333333333333332,1
seed_0107_1780980530::1,marimba,1,1,107,23,235,213,0,0,1.2939221858978271,1.534346103668213,0.0,0
seed_0107_1780980530::10,marimba,1,1,107,30,235,206,11,0,-0.003939628601074219,0.3308072090148926,36.666666666666664,0
seed_0107_1780980530::11,marimba,1,1,107,30,232,203,0,0,0.19927191734313965,0.6859445571899414,0.0,0
seed_0107_1780980530::12,marimba,1,1,107,26,234,209,1,0,-0.4688425064086914,1.0675206184387207,3.8461538461538463,1
seed_0107_1780980530::13,marimba,1,1,107,30,197,168,2,0,0.23524236679077148,0.4747743606567383,6.666666666666667,0
seed_0107_1780980530::14,marimba,1,1,107,29,201,173,0,0,0.621861457824707,1.2054463624954224,0.0,0
seed_0107_1780980530::15,marimba,1,1,107,30,200,171,0,0,1.2217557430267334,0.8829195499420166,0.0,0
seed_0107_1780980530::16,marimba,1,1,107,22,24,3,0,0,0.9701144695281982,0.9814138412475586,0.0,0
seed_0107_1780980530::17,marimba,1,1,107,30,235,206,0,0,0.795830488204956,1.0198040008544922,0.0,0
seed_0107_1780980530::18,marimba,1,1,107,30,234,205,2,1,0.35353589057922363,1.5183963775634766,6.666666666666667,0
seed_0107_1780980530::19,marimba,1,1,107,30,235,206,8,0,0.09223365783691406,0.7006320953369141,26.666666666666668,0
seed_0107_1780980530::2,marimba,1,1,107,29,233,205,7,0,-0.3783607482910156,0.7208443880081177,24.137931034482758,1
seed_0107_1780980530::20,marimba,1,1,107,30,235,206,0,1,0.5060218572616577,1.1880898475646973,0.0,0
seed_0107_1780980530::21,marimba,1,1,107,30,236,207,0,2,0.5467097759246826,0.9450173377990723,0.0,0
seed_0107_1780980530::22,marimba,1,1,107,30,211,182,7,0,-0.1550123691558838,1.0425374507904053,23.333333333333332,0
seed_0107_1780980530::23,marimba,1,1,107,30,203,174,0,13,0.3675081729888916,1.2894068956375122,0.0,0
seed_0107_1780980530::24,marimba,1,1,107,30,207,178,4,0,-0.9166519641876221,-0.42861199378967285,13.333333333333334,2
seed_0107_1780980530::25,marimba,1,1,107,28,27,0,3,1,1.198367714881897,-0.3947889804840088,10.714285714285714,1
seed_0107_1780980530::26,marimba,1,1,107,28,27,0,3,1,1.2958985567092896,-0.3947889804840088,10.714285714285714,1
seed_0107_1780980530::3,marimba,1,1,107,30,232,203,1,0,-0.9808764457702637,0.1544055938720703,3.3333333333333335,0
seed_0107_1780980530::4,marimba,1,1,107,28,208,181,2,0,0.18671345710754395,1.1523771286010742,7.142857142857143,0
seed_0107_1780980530::5,marimba,1,1,107,30,209,180,6,0,-0.5340020656585693,-0.0861356258392334,20.0,0
seed_0107_1780980530::6,marimba,1,1,107,22,22,1,2,0,0.9774162769317627,0.17354869842529297,9.090909090909092,0
seed_0107_1780980530::7,marimba,1,1,107,23,23,1,0,0,1.0697851181030273,0.3295149803161621,0.0,0
seed_0107_1780980530::8,marimba,1,1,107,27,235,209,0,0,1.0389935970306396,0.8344775438308716,0.0,0
seed_0107_1780980530::9,marimba,1,1,107,28,234,207,0,0,0.5238971710205078,0.8646911382675171,0.0,0
seed_0108_1780980441::0,marimba,1,2,108,30,234,205,0,3,0.9187517166137695,1.3895976543426514,0.0,0
seed_0108_1780980441::1,marimba,1,2,108,30,234,205,9,0,-0.09250593185424805,0.2580711841583252,30.0,0
seed_0108_1780980441::10,marimba,1,2,108,30,235,206,0,0,-0.48748087882995605,-0.3462409973144531,0.0,0
seed_0108_1780980441::11,marimba,1,2,108,30,232,203,1,0,-0.3053603172302246,0.11738967895507812,3.3333333333333335,0
seed_0108_1780980441::12,marimba,1,2,108,30,233,204,1,1,-0.3457348346710205,1.1442291736602783,3.3333333333333335,1
seed_0108_1780980441::13,marimba,1,2,108,30,234,205,0,5,0.5265119075775146,1.4761461019515991,0.0,0
seed_0108_1780980441::14,marimba,1,2,108,30,235,206,3,0,-0.3858373165130615,0.6447658538818359,10.0,1
seed_0108_1780980441::15,marimba,1,2,108,30,203,174,0,9,1.283713698387146,1.0805082321166992,0.0,0
seed_0108_1780980441::16,marimba,1,2,108,30,194,165,1,0,-0.6713716983795166,0.628483772277832,3.3333333333333335,1
seed_0108_1780980441::17,marimba,1,2,108,30,204,175,0,0,1.8889555931091309,2.0097670555114746,0.0,0
seed_0108_1780980441::18,marimba,1,2,108,22,21,0,1,1,1.9675049781799316,-0.3869614601135254,4.545454545454546,1
seed_0108_1780980441::19,marimba,1,2,108,23,22,0,1,2,1.0422172546386719,-0.3869614601135254,4.3478260869565215,1
seed_0108_1780980441::2,marimba,1,2,108,30,232,203,5,7,-0.22530364990234375,0.9397248029708862,16.666666666666668,0
seed_0108_1780980441::20,marimba,1,2,108,30,233,204,5,0,-0.2974059581756592,0.015402078628540039,16.666666666666668,0
seed_0108_1780980441::21,marimba,1,2,108,30,233,204,0,8,0.4778001308441162,0.7539377212524414,0.0,0
seed_0108_1780980441::22,marimba,1,2,108,30,234,205,0,3,0.7557440996170044,1.4688197374343872,0.0,0
seed_0108_1780980441::23,marimba,1,2,108,30,234,205,0,0,0.12454080581665039,0.6604385375976562,0.0,0
seed_0108_1780980441::24,marimba,1,2,108,30,233,204,3,2,-0.13763856887817383,0.7111165523529053,10.0,0
seed_0108_1780980441::25,marimba,1,2,108,30,209,180,0,0,0.7747218608856201,0.7311728000640869,0.0,0
seed_0108_1780980441::26,marimba,1,2,108,30,206,177,1,0,-0.8477447032928467,0.6778275966644287,3.3333333333333335,1
seed_0108_1780980441::27,marimba,1,2,108,30,205,176,0,0,0.6399340629577637,0.6085090637207031,0.0,0
seed_0108_1780980441::28,marimba,1,2,108,23,22,0,1,1,1.711929440498352,-0.3869614601135254,4.3478260869565215,1
seed_0108_1780980441::29,marimba,1,2,108,23,22,0,1,1,1.7625569105148315,-0.3869614601135254,4.3478260869565215,1
seed_0108_1780980441::3,marimba,1,2,108,30,233,204,2,0,0.11664915084838867,0.5194149017333984,6.666666666666667,0
seed_0108_1780980441::4,marimba,1,2,108,30,233,204,7,0,-0.0004153251647949219,0.34623098373413086,23.333333333333332,1
seed_0108_1780980441::5,marimba,1,2,108,30,207,178,0,0,0.20603442192077637,0.8541398048400879,0.0,0
seed_0108_1780980441::6,marimba,1,2,108,30,204,175,0,7,1.0442211627960205,1.349684715270996,0.0,0
seed_0108_1780980441::7,marimba,1,2,108,30,205,176,0,5,0.2961113452911377,1.8841077089309692,0.0,0
seed_0108_1780980441::8,marimba,1,2,108,21,20,0,1,1,1.0715609788894653,-0.3869614601135254,4.761904761904762,1
seed_0108_1780980441::9,marimba,1,2,108,21,20,0,1,1,1.6370844841003418,-0.3869614601135254,4.761904761904762,1
seed_0109_1780995629::0,marimba,1,2,109,30,286,257,0,4,0.7693395614624023,1.4701592922210693,0.0,0
seed_0109_1780995629::1,marimba,1,2,109,30,284,255,4,0,0.012578964233398438,0.4797341823577881,13.333333333333334,0
seed_0109_1780995629::10,marimba,1,2,109,30,284,255,0,2,0.8292677402496338,1.068575382232666,0.0,0
seed_0109_1780995629::11,marimba,1,2,109,30,282,253,0,12,1.3671290874481201,1.1839258670806885,0.0,0
seed_0109_1780995629::12,marimba,1,2,109,30,282,253,0,0,0.9592912197113037,1.2505695819854736,0.0,0
seed_0109_1780995629::13,marimba,1,2,109,30,285,256,0,0,1.5857410430908203,1.285962700843811,0.0,0
seed_0109_1780995629::14,marimba,1,2,109,30,284,255,0,15,0.760479211807251,0.8848226070404053,0.0,0
seed_0109_1780995629::15,marimba,1,2,109,30,238,209,1,0,0.23839855194091797,-0.32057833671569824,3.3333333333333335,0
seed_0109_1780995629::16,marimba,1,2,109,30,244,215,0,4,0.8622920513153076,0.7704489231109619,0.0,0
seed_0109_1780995629::17,marimba,1,2,109,30,246,217,1,0,0.9659452438354492,-0.7309870719909668,3.3333333333333335,1
seed_0109_1780995629::18,marimba,1,2,109,22,21,0,1,2,0.2729625701904297,-0.7197465896606445,4.545454545454546,1
seed_0109_1780995629::19,marimba,1,2,109,23,22,0,3,0,0.28391146659851074,-0.7197465896606445,13.043478260869565,1
seed_0109_1780995629::2,marimba,1,2,109,30,285,256,0,4,0.9629580974578857,1.2279199361801147,0.0,0
seed_0109_1780995629::20,marimba,1,2,109,30,284,255,0,1,0.4385395050048828,1.4750492572784424,0.0,0
seed_0109_1780995629::21,marimba,1,2,109,30,285,256,0,2,0.3490891456604004,1.0975418090820312,0.0,0
seed_0109_1780995629::22,marimba,1,2,109,30,285,256,0,2,0.5425223112106323,0.9550042152404785,0.0,0
seed_0109_1780995629::23,marimba,1,2,109,30,282,253,0,0,0.30129456520080566,0.6115312576293945,0.0,0
seed_0109_1780995629::24,marimba,1,2,109,30,283,254,0,0,1.39117431640625,1.0722846984863281,0.0,0
seed_0109_1780995629::25,marimba,1,2,109,30,245,216,0,0,1.528331995010376,0.5268325805664062,0.0,0
seed_0109_1780995629::26,marimba,1,2,109,30,250,221,0,0,0.8853392601013184,0.7533695697784424,0.0,0
seed_0109_1780995629::27,marimba,1,2,109,30,242,213,0,0,1.1451566219329834,1.080864667892456,0.0,0
seed_0109_1780995629::28,marimba,1,2,109,23,22,0,1,5,1.444627046585083,-0.7197465896606445,4.3478260869565215,1
seed_0109_1780995629::29,marimba,1,2,109,23,22,0,1,4,0.6467616558074951,-0.7197465896606445,4.3478260869565215,1
seed_0109_1780995629::3,marimba,1,2,109,30,285,256,0,2,0.874759316444397,1.1569187641143799,0.0,0
seed_0109_1780995629::4,marimba,1,2,109,30,284,255,0,10,0.9082871675491333,1.6016510725021362,0.0,0
seed_0109_1780995629::5,marimba,1,2,109,30,233,204,1,0,0.18483281135559082,-0.23354625701904297,3.3333333333333335,1
seed_0109_1780995629::6,marimba,1,2,109,30,240,211,0,0,0.5083432197570801,0.7211620807647705,0.0,0
seed_0109_1780995629::7,marimba,1,2,109,30,248,219,0,14,0.9009871482849121,1.06265389919281,0.0,0
seed_0109_1780995629::8,marimba,1,2,109,21,20,0,1,1,1.30479896068573,-0.7197465896606445,4.761904761904762,1
seed_0109_1780995629::9,marimba,1,2,109,22,21,0,1,0,0.3758518695831299,-0.7197465896606445,4.545454545454546,1
seed_0110_1780996813::0,marimba,1,2,110,30,237,208,4,1,0.028577804565429688,1.3635845184326172,13.333333333333334,1
seed_0110_1780996813::1,marimba,1,2,110,30,237,208,0,10,1.0777206420898438,1.267899990081787,0.0,0
seed_0110_1780996813::10,marimba,1,2,110,30,236,207,12,0,-0.16805338859558105,-0.22372674942016602,40.0,0
seed_0110_1780996813::11,marimba,1,2,110,30,237,208,0,0,0.8851666450500488,1.0110926628112793,0.0,0
seed_0110_1780996813::12,marimba,1,2,110,30,237,208,1,0,-0.6586925983428955,0.31264495849609375,3.3333333333333335,1
seed_0110_1780996813::13,marimba,1,2,110,30,236,207,5,4,-0.22864842414855957,0.9363608360290527,16.666666666666668,0
seed_0110_1780996813::14,marimba,1,2,110,30,237,208,3,0,-0.40566229820251465,0.11908316612243652,10.0,0
seed_0110_1780996813::15,marimba,1,2,110,30,199,170,0,0,-0.8269205093383789,-0.8413863182067871,0.0,0
seed_0110_1780996813::16,marimba,1,2,110,30,204,175,6,0,-0.49422192573547363,-0.21868062019348145,20.0,1
seed_0110_1780996813::17,marimba,1,2,110,30,212,183,2,0,-0.44220876693725586,-0.6777336597442627,6.666666666666667,0
seed_0110_1780996813::18,marimba,1,2,110,24,23,0,1,3,1.590800404548645,-0.45037078857421875,4.166666666666667,1
seed_0110_1780996813::19,marimba,1,2,110,24,23,0,1,6,0.9371404647827148,-0.45037078857421875,4.166666666666667,1
seed_0110_1780996813::2,marimba,1,2,110,30,237,208,0,6,0.7995123863220215,1.289599895477295,0.0,0
seed_0110_1780996813::20,marimba,1,2,110,30,237,208,0,0,0.9001390933990479,1.1313084363937378,0.0,0
seed_0110_1780996813::21,marimba,1,2,110,30,237,208,0,5,0.04903888702392578,2.0326743125915527,0.0,0
seed_0110_1780996813::22,marimba,1,2,110,30,235,206,0,6,1.7828937768936157,1.377313494682312,0.0,0
seed_0110_1780996813::23,marimba,1,2,110,30,237,208,8,0,-0.4060068130493164,-0.4039168357849121,26.666666666666668,0
seed_0110_1780996813::24,marimba,1,2,110,30,237,208,0,2,0.8414055109024048,0.9113166332244873,0.0,0
seed_0110_1780996813::25,marimba,1,2,110,30,203,174,5,0,-0.26659464836120605,0.538020133972168,16.666666666666668,0
seed_0110_1780996813::26,marimba,1,2,110,30,210,181,0,2,0.37453627586364746,1.0377498865127563,0.0,0
seed_0110_1780996813::27,marimba,1,2,110,30,203,174,0,9,0.9275246858596802,0.7683612108230591,0.0,0
seed_0110_1780996813::28,marimba,1,2,110,25,24,0,1,5,1.5089428424835205,-0.45037078857421875,4.0,1
seed_0110_1780996813::29,marimba,1,2,110,25,24,0,1,2,0.9676728248596191,-0.45037078857421875,4.0,1
seed_0110_1780996813::3,marimba,1,2,110,30,236,207,3,6,-0.3723623752593994,1.0445361137390137,10.0,1
seed_0110_1780996813::4,marimba,1,2,110,30,237,208,5,0,-0.6129789352416992,0.6157379150390625,16.666666666666668,1
seed_0110_1780996813::5,marimba,1,2,110,30,207,178,0,0,0.0983726978302002,0.6183464527130127,0.0,0
seed_0110_1780996813::6,marimba,1,2,110,30,201,172,7,0,-0.3746480941772461,0.47901201248168945,23.333333333333332,0
seed_0110_1780996813::7,marimba,1,2,110,30,209,180,7,0,-0.17747139930725098,1.1547939777374268,23.333333333333332,1
seed_0110_1780996813::8,marimba,1,2,110,24,23,0,1,5,1.2406291961669922,-0.45037078857421875,4.166666666666667,1
seed_0110_1780996813::9,marimba,1,2,110,25,24,0,1,3,1.203506588935852,-0.45037078857421875,4.0,1
seed_0111_1781012945::0,marimba,2,0,111,28,235,208,3,0,-0.8894615173339844,0.9897334575653076,10.714285714285714,1
seed_0111_1781012945::1,marimba,2,0,111,28,236,209,4,0,0.5164837837219238,0.8187992572784424,14.285714285714286,0
seed_0111_1781012945::10,marimba,2,0,111,24,234,211,0,0,0.9761906862258911,0.9105918407440186,0.0,0
seed_0111_1781012945::11,marimba,2,0,111,30,235,206,3,0,-0.06649613380432129,0.7321836948394775,10.0,0
seed_0111_1781012945::12,marimba,2,0,111,30,232,203,2,0,-0.8798794746398926,-0.2134871482849121,6.666666666666667,0
seed_0111_1781012945::13,marimba,2,0,111,30,233,204,2,0,0.2647864818572998,0.3904867172241211,6.666666666666667,0
seed_0111_1781012945::14,marimba,2,0,111,30,215,186,5,0,-0.8507578372955322,0.924708366394043,16.666666666666668,1
seed_0111_1781012945::15,marimba,2,0,111,30,194,165,0,0,0.3860299587249756,0.3790097236633301,0.0,0
seed_0111_1781012945::16,marimba,2,0,111,29,200,172,0,0,0.5409891605377197,0.9671125411987305,0.0,0
seed_0111_1781012945::17,marimba,2,0,111,15,16,2,0,0,0.46280550956726074,0.7927052974700928,0.0,0
seed_0111_1781012945::18,marimba,2,0,111,29,234,206,0,0,0.665040135383606,0.7989128828048706,0.0,0
seed_0111_1781012945::19,marimba,2,0,111,30,234,205,0,0,0.29779958724975586,0.32752084732055664,0.0,0
seed_0111_1781012945::2,marimba,2,0,111,28,234,207,0,0,0.5024833679199219,0.467767596244812,0.0,0
seed_0111_1781012945::20,marimba,2,0,111,28,234,207,0,0,0.7945663928985596,0.9337010383605957,0.0,0
seed_0111_1781012945::21,marimba,2,0,111,30,235,206,8,0,-0.5833818912506104,-0.016516685485839844,26.666666666666668,0
seed_0111_1781012945::22,marimba,2,0,111,30,235,206,1,0,-0.5257596969604492,0.385211706161499,3.3333333333333335,1
seed_0111_1781012945::23,marimba,2,0,111,30,203,174,1,0,-0.3860039710998535,1.4159648418426514,3.3333333333333335,1
seed_0111_1781012945::24,marimba,2,0,111,30,212,183,7,0,-0.21953725814819336,0.8054049015045166,23.333333333333332,2
seed_0111_1781012945::25,marimba,2,0,111,29,199,171,0,0,0.4651796817779541,0.5602016448974609,0.0,0
seed_0111_1781012945::3,marimba,2,0,111,15,235,221,0,0,0.7877041101455688,0.7869752645492554,0.0,0
seed_0111_1781012945::4,marimba,2,0,111,29,236,208,7,0,-0.3070805072784424,1.0238820314407349,24.137931034482758,0
seed_0111_1781012945::5,marimba,2,0,111,30,201,172,9,0,-0.5961081981658936,1.4788422584533691,30.0,1
seed_0111_1781012945::6,marimba,2,0,111,30,198,169,1,0,-0.4822969436645508,0.5256545543670654,3.3333333333333335,1
seed_0111_1781012945::7,marimba,2,0,111,26,205,180,0,0,0.630709171295166,1.2810925245285034,0.0,0
seed_0111_1781012945::8,marimba,2,0,111,15,17,3,0,0,0.38538694381713867,0.9852802753448486,0.0,0
seed_0111_1781012945::9,marimba,2,0,111,17,18,2,0,0,1.1194427013397217,0.9708442687988281,0.0,0
seed_0112_1781012854::0,marimba,2,0,112,30,290,261,2,0,0.4910855293273926,0.16948938369750977,6.666666666666667,0
seed_0112_1781012854::1,marimba,2,0,112,27,291,265,0,0,1.3427717685699463,1.2138478755950928,0.0,0
seed_0112_1781012854::10,marimba,2,0,112,29,291,263,0,0,0.90962815284729,1.1788640022277832,0.0,0
seed_0112_1781012854::11,marimba,2,0,112,30,289,260,0,0,0.699317216873169,0.9032106399536133,0.0,0
seed_0112_1781012854::12,marimba,2,0,112,30,287,258,0,0,0.41942524909973145,0.4421525001525879,0.0,0
seed_0112_1781012854::13,marimba,2,0,112,30,248,219,0,0,0.804194450378418,0.6074542999267578,0.0,0
seed_0112_1781012854::14,marimba,2,0,112,30,240,211,0,0,0.8268241882324219,1.6083269119262695,0.0,0
seed_0112_1781012854::15,marimba,2,0,112,25,241,217,0,0,1.3019652366638184,1.2400977611541748,0.0,0
seed_0112_1781012854::16,marimba,2,0,112,23,22,0,0,0,0.7594962120056152,1.1711311340332031,0.0,0
seed_0112_1781012854::17,marimba,2,0,112,21,21,1,4,0,0.49326443672180176,0.08831262588500977,19.047619047619047,0
seed_0112_1781012854::18,marimba,2,0,112,30,289,260,0,0,0.5284473896026611,0.4428679943084717,0.0,0
seed_0112_1781012854::19,marimba,2,0,112,30,291,262,0,0,0.22957968711853027,0.5644607543945312,0.0,0
seed_0112_1781012854::2,marimba,2,0,112,30,289,260,0,0,0.7874678373336792,0.9444117546081543,0.0,0
seed_0112_1781012854::20,marimba,2,0,112,30,291,262,5,0,-0.04901552200317383,0.20959019660949707,16.666666666666668,0
seed_0112_1781012854::21,marimba,2,0,112,30,251,222,0,0,0.6114556789398193,0.33881211280822754,0.0,0
seed_0112_1781012854::22,marimba,2,0,112,29,245,217,0,0,0.803065299987793,0.7126131057739258,0.0,0
seed_0112_1781012854::23,marimba,2,0,112,30,247,218,0,0,0.7837386131286621,0.9271435737609863,0.0,0
seed_0112_1781012854::3,marimba,2,0,112,30,288,259,0,0,0.5177690982818604,0.932971715927124,0.0,0
seed_0112_1781012854::4,marimba,2,0,112,30,245,216,0,0,1.0854032039642334,1.2571978569030762,0.0,0
seed_0112_1781012854::5,marimba,2,0,112,30,237,208,0,0,0.6924710273742676,1.0285189151763916,0.0,0
seed_0112_1781012854::6,marimba,2,0,112,29,243,215,0,0,0.5528030395507812,1.0425324440002441,0.0,0
seed_0112_1781012854::7,marimba,2,0,112,21,21,1,0,0,0.9089877605438232,0.8495035171508789,0.0,0
seed_0112_1781012854::8,marimba,2,0,112,29,289,261,0,0,0.8762986660003662,1.3246033191680908,0.0,0
seed_0112_1781012854::9,marimba,2,0,112,30,290,261,0,0,0.31026673316955566,0.42485976219177246,0.0,0
seed_0113_1781030692::0,marimba,2,0,113,25,237,213,1,0,-0.6009871959686279,0.6769658327102661,4.0,1
seed_0113_1781030692::1,marimba,2,0,113,30,236,207,1,0,-0.48915576934814453,0.7399759292602539,3.3333333333333335,1
seed_0113_1781030692::10,marimba,2,0,113,30,235,206,7,0,-0.13799524307250977,0.5256929397583008,23.333333333333332,0
seed_0113_1781030692::11,marimba,2,0,113,29,237,209,0,0,0.721124529838562,0.26346492767333984,0.0,0
seed_0113_1781030692::12,marimba,2,0,113,30,210,181,0,0,0.42222464084625244,0.8719346523284912,0.0,0
seed_0113_1781030692::13,marimba,2,0,113,30,212,183,0,0,0.8628199100494385,1.2701809406280518,0.0,0
seed_0113_1781030692::14,marimba,2,0,113,29,208,180,0,0,0.7060889005661011,0.7079932689666748,0.0,0
seed_0113_1781030692::15,marimba,2,0,113,17,18,2,0,0,0.8567631244659424,1.6327922344207764,0.0,0
seed_0113_1781030692::16,marimba,2,0,113,17,18,2,0,0,0.9245023727416992,1.7756593227386475,0.0,0
seed_0113_1781030692::17,marimba,2,0,113,24,237,214,5,0,-0.22951865196228027,1.022072672843933,20.833333333333332,1
seed_0113_1781030692::18,marimba,2,0,113,30,236,207,1,0,-0.7276043891906738,0.5482268333435059,3.3333333333333335,1
seed_0113_1781030692::19,marimba,2,0,113,25,237,213,0,0,1.0150364637374878,0.9402525424957275,0.0,0
seed_0113_1781030692::2,marimba,2,0,113,30,236,207,0,0,-0.3532545566558838,-0.2727968692779541,0.0,0
seed_0113_1781030692::20,marimba,2,0,113,30,237,208,0,0,-0.5224752426147461,-0.6971390247344971,0.0,0
seed_0113_1781030692::21,marimba,2,0,113,30,237,208,0,0,0.37303781509399414,0.6178618669509888,0.0,0
seed_0113_1781030692::22,marimba,2,0,113,30,204,175,0,0,0.7134943008422852,0.8565347194671631,0.0,0
seed_0113_1781030692::23,marimba,2,0,113,30,201,172,0,0,0.517200231552124,1.2404086589813232,0.0,0
seed_0113_1781030692::24,marimba,2,0,113,17,18,2,0,0,1.1809239387512207,1.6327922344207764,0.0,0
seed_0113_1781030692::3,marimba,2,0,113,30,235,206,1,0,-0.6733994483947754,0.6105399131774902,3.3333333333333335,1
seed_0113_1781030692::4,marimba,2,0,113,28,201,174,0,0,1.1445214748382568,1.2841060161590576,0.0,0
seed_0113_1781030692::5,marimba,2,0,113,30,206,177,0,0,1.3034329414367676,1.493098497390747,0.0,0
seed_0113_1781030692::6,marimba,2,0,113,30,208,179,0,0,-0.6272125244140625,-0.2548642158508301,0.0,0
seed_0113_1781030692::7,marimba,2,0,113,26,235,210,0,0,1.0590884685516357,0.7367494106292725,0.0,0
seed_0113_1781030692::8,marimba,2,0,113,28,236,209,0,0,0.5981378555297852,0.9676156044006348,0.0,0
seed_0113_1781030692::9,marimba,2,0,113,30,237,208,0,0,0.4931037425994873,0.6883184909820557,0.0,0
seed_0114_1781029272::0,marimba,2,1,114,30,232,203,2,0,0.411912202835083,0.9084630012512207,6.666666666666667,0
seed_0114_1781029272::1,marimba,2,1,114,27,232,206,1,0,-0.5657505989074707,0.9628419876098633,3.7037037037037037,1
seed_0114_1781029272::10,marimba,2,1,114,21,233,213,0,0,1.121401071548462,1.104437232017517,0.0,0
seed_0114_1781029272::11,marimba,2,1,114,30,235,206,3,0,-0.10962343215942383,0.3372492790222168,10.0,0
seed_0114_1781029272::12,marimba,2,1,114,30,234,205,0,0,0.4177786111831665,0.1737504005432129,0.0,0
seed_0114_1781029272::13,marimba,2,1,114,29,196,168,0,0,0.3531532287597656,0.8794111013412476,0.0,0
seed_0114_1781029272::14,marimba,2,1,114,29,202,174,2,0,0.2549154758453369,0.304959774017334,6.896551724137931,0
seed_0114_1781029272::15,marimba,2,1,114,18,21,4,0,0,0.8395569324493408,1.1839053630828857,0.0,0
seed_0114_1781029272::16,marimba,2,1,114,29,234,206,2,0,0.27327513694763184,0.5935561656951904,6.896551724137931,0
seed_0114_1781029272::17,marimba,2,1,114,27,235,209,0,0,0.34958744049072266,1.0813002586364746,0.0,0
seed_0114_1781029272::18,marimba,2,1,114,29,233,205,0,0,0.3201904296875,0.7220418453216553,0.0,0
seed_0114_1781029272::19,marimba,2,1,114,30,208,179,0,0,-1.1116595268249512,-0.3749074935913086,0.0,0
seed_0114_1781029272::2,marimba,2,1,114,30,234,205,7,0,-0.9331960678100586,0.5680751800537109,23.333333333333332,1
seed_0114_1781029272::20,marimba,2,1,114,26,189,164,0,0,0.9668581485748291,1.637021541595459,0.0,0
seed_0114_1781029272::21,marimba,2,1,114,29,212,184,0,0,-0.4559972286224365,-0.02101302146911621,0.0,0
seed_0114_1781029272::3,marimba,2,1,114,30,235,206,0,0,0.1509404182434082,0.8564684391021729,0.0,0
seed_0114_1781029272::4,marimba,2,1,114,30,234,205,1,0,-0.4905571937561035,0.7321689128875732,3.3333333333333335,1
seed_0114_1781029272::5,marimba,2,1,114,17,206,190,0,0,1.1874730587005615,0.7567253112792969,0.0,0
seed_0114_1781029272::6,marimba,2,1,114,29,203,175,0,0,1.0598969459533691,1.5503036975860596,0.0,0
seed_0114_1781029272::7,marimba,2,1,114,30,199,170,3,0,-0.42435789108276367,0.8830311298370361,10.0,1
seed_0114_1781029272::8,marimba,2,1,114,28,234,207,0,0,0.5616763830184937,0.493579626083374,0.0,0
seed_0114_1781029272::9,marimba,2,1,114,29,232,204,1,0,-0.304060697555542,0.6352028846740723,3.4482758620689653,1
seed_0115_1781047860::0,marimba,2,1,115,30,287,258,0,0,0.5726587772369385,0.5714812278747559,0.0,0
seed_0115_1781047860::1,marimba,2,1,115,11,290,280,0,0,0.5125349760055542,0.5871424674987793,0.0,0
seed_0115_1781047860::10,marimba,2,1,115,30,288,259,0,0,0.6594431400299072,1.0350978374481201,0.0,0
seed_0115_1781047860::11,marimba,2,1,115,30,246,217,0,0,-0.7023553848266602,-0.5118880271911621,0.0,0
seed_0115_1781047860::12,marimba,2,1,115,29,239,211,0,0,1.2481720447540283,1.3082654476165771,0.0,0
seed_0115_1781047860::13,marimba,2,1,115,30,243,214,2,0,-0.4384310245513916,-0.4515383243560791,6.666666666666667,0
seed_0115_1781047860::14,marimba,2,1,115,20,23,4,1,0,-0.4468810558319092,1.3327991962432861,5.0,1
seed_0115_1781047860::15,marimba,2,1,115,30,289,260,0,0,0.8277504444122314,0.3845527172088623,0.0,0
seed_0115_1781047860::16,marimba,2,1,115,27,288,262,0,0,0.7650692462921143,1.1882095336914062,0.0,0
seed_0115_1781047860::17,marimba,2,1,115,30,289,260,5,0,-0.05332374572753906,0.5414886474609375,16.666666666666668,0
seed_0115_1781047860::18,marimba,2,1,115,30,247,218,0,0,0.11940836906433105,0.3256716728210449,0.0,0
seed_0115_1781047860::19,marimba,2,1,115,30,247,218,0,0,1.1797235012054443,1.0255126953125,0.0,0
seed_0115_1781047860::2,marimba,2,1,115,30,287,258,9,0,0.14460301399230957,-0.20124292373657227,30.0,0
seed_0115_1781047860::20,marimba,2,1,115,23,24,2,1,0,0.4534127712249756,-0.4768102169036865,4.3478260869565215,1
seed_0115_1781047860::21,marimba,2,1,115,21,25,5,2,0,-0.3380720615386963,-0.25868701934814453,9.523809523809524,0
seed_0115_1781047860::3,marimba,2,1,115,30,289,260,0,0,0.7014756202697754,0.4005734920501709,0.0,0
seed_0115_1781047860::4,marimba,2,1,115,30,232,203,5,0,0.40889477729797363,-0.16562795639038086,16.666666666666668,0
seed_0115_1781047860::5,marimba,2,1,115,30,234,205,0,0,0.627812385559082,1.3264129161834717,0.0,0
seed_0115_1781047860::6,marimba,2,1,115,21,24,4,0,0,1.1618847846984863,1.7648897171020508,0.0,0
seed_0115_1781047860::7,marimba,2,1,115,25,290,266,0,0,1.14570152759552,0.8723486661911011,0.0,0
seed_0115_1781047860::8,marimba,2,1,115,30,287,258,0,0,0.1495816707611084,0.5207793712615967,0.0,0
seed_0115_1781047860::9,marimba,2,1,115,30,289,260,2,0,0.34203577041625977,0.3249344825744629,6.666666666666667,0
seed_0116_1781045281::0,marimba,2,1,116,30,237,208,4,0,0.2593414783477783,0.37088727951049805,13.333333333333334,0
seed_0116_1781045281::1,marimba,2,1,116,30,238,209,0,0,0.39118528366088867,0.7426552772521973,0.0,0
seed_0116_1781045281::10,marimba,2,1,116,30,234,205,0,0,-0.9773843288421631,-0.29491758346557617,0.0,0
seed_0116_1781045281::11,marimba,2,1,116,29,233,205,0,0,0.7273839712142944,1.4600194692611694,0.0,0
seed_0116_1781045281::12,marimba,2,1,116,29,234,206,7,0,-0.36938953399658203,0.5963543653488159,24.137931034482758,1
seed_0116_1781045281::13,marimba,2,1,116,24,234,211,0,0,1.028266429901123,1.3732514381408691,0.0,0
seed_0116_1781045281::14,marimba,2,1,116,30,235,206,10,0,-0.5583703517913818,-0.01706099510192871,33.333333333333336,1
seed_0116_1781045281::15,marimba,2,1,116,30,205,176,0,0,0.8843159675598145,1.4289519786834717,0.0,0
seed_0116_1781045281::16,marimba,2,1,116,30,200,171,0,0,1.7172198295593262,1.595489501953125,0.0,0
seed_0116_1781045281::17,marimba,2,1,116,29,203,175,7,0,-0.21046876907348633,1.1098740100860596,24.137931034482758,2
seed_0116_1781045281::18,marimba,2,1,116,23,24,2,0,0,0.8504531383514404,1.1519455909729004,0.0,0
seed_0116_1781045281::19,marimba,2,1,116,21,23,3,0,0,0.9238080978393555,1.6112933158874512,0.0,0
seed_0116_1781045281::2,marimba,2,1,116,30,238,209,8,0,0.17781877517700195,0.21686959266662598,26.666666666666668,0
seed_0116_1781045281::20,marimba,2,1,116,21,237,217,0,0,0.30942869186401367,0.9911229610443115,0.0,0
seed_0116_1781045281::21,marimba,2,1,116,30,235,206,2,0,-0.5785714387893677,-0.32981348037719727,6.666666666666667,0
seed_0116_1781045281::22,marimba,2,1,116,30,235,206,5,0,-0.3061957359313965,0.49308598041534424,16.666666666666668,1
seed_0116_1781045281::23,marimba,2,1,116,30,235,206,5,0,-0.11824750900268555,1.4151301383972168,16.666666666666668,0
seed_0116_1781045281::24,marimba,2,1,116,30,204,175,0,0,0.7424347400665283,1.2801640033721924,0.0,0
seed_0116_1781045281::25,marimba,2,1,116,29,199,171,0,0,0.3312666416168213,1.2962782382965088,0.0,0
seed_0116_1781045281::26,marimba,2,1,116,22,25,4,0,0,1.3001642227172852,1.5510015487670898,0.0,0
seed_0116_1781045281::3,marimba,2,1,116,26,237,212,7,0,-0.1103055477142334,1.2007064819335938,26.923076923076923,0
seed_0116_1781045281::4,marimba,2,1,116,30,237,208,3,0,-0.7663464546203613,0.34196901321411133,10.0,1
seed_0116_1781045281::5,marimba,2,1,116,30,208,179,0,0,0.46071648597717285,0.43651700019836426,0.0,0
seed_0116_1781045281::6,marimba,2,1,116,30,204,175,6,0,-0.14972782135009766,-0.4679713249206543,20.0,0
seed_0116_1781045281::7,marimba,2,1,116,28,219,192,1,0,-0.39571094512939453,1.0075123310089111,3.5714285714285716,1
seed_0116_1781045281::8,marimba,2,1,116,23,23,1,0,0,0.8541407585144043,2.3468000888824463,0.0,0
seed_0116_1781045281::9,marimba,2,1,116,17,23,7,0,0,1.123828411102295,1.9324829578399658,0.0,0
seed_0117_1781060711::0,marimba,2,2,117,27,235,209,5,0,-0.3358776569366455,0.9153305292129517,18.51851851851852,0
seed_0117_1781060711::1,marimba,2,2,117,30,233,204,3,0,-0.788750171661377,0.11856651306152344,10.0,0
seed_0117_1781060711::10,marimba,2,2,117,30,234,205,0,0,0.8053627014160156,0.9670116901397705,0.0,0
seed_0117_1781060711::11,marimba,2,2,117,13,209,197,0,0,0.9529789686203003,1.080283284187317,0.0,0
seed_0117_1781060711::12,marimba,2,2,117,30,199,170,0,0,1.1082048416137695,1.296939730644226,0.0,0
seed_0117_1781060711::13,marimba,2,2,117,30,208,179,3,0,-0.9426589012145996,0.1961681842803955,10.0,1
seed_0117_1781060711::14,marimba,2,2,117,13,15,3,0,0,0.6297042369842529,0.9665496349334717,0.0,0
seed_0117_1781060711::15,marimba,2,2,117,12,14,3,0,0,0.9082722663879395,0.4080829620361328,0.0,0
seed_0117_1781060711::16,marimba,2,2,117,29,232,204,9,0,-0.44865965843200684,0.666002631187439,31.03448275862069,1
seed_0117_1781060711::17,marimba,2,2,117,30,235,206,0,0,-0.5661115646362305,-0.3771939277648926,0.0,0
seed_0117_1781060711::18,marimba,2,2,117,29,230,202,7,0,0.2917201519012451,-0.06209516525268555,24.137931034482758,0
seed_0117_1781060711::19,marimba,2,2,117,29,234,206,5,0,-0.08050799369812012,0.9897990226745605,17.24137931034483,0
seed_0117_1781060711::2,marimba,2,2,117,30,234,205,4,0,-0.44115543365478516,-0.01007223129272461,13.333333333333334,1
seed_0117_1781060711::20,marimba,2,2,117,30,234,205,6,0,0.04042983055114746,1.5421147346496582,20.0,0
seed_0117_1781060711::21,marimba,2,2,117,30,216,187,1,0,-0.7408576011657715,0.31775951385498047,3.3333333333333335,1
seed_0117_1781060711::22,marimba,2,2,117,30,202,173,3,0,-0.18380522727966309,1.3294987678527832,10.0,1
seed_0117_1781060711::23,marimba,2,2,117,11,13,3,0,0,0.6945168972015381,0.7783015966415405,0.0,0
seed_0117_1781060711::3,marimba,2,2,117,30,210,181,3,0,-0.41389942169189453,0.6742923259735107,10.0,1
seed_0117_1781060711::4,marimba,2,2,117,30,209,180,6,0,0.3158376216888428,0.7126262187957764,20.0,0
seed_0117_1781060711::5,marimba,2,2,117,30,212,183,0,0,0.522085428237915,1.4156684875488281,0.0,0
seed_0117_1781060711::6,marimba,2,2,117,29,234,206,0,0,0.01791834831237793,0.6254246234893799,0.0,0
seed_0117_1781060711::7,marimba,2,2,117,23,235,213,0,0,0.15007972717285156,1.0769256353378296,0.0,0
seed_0117_1781060711::8,marimba,2,2,117,30,234,205,6,0,0.057015180587768555,0.24901795387268066,20.0,0
seed_0117_1781060711::9,marimba,2,2,117,26,236,211,6,0,0.04293489456176758,1.3865594863891602,23.076923076923077,1
seed_0118_1781061980::0,marimba,2,2,118,23,285,263,0,0,0.9741740226745605,0.9660201072692871,0.0,0
seed_0118_1781061980::1,marimba,2,2,118,30,286,257,4,0,0.2665364742279053,0.32644104957580566,13.333333333333334,0
seed_0118_1781061980::10,marimba,2,2,118,30,285,256,0,0,1.1751353740692139,0.8032436370849609,0.0,0
seed_0118_1781061980::11,marimba,2,2,118,20,285,266,0,0,1.0915603637695312,0.9301782846450806,0.0,0
seed_0118_1781061980::12,marimba,2,2,118,30,287,258,0,0,0.5609650611877441,0.22653627395629883,0.0,0
seed_0118_1781061980::13,marimba,2,2,118,30,243,214,7,0,-0.41250061988830566,0.17314934730529785,23.333333333333332,0
seed_0118_1781061980::14,marimba,2,2,118,30,247,218,0,0,1.282719612121582,0.6331315040588379,0.0,0
seed_0118_1781061980::15,marimba,2,2,118,30,246,217,5,0,1.341914415359497,-0.45616579055786133,16.666666666666668,1
seed_0118_1781061980::16,marimba,2,2,118,16,18,3,0,0,0.2518620491027832,0.5154948234558105,0.0,0
seed_0118_1781061980::17,marimba,2,2,118,14,18,5,0,0,0.5831325054168701,0.5296871662139893,0.0,0
seed_0118_1781061980::18,marimba,2,2,118,30,284,255,0,0,0.40253639221191406,0.6819570064544678,0.0,0
seed_0118_1781061980::19,marimba,2,2,118,30,284,255,4,0,0.06385684013366699,0.5845600366592407,13.333333333333334,0
seed_0118_1781061980::2,marimba,2,2,118,30,286,257,0,0,0.6514253616333008,0.5822477340698242,0.0,0
seed_0118_1781061980::20,marimba,2,2,118,27,286,260,0,0,0.8926455974578857,0.5784649848937988,0.0,0
seed_0118_1781061980::21,marimba,2,2,118,29,287,259,0,0,0.7285647392272949,0.3846290111541748,0.0,0
seed_0118_1781061980::22,marimba,2,2,118,29,231,203,6,0,0.09007406234741211,0.007847309112548828,20.689655172413794,0
seed_0118_1781061980::23,marimba,2,2,118,27,255,229,0,0,1.1659328937530518,0.5638866424560547,0.0,0
seed_0118_1781061980::24,marimba,2,2,118,16,18,3,0,0,0.27048397064208984,0.4248387813568115,0.0,0
seed_0118_1781061980::25,marimba,2,2,118,16,18,3,2,0,-0.017581939697265625,-0.559328556060791,12.5,0
seed_0118_1781061980::3,marimba,2,2,118,30,284,255,16,0,-0.0699007511138916,-0.01943349838256836,53.333333333333336,0
seed_0118_1781061980::4,marimba,2,2,118,29,243,215,0,0,1.043116807937622,0.8870089054107666,0.0,0
seed_0118_1781061980::5,marimba,2,2,118,30,241,212,0,0,0.7642529010772705,1.051494836807251,0.0,0
seed_0118_1781061980::6,marimba,2,2,118,30,257,228,0,0,0.5853331089019775,0.6015758514404297,0.0,0
seed_0118_1781061980::7,marimba,2,2,118,23,23,1,0,0,0.8328838348388672,0.6877608299255371,0.0,0
seed_0118_1781061980::8,marimba,2,2,118,25,25,1,0,0,0.5871438980102539,0.7179937362670898,0.0,0
seed_0118_1781061980::9,marimba,2,2,118,29,287,259,0,0,0.6498141288757324,0.403641939163208,0.0,0
seed_0120_1781077742::0,junco,0,0,120,30,264,235,0,0,2.1372830867767334,2.350113868713379,0.0,0
seed_0120_1781077742::1,junco,0,0,120,29,264,236,0,0,1.7432754039764404,2.374110221862793,0.0,0
seed_0120_1781077742::10,junco,0,0,120,30,265,236,0,0,1.1783387660980225,2.435002088546753,0.0,0
seed_0120_1781077742::11,junco,0,0,120,30,264,235,0,0,2.167273998260498,2.4160494804382324,0.0,0
seed_0120_1781077742::12,junco,0,0,120,17,18,2,0,0,3.1367571353912354,2.1405556201934814,0.0,0
seed_0120_1781077742::2,junco,0,0,120,11,264,254,0,0,3.0512406826019287,3.6459596157073975,0.0,0
seed_0120_1781077742::3,junco,0,0,120,29,263,235,0,0,2.7923531532287598,2.669682264328003,0.0,0
seed_0120_1781077742::4,junco,0,0,120,16,219,204,0,0,2.455817461013794,2.5081236362457275,0.0,0
seed_0120_1781077742::5,junco,0,0,120,20,19,0,0,0,1.9055869579315186,1.2866859436035156,0.0,0
seed_0120_1781077742::6,junco,0,0,120,19,18,0,0,0,2.7761545181274414,1.2866859436035156,0.0,0
seed_0120_1781077742::7,junco,0,0,120,11,263,253,0,0,2.8887925148010254,2.24548602104187,0.0,0
seed_0120_1781077742::8,junco,0,0,120,13,214,202,0,0,2.8112869262695312,2.6326851844787598,0.0,0
seed_0120_1781077742::9,junco,0,0,120,20,19,0,0,0,2.6891417503356934,1.2866859436035156,0.0,0
