image_idx,ground_truth_idx,ground_truth_label,correct_log_prob,correct_log_prob_norm,correct_n_tokens,correct_rank_approx,top1_label,top1_first_token_lp
0,91,coucal,-5.195487976074219,-1.731829325358073,3,2,bird,-1.0728836059570312e-06
1,171,Italian Greyhound,-9.870811462402344,-2.467702865600586,4,502,dog,-1.1920928955078125e-06
2,980,volcano,-1.9327716827392578,-0.6442572275797526,3,6,mountain,0.0
3,218,Welsh Springer Spaniel,-11.966869354248047,-1.9944782257080078,6,886,dog,-2.0265579223632812e-06
